,Unnamed: 0,Unnamed: 0.1,in_amount_mmol,p_amount_mmol,sol_amount_ml,TOP_amount_mmol,acid_amount_mmol,amine_amount_mmol,thiol_amount_mmol,zinc_amount_mmol,other_amount_mmol,total_volume_ml,temp_c,time_min,x0_chloroindium oxalate,x0_indium acetate,x0_indium bromide,x0_indium chloride,x0_indium iodide,x0_indium laurate,x0_indium myristate,x0_indium oxalate,x0_indium palmitate,x0_indium stearate,x0_indium trifluoroacetate,"x0_indium tris(N,N-diisopropylacetamidinato)",x1_bis(trimethylsilyl)phosphine,x1_phosphine gas,x1_phosphorus trichloride,x1_sodium phosphide,x1_tris(diethylamino)phosphine,x1_tris(dimethylamino)phosphine,x1_tris(trimethylgermyl)phosphine,x1_tris(trimethylsilyl)phosphine,x1_white phosphorus,x2_4-ethylpyridine,x2_None,x2_dimethylformamide,x2_mesitylene,x2_octadecene,x2_toluene,x3_None,x3_trioctylphosphine,x4_None,x4_lauric acid,x4_myristic acid,x4_oleic acid,x4_palmitic acid,x4_stearic acid,x5_None,x5_dioctylamine,x5_dodecylamine,x5_hexadecylamine,x5_octylamine,x5_oleylamine,x6_None,x6_dodecanethiol,x7_None,x7_zinc acetate,x7_zinc bromide,x7_zinc chloride,x7_zinc iodide,x7_zinc octanoate,x7_zinc oleate,x7_zinc stearate,x7_zinc undecylenate,x8_None,x8_acetic acid,x8_copper bromide,x8_oleic acid,x8_superhydride,x8_tetrabutylammonium myristate,x8_trioctylamine,x8_trioctylphosphine oxide,x8_water,x8_zinc iodide,diameter_nm,abs_nm,emission_nm
0,0,0,2.9491699692136715,0.8695846115614648,-0.6442996468265377,2.093509493436017,-0.4226039786336802,-0.5999731997039042,-0.1855900239260307,-0.5810114286624548,8.487470281888184,0.185018958074579,1.100219839088533,3.672863318092844,1.0,0.0,0.0,0.0,0.0,0.0,0.0,0.0,0.0,0.0,0.0,0.0,0.0,0.0,0.0,0.0,0.0,0.0,0.0,1.0,0.0,0.0,1.0,0.0,0.0,0.0,0.0,0.0,1.0,1.0,0.0,0.0,0.0,0.0,0.0,1.0,0.0,0.0,0.0,0.0,0.0,1.0,0.0,1.0,0.0,0.0,0.0,0.0,0.0,0.0,0.0,0.0,0.0,0.0,0.0,0.0,0.0,0.0,0.0,1.0,0.0,0.0,None,599.0,612
7,7,7,-0.2382133014584378,-0.3194283129284451,1.248802058731007,-0.2860024936341677,0.154352193497013,-0.5999731997039042,-0.1855900239260307,-0.5810114286624548,2.110740784925483,1.1754049453487956,0.4997004682969219,-0.0710492153025215,0.0,1.0,0.0,0.0,0.0,0.0,0.0,0.0,0.0,0.0,0.0,0.0,0.0,0.0,1.0,0.0,0.0,0.0,0.0,0.0,0.0,0.0,0.0,0.0,0.0,1.0,0.0,1.0,0.0,0.0,0.0,0.0,0.0,0.0,1.0,1.0,0.0,0.0,0.0,0.0,0.0,1.0,0.0,1.0,0.0,0.0,0.0,0.0,0.0,0.0,0.0,0.0,0.0,0.0,0.0,0.0,1.0,0.0,0.0,0.0,0.0,0.0,3.5,562.0,618
13,13,13,-0.3243587952603867,-0.5466282348054979,-0.2823831442934777,-0.2860024936341677,0.2312796831144388,-0.3798488042868118,-0.1855900239260307,-0.5810114286624548,-0.2477756046851762,-0.3917643815263474,-0.9015113968835038,-0.282103108116476,0.0,1.0,0.0,0.0,0.0,0.0,0.0,0.0,0.0,0.0,0.0,0.0,0.0,0.0,0.0,0.0,0.0,0.0,0.0,1.0,0.0,0.0,0.0,0.0,0.0,1.0,0.0,1.0,0.0,0.0,0.0,1.0,0.0,0.0,0.0,0.0,0.0,0.0,0.0,1.0,0.0,1.0,0.0,1.0,0.0,0.0,0.0,0.0,0.0,0.0,0.0,0.0,1.0,0.0,0.0,0.0,0.0,0.0,0.0,0.0,0.0,0.0,3.7,580.0,588
20,20,20,0.1925141675513066,0.0592382235333096,-0.5886201848983746,-0.2860024936341677,-0.4226039786336802,-0.5999731997039042,5.450847739753421,1.070008687439704,-0.2477756046851762,-0.7053207298499398,-0.9015113968835038,-0.2362218270699641,0.0,1.0,0.0,0.0,0.0,0.0,0.0,0.0,0.0,0.0,0.0,0.0,0.0,0.0,0.0,0.0,0.0,0.0,0.0,1.0,0.0,0.0,0.0,0.0,0.0,1.0,0.0,1.0,0.0,1.0,0.0,0.0,0.0,0.0,0.0,1.0,0.0,0.0,0.0,0.0,0.0,0.0,1.0,0.0,0.0,0.0,0.0,0.0,1.0,0.0,0.0,0.0,1.0,0.0,0.0,0.0,0.0,0.0,0.0,0.0,0.0,0.0,None,487.5,500
21,21,21,0.1925141675513066,0.0592382235333096,-0.5886201848983746,-0.2860024936341677,-0.4226039786336802,-0.5999731997039042,5.450847739753421,1.070008687439704,-0.2477756046851762,-0.7053207298499398,-0.9015113968835038,-0.1811642898141499,0.0,1.0,0.0,0.0,0.0,0.0,0.0,0.0,0.0,0.0,0.0,0.0,0.0,0.0,0.0,0.0,0.0,0.0,0.0,1.0,0.0,0.0,0.0,0.0,0.0,1.0,0.0,1.0,0.0,1.0,0.0,0.0,0.0,0.0,0.0,1.0,0.0,0.0,0.0,0.0,0.0,0.0,1.0,0.0,0.0,0.0,0.0,0.0,1.0,0.0,0.0,0.0,1.0,0.0,0.0,0.0,0.0,0.0,0.0,0.0,0.0,0.0,None,487.5,520
22,22,22,0.1925141675513066,0.0592382235333096,-0.5886201848983746,-0.2860024936341677,-0.4226039786336802,-0.5999731997039042,5.450847739753421,1.070008687439704,-0.2477756046851762,-0.7053207298499398,-0.9015113968835038,-0.0710492153025215,0.0,1.0,0.0,0.0,0.0,0.0,0.0,0.0,0.0,0.0,0.0,0.0,0.0,0.0,0.0,0.0,0.0,0.0,0.0,1.0,0.0,0.0,0.0,0.0,0.0,1.0,0.0,1.0,0.0,1.0,0.0,0.0,0.0,0.0,0.0,1.0,0.0,0.0,0.0,0.0,0.0,0.0,1.0,0.0,0.0,0.0,0.0,0.0,1.0,0.0,0.0,0.0,1.0,0.0,0.0,0.0,0.0,0.0,0.0,0.0,0.0,0.0,None,487.5,538
23,23,23,0.1925141675513066,0.0592382235333096,-0.5886201848983746,-0.2860024936341677,-0.4226039786336802,-0.5999731997039042,5.450847739753421,1.070008687439704,-0.2477756046851762,-0.7053207298499398,-0.5011651496890964,-0.2224574427560106,0.0,1.0,0.0,0.0,0.0,0.0,0.0,0.0,0.0,0.0,0.0,0.0,0.0,0.0,0.0,0.0,0.0,0.0,0.0,1.0,0.0,0.0,0.0,0.0,0.0,1.0,0.0,1.0,0.0,1.0,0.0,0.0,0.0,0.0,0.0,1.0,0.0,0.0,0.0,0.0,0.0,0.0,1.0,0.0,0.0,0.0,0.0,0.0,1.0,0.0,0.0,0.0,1.0,0.0,0.0,0.0,0.0,0.0,0.0,0.0,0.0,0.0,None,487.5,540
24,24,24,0.1925141675513066,0.0592382235333096,-0.5886201848983746,-0.2860024936341677,-0.4226039786336802,-0.5999731997039042,5.450847739753421,1.070008687439704,-0.2477756046851762,-0.7053207298499398,1.100219839088533,-0.2637505956978712,0.0,1.0,0.0,0.0,0.0,0.0,0.0,0.0,0.0,0.0,0.0,0.0,0.0,0.0,0.0,0.0,0.0,0.0,0.0,1.0,0.0,0.0,0.0,0.0,0.0,1.0,0.0,1.0,0.0,1.0,0.0,0.0,0.0,0.0,0.0,1.0,0.0,0.0,0.0,0.0,0.0,0.0,1.0,0.0,0.0,0.0,0.0,0.0,1.0,0.0,0.0,0.0,1.0,0.0,0.0,0.0,0.0,0.0,0.0,0.0,0.0,0.0,None,487.5,590
25,25,25,0.1925141675513066,0.0592382235333096,-0.5886201848983746,-0.2860024936341677,-0.4226039786336802,-0.5999731997039042,5.450847739753421,1.070008687439704,-0.2477756046851762,-0.7053207298499398,1.100219839088533,-0.1811642898141499,0.0,1.0,0.0,0.0,0.0,0.0,0.0,0.0,0.0,0.0,0.0,0.0,0.0,0.0,0.0,0.0,0.0,0.0,0.0,1.0,0.0,0.0,0.0,0.0,0.0,1.0,0.0,1.0,0.0,1.0,0.0,0.0,0.0,0.0,0.0,1.0,0.0,0.0,0.0,0.0,0.0,0.0,1.0,0.0,0.0,0.0,0.0,0.0,1.0,0.0,0.0,0.0,1.0,0.0,0.0,0.0,0.0,0.0,0.0,0.0,0.0,0.0,None,487.5,600
26,26,26,0.1925141675513066,0.0592382235333096,-0.5886201848983746,-0.2860024936341677,-0.4226039786336802,-0.5999731997039042,5.450847739753421,1.070008687439704,-0.2477756046851762,-0.7053207298499398,0.0993542211025146,-0.2637505956978712,0.0,1.0,0.0,0.0,0.0,0.0,0.0,0.0,0.0,0.0,0.0,0.0,0.0,0.0,0.0,0.0,0.0,0.0,0.0,1.0,0.0,0.0,0.0,0.0,0.0,1.0,0.0,1.0,0.0,1.0,0.0,0.0,0.0,0.0,0.0,1.0,0.0,0.0,0.0,0.0,0.0,0.0,1.0,0.0,0.0,0.0,0.0,0.0,1.0,0.0,0.0,0.0,1.0,0.0,0.0,0.0,0.0,0.0,0.0,0.0,0.0,0.0,None,487.5,560
30,30,30,-0.5827952766662334,-0.6223615420978489,-0.2684632788114369,-0.2860024936341677,-0.0725839008743929,-0.5999731997039042,-0.1855900239260307,-0.4984604228573469,-0.2477756046851762,-0.3918757296614055,1.5005660862829404,-0.282103108116476,0.0,1.0,0.0,0.0,0.0,0.0,0.0,0.0,0.0,0.0,0.0,0.0,0.0,0.0,0.0,0.0,0.0,0.0,0.0,1.0,0.0,0.0,0.0,0.0,0.0,1.0,0.0,1.0,0.0,0.0,0.0,0.0,1.0,0.0,0.0,1.0,0.0,0.0,0.0,0.0,0.0,1.0,0.0,0.0,0.0,0.0,0.0,0.0,0.0,1.0,0.0,0.0,1.0,0.0,0.0,0.0,0.0,0.0,0.0,0.0,0.0,0.0,None,455.0,507
31,31,31,-0.5827952766662334,-0.6223615420978489,-0.2684632788114369,-0.2860024936341677,-0.3195211425463297,-0.5999731997039042,-0.1855900239260307,-0.4984604228573469,-0.2477756046851762,-0.3918757296614055,1.5005660862829404,-0.282103108116476,0.0,1.0,0.0,0.0,0.0,0.0,0.0,0.0,0.0,0.0,0.0,0.0,0.0,0.0,0.0,0.0,0.0,0.0,0.0,1.0,0.0,0.0,0.0,0.0,0.0,1.0,0.0,1.0,0.0,0.0,0.0,0.0,1.0,0.0,0.0,1.0,0.0,0.0,0.0,0.0,0.0,1.0,0.0,0.0,0.0,0.0,0.0,0.0,0.0,1.0,0.0,0.0,1.0,0.0,0.0,0.0,0.0,0.0,0.0,0.0,0.0,0.0,None,460.0,518
32,32,32,-0.5827952766662334,-0.6223615420978489,-0.2684632788114369,-0.2860024936341677,-0.3118283935845871,-0.5999731997039042,-0.1855900239260307,-0.4984604228573469,-0.2477756046851762,-0.3918757296614055,1.5005660862829404,-0.282103108116476,0.0,1.0,0.0,0.0,0.0,0.0,0.0,0.0,0.0,0.0,0.0,0.0,0.0,0.0,0.0,0.0,0.0,0.0,0.0,1.0,0.0,0.0,0.0,0.0,0.0,1.0,0.0,1.0,0.0,0.0,0.0,0.0,1.0,0.0,0.0,1.0,0.0,0.0,0.0,0.0,0.0,1.0,0.0,0.0,0.0,0.0,0.0,0.0,0.0,1.0,0.0,0.0,1.0,0.0,0.0,0.0,0.0,0.0,0.0,0.0,0.0,0.0,None,457.0,522
33,33,33,-0.5827952766662334,-0.6223615420978489,-0.2684632788114369,-0.2860024936341677,-0.3041356446228445,-0.5999731997039042,-0.1855900239260307,-0.4984604228573469,-0.2477756046851762,-0.3918757296614055,1.5005660862829404,-0.282103108116476,0.0,1.0,0.0,0.0,0.0,0.0,0.0,0.0,0.0,0.0,0.0,0.0,0.0,0.0,0.0,0.0,0.0,0.0,0.0,1.0,0.0,0.0,0.0,0.0,0.0,1.0,0.0,1.0,0.0,0.0,0.0,0.0,1.0,0.0,0.0,1.0,0.0,0.0,0.0,0.0,0.0,1.0,0.0,0.0,0.0,0.0,0.0,0.0,0.0,1.0,0.0,0.0,1.0,0.0,0.0,0.0,0.0,0.0,0.0,0.0,0.0,0.0,None,456.0,525
34,34,34,-0.5827952766662334,-0.6223615420978489,-0.2684632788114369,-0.2860024936341677,-0.3272138915080723,-0.5999731997039042,-0.1855900239260307,-0.4984604228573469,-0.2477756046851762,-0.3918757296614055,1.5005660862829404,-0.282103108116476,0.0,1.0,0.0,0.0,0.0,0.0,0.0,0.0,0.0,0.0,0.0,0.0,0.0,0.0,0.0,0.0,0.0,0.0,0.0,1.0,0.0,0.0,0.0,0.0,0.0,1.0,0.0,1.0,0.0,0.0,0.0,0.0,1.0,0.0,0.0,1.0,0.0,0.0,0.0,0.0,0.0,1.0,0.0,0.0,0.0,0.0,0.0,0.0,0.0,1.0,0.0,0.0,1.0,0.0,0.0,0.0,0.0,0.0,0.0,0.0,0.0,0.0,None,470.0,530
35,35,35,-0.4966497828642846,-0.6223615420978489,-0.0875050275449069,-0.2860024936341677,-0.1918215097814029,-0.5999731997039042,-0.1855900239260307,-0.5810114286624548,-0.2477756046851762,-0.2109350101920028,1.5005660862829404,-0.2729268519071736,0.0,1.0,0.0,0.0,0.0,0.0,0.0,0.0,0.0,0.0,0.0,0.0,0.0,0.0,0.0,0.0,0.0,0.0,0.0,1.0,0.0,0.0,0.0,0.0,0.0,1.0,0.0,1.0,0.0,0.0,0.0,1.0,0.0,0.0,0.0,1.0,0.0,0.0,0.0,0.0,0.0,1.0,0.0,1.0,0.0,0.0,0.0,0.0,0.0,0.0,0.0,0.0,1.0,0.0,0.0,0.0,0.0,0.0,0.0,0.0,0.0,0.0,4,525.0,558
39,39,39,2.776878981609773,0.8165712964568193,0.3022512059522346,-0.2860024936341677,5.154639018629688,-0.5999731997039042,-0.1855900239260307,-0.5810114286624548,-0.2477756046851762,0.1787834625113258,1.200306400887135,-0.2729268519071736,0.0,1.0,0.0,0.0,0.0,0.0,0.0,0.0,0.0,0.0,0.0,0.0,0.0,0.0,0.0,0.0,0.0,0.0,0.0,1.0,0.0,0.0,0.0,0.0,0.0,1.0,0.0,1.0,0.0,0.0,0.0,1.0,0.0,0.0,0.0,1.0,0.0,0.0,0.0,0.0,0.0,1.0,0.0,1.0,0.0,0.0,0.0,0.0,0.0,0.0,0.0,0.0,1.0,0.0,0.0,0.0,0.0,0.0,0.0,0.0,0.0,0.0,2.4,530.0,579
40,40,40,2.776878981609773,0.8165712964568193,-0.0797099028749641,-0.2860024936341677,5.154639018629688,-0.5999731997039042,-0.1855900239260307,-0.5810114286624548,-0.2477756046851762,0.0674353274532319,1.6006526480815422,-0.2729268519071736,0.0,1.0,0.0,0.0,0.0,0.0,0.0,0.0,0.0,0.0,0.0,0.0,0.0,0.0,0.0,0.0,0.0,0.0,0.0,1.0,0.0,0.0,0.0,0.0,0.0,1.0,0.0,1.0,0.0,0.0,0.0,0.0,1.0,0.0,0.0,1.0,0.0,0.0,0.0,0.0,0.0,1.0,0.0,1.0,0.0,0.0,0.0,0.0,0.0,0.0,0.0,0.0,1.0,0.0,0.0,0.0,0.0,0.0,0.0,0.0,0.0,0.0,3.1,555.0,595
41,41,41,-0.1520678076564889,-0.395161620220796,-0.0875050275449069,0.1105828374852358,0.2697434279231517,-0.5999731997039042,-0.1855900239260307,0.4096006409988405,1.6390375070033507,-0.1552609426629559,0.2995273446997183,-0.2362218270699641,0.0,1.0,0.0,0.0,0.0,0.0,0.0,0.0,0.0,0.0,0.0,0.0,0.0,0.0,0.0,0.0,0.0,0.0,0.0,1.0,0.0,0.0,0.0,0.0,0.0,1.0,0.0,0.0,1.0,0.0,1.0,0.0,0.0,0.0,0.0,1.0,0.0,0.0,0.0,0.0,0.0,1.0,0.0,0.0,1.0,0.0,0.0,0.0,0.0,0.0,0.0,0.0,0.0,0.0,0.0,1.0,0.0,0.0,0.0,0.0,0.0,0.0,2,430.0,477
43,43,43,0.3648051551552044,-0.2383936741256295,0.0238538963114192,-0.2860024936341677,0.9620908344799836,-0.5999731997039042,-0.1855900239260307,-0.5810114286624548,-0.2477756046851762,-0.0995868751339089,0.0993542211025146,-0.2775149800118248,0.0,1.0,0.0,0.0,0.0,0.0,0.0,0.0,0.0,0.0,0.0,0.0,0.0,0.0,0.0,0.0,0.0,0.0,0.0,1.0,0.0,0.0,0.0,0.0,0.0,1.0,0.0,1.0,0.0,0.0,0.0,0.0,0.0,0.0,1.0,1.0,0.0,0.0,0.0,0.0,0.0,1.0,0.0,1.0,0.0,0.0,0.0,0.0,0.0,0.0,0.0,0.0,1.0,0.0,0.0,0.0,0.0,0.0,0.0,0.0,0.0,0.0,None,498.0,542
44,44,44,0.3648051551552044,-0.2383936741256295,0.0238538963114192,-0.2860024936341677,0.9620908344799836,-0.5999731997039042,-0.1855900239260307,-0.5810114286624548,-0.2477756046851762,-0.0995868751339089,0.0993542211025146,-0.2866912362211271,0.0,1.0,0.0,0.0,0.0,0.0,0.0,0.0,0.0,0.0,0.0,0.0,0.0,0.0,0.0,0.0,0.0,0.0,0.0,1.0,0.0,0.0,0.0,0.0,0.0,1.0,0.0,1.0,0.0,0.0,0.0,0.0,0.0,1.0,0.0,1.0,0.0,0.0,0.0,0.0,0.0,1.0,0.0,1.0,0.0,0.0,0.0,0.0,0.0,0.0,0.0,0.0,1.0,0.0,0.0,0.0,0.0,0.0,0.0,0.0,0.0,0.0,None,502.0,548
45,45,45,0.3648051551552044,-0.2383936741256295,0.0238538963114192,-0.2860024936341677,0.9620908344799836,-0.5999731997039042,-0.1855900239260307,-0.5810114286624548,-0.2477756046851762,-0.0995868751339089,0.0993542211025146,-0.2866912362211271,0.0,1.0,0.0,0.0,0.0,0.0,0.0,0.0,0.0,0.0,0.0,0.0,0.0,0.0,0.0,0.0,0.0,0.0,0.0,1.0,0.0,0.0,0.0,0.0,0.0,1.0,0.0,1.0,0.0,0.0,0.0,1.0,0.0,0.0,0.0,1.0,0.0,0.0,0.0,0.0,0.0,1.0,0.0,1.0,0.0,0.0,0.0,0.0,0.0,0.0,0.0,0.0,1.0,0.0,0.0,0.0,0.0,0.0,0.0,0.0,0.0,0.0,None,512.0,554
46,46,46,0.3648051551552044,-0.2383936741256295,0.0238538963114192,-0.2860024936341677,0.9620908344799836,-0.5999731997039042,-0.1855900239260307,-0.5810114286624548,-0.2477756046851762,-0.0995868751339089,0.0993542211025146,-0.2775149800118248,0.0,1.0,0.0,0.0,0.0,0.0,0.0,0.0,0.0,0.0,0.0,0.0,0.0,0.0,0.0,0.0,0.0,0.0,0.0,1.0,0.0,0.0,0.0,0.0,0.0,1.0,0.0,1.0,0.0,0.0,0.0,0.0,1.0,0.0,0.0,1.0,0.0,0.0,0.0,0.0,0.0,1.0,0.0,1.0,0.0,0.0,0.0,0.0,0.0,0.0,0.0,0.0,1.0,0.0,0.0,0.0,0.0,0.0,0.0,0.0,0.0,0.0,None,512.0,558
48,48,48,-0.4966497828642846,-0.6223615420978489,-0.0875050275449069,-0.0877098280744659,-0.1918215097814029,-0.5999731997039042,-0.1855900239260307,-0.5810114286624548,-0.2477756046851762,-0.1830979764274793,1.100219839088533,-0.2729268519071736,0.0,1.0,0.0,0.0,0.0,0.0,0.0,0.0,0.0,0.0,0.0,0.0,0.0,0.0,0.0,0.0,0.0,0.0,0.0,1.0,0.0,0.0,0.0,0.0,0.0,1.0,0.0,0.0,1.0,0.0,0.0,0.0,0.0,1.0,0.0,1.0,0.0,0.0,0.0,0.0,0.0,1.0,0.0,1.0,0.0,0.0,0.0,0.0,0.0,0.0,0.0,0.0,1.0,0.0,0.0,0.0,0.0,0.0,0.0,0.0,0.0,0.0,3.26,584.0,615
49,49,49,-0.5827952766662334,-0.6223615420978489,-0.0875050275449069,-0.2860024936341677,-0.3072127442075416,-0.5999731997039042,-0.1855900239260307,-0.4736951211158144,-0.2477756046851762,-0.2109350101920028,1.5005660862829404,-0.282103108116476,0.0,1.0,0.0,0.0,0.0,0.0,0.0,0.0,0.0,0.0,0.0,0.0,0.0,0.0,0.0,0.0,0.0,0.0,0.0,1.0,0.0,0.0,0.0,0.0,0.0,1.0,0.0,1.0,0.0,0.0,0.0,0.0,1.0,0.0,0.0,1.0,0.0,0.0,0.0,0.0,0.0,1.0,0.0,0.0,0.0,0.0,0.0,0.0,0.0,1.0,0.0,0.0,1.0,0.0,0.0,0.0,0.0,0.0,0.0,0.0,0.0,0.0,None,460.0,480
69,69,69,-0.06592231385454,-0.4330282738669715,1.5828788302999854,-0.2860024936341677,0.3851346623492904,-0.5999731997039042,-0.1855900239260307,-0.5810114286624548,-0.2477756046851762,1.4592870156794058,0.9000467154913293,-0.1261067525583357,0.0,1.0,0.0,0.0,0.0,0.0,0.0,0.0,0.0,0.0,0.0,0.0,0.0,0.0,0.0,0.0,0.0,0.0,0.0,1.0,0.0,0.0,0.0,0.0,0.0,1.0,0.0,1.0,0.0,0.0,0.0,0.0,0.0,1.0,0.0,1.0,0.0,0.0,0.0,0.0,0.0,1.0,0.0,1.0,0.0,0.0,0.0,0.0,0.0,0.0,0.0,0.0,1.0,0.0,0.0,0.0,0.0,0.0,0.0,0.0,0.0,0.0,2.7,532.0,591
98,98,98,-0.4966497828642846,-0.554201565534733,0.1908922820959084,-0.2860024936341677,-0.1918215097814029,-0.5999731997039042,-0.1855900239260307,-0.5810114286624548,-0.2477756046851762,0.0674353274532319,0.2995273446997183,-0.2729268519071736,0.0,1.0,0.0,0.0,0.0,0.0,0.0,0.0,0.0,0.0,0.0,0.0,0.0,1.0,0.0,0.0,0.0,0.0,0.0,0.0,0.0,0.0,0.0,0.0,0.0,1.0,0.0,1.0,0.0,0.0,0.0,1.0,0.0,0.0,0.0,1.0,0.0,0.0,0.0,0.0,0.0,1.0,0.0,1.0,0.0,0.0,0.0,0.0,0.0,0.0,0.0,0.0,1.0,0.0,0.0,0.0,0.0,0.0,0.0,0.0,0.0,0.0,None,590.0,610
102,102,102,-0.1520678076564889,-0.395161620220796,-0.0875050275449069,0.1105828374852358,0.2697434279231517,-0.5999731997039042,-0.1855900239260307,0.4096006409988405,-0.2477756046851762,-0.1552609426629559,0.2995273446997183,-0.2362218270699641,0.0,1.0,0.0,0.0,0.0,0.0,0.0,0.0,0.0,0.0,0.0,0.0,0.0,0.0,0.0,0.0,0.0,0.0,0.0,1.0,0.0,0.0,0.0,0.0,0.0,1.0,0.0,0.0,1.0,0.0,1.0,0.0,0.0,0.0,0.0,1.0,0.0,0.0,0.0,0.0,0.0,1.0,0.0,0.0,0.0,0.0,0.0,0.0,0.0,1.0,0.0,0.0,1.0,0.0,0.0,0.0,0.0,0.0,0.0,0.0,0.0,0.0,2,430.0,477
103,103,103,-0.6000243754266232,-0.6375082035563191,-0.2545434133293962,-0.2860024936341677,-0.3225982421310267,-0.5449421008496311,-0.1855900239260307,-0.5810114286624548,-0.2477756046851762,-0.3744497465248138,-0.5011651496890964,-0.2637505956978712,0.0,1.0,0.0,0.0,0.0,0.0,0.0,0.0,0.0,0.0,0.0,0.0,0.0,0.0,0.0,0.0,0.0,0.0,0.0,1.0,0.0,0.0,0.0,0.0,0.0,1.0,0.0,1.0,0.0,0.0,0.0,1.0,0.0,0.0,0.0,0.0,0.0,0.0,0.0,1.0,0.0,1.0,0.0,1.0,0.0,0.0,0.0,0.0,0.0,0.0,0.0,0.0,1.0,0.0,0.0,0.0,0.0,0.0,0.0,0.0,0.0,0.0,2.1,460.0,590
110,110,110,0.1925141675513066,-0.3201856460013685,3.531659997785693,-0.2860024936341677,0.7313083656277063,-0.5999731997039042,-0.1855900239260307,-0.5810114286624548,-0.2477756046851762,3.407879379196049,0.9000467154913293,-0.1261067525583357,0.0,1.0,0.0,0.0,0.0,0.0,0.0,0.0,0.0,0.0,0.0,0.0,0.0,0.0,0.0,0.0,0.0,0.0,0.0,1.0,0.0,0.0,0.0,0.0,0.0,1.0,0.0,1.0,0.0,0.0,0.0,1.0,0.0,0.0,0.0,1.0,0.0,0.0,0.0,0.0,0.0,1.0,0.0,1.0,0.0,0.0,0.0,0.0,0.0,0.0,0.0,0.0,1.0,0.0,0.0,0.0,0.0,0.0,0.0,0.0,0.0,0.0,4,585.0,630
112,112,112,0.1925141675513066,0.0592382235333096,-0.6442996468265377,-0.2860024936341677,-0.4226039786336802,-0.5999731997039042,5.450847739753421,1.070008687439704,-0.2477756046851762,-0.7609947973789868,1.5005660862829404,-0.2637505956978712,0.0,1.0,0.0,0.0,0.0,0.0,0.0,0.0,0.0,0.0,0.0,0.0,0.0,0.0,0.0,0.0,0.0,0.0,0.0,1.0,0.0,0.0,1.0,0.0,0.0,0.0,0.0,1.0,0.0,1.0,0.0,0.0,0.0,0.0,0.0,1.0,0.0,0.0,0.0,0.0,0.0,0.0,1.0,0.0,0.0,0.0,0.0,0.0,0.0,0.0,1.0,0.0,1.0,0.0,0.0,0.0,0.0,0.0,0.0,0.0,0.0,0.0,None,539.0,480
113,113,113,-0.3243587952603867,-0.395161620220796,-0.4772612610420485,-0.2860024936341677,-0.4226039786336802,-0.3827451779107209,-0.1855900239260307,-0.5810114286624548,-0.2477756046851762,-0.5731504935359824,-0.9415460216029444,-0.2876088618420574,0.0,1.0,0.0,0.0,0.0,0.0,0.0,0.0,0.0,0.0,0.0,0.0,0.0,0.0,0.0,0.0,0.0,0.0,0.0,1.0,0.0,0.0,0.0,0.0,0.0,1.0,0.0,1.0,0.0,1.0,0.0,0.0,0.0,0.0,0.0,0.0,0.0,0.0,0.0,0.0,1.0,1.0,0.0,1.0,0.0,0.0,0.0,0.0,0.0,0.0,0.0,0.0,1.0,0.0,0.0,0.0,0.0,0.0,0.0,0.0,0.0,0.0,1.5,445.0,568
114,114,114,0.3648051551552044,0.2107048381180115,-0.4772612610420485,-0.2860024936341677,-0.4226039786336802,-0.3827451779107209,-0.1855900239260307,-0.5810114286624548,-0.2477756046851762,-0.5731504935359824,-0.9415460216029444,-0.2619153444560108,0.0,1.0,0.0,0.0,0.0,0.0,0.0,0.0,0.0,0.0,0.0,0.0,0.0,0.0,0.0,0.0,0.0,0.0,0.0,1.0,0.0,0.0,0.0,0.0,0.0,1.0,0.0,1.0,0.0,1.0,0.0,0.0,0.0,0.0,0.0,0.0,0.0,0.0,0.0,0.0,1.0,1.0,0.0,1.0,0.0,0.0,0.0,0.0,0.0,0.0,0.0,0.0,1.0,0.0,0.0,0.0,0.0,0.0,0.0,0.0,0.0,0.0,2.5,543.0,589
115,115,115,0.3648051551552044,0.2107048381180115,-0.4772612610420485,-0.2860024936341677,-0.4226039786336802,-0.5275638591061764,-0.1855900239260307,-0.5810114286624548,-0.2477756046851762,-0.5922466986984455,-0.9415460216029444,0.4795261572556202,0.0,1.0,0.0,0.0,0.0,0.0,0.0,0.0,0.0,0.0,0.0,0.0,0.0,0.0,0.0,0.0,0.0,0.0,0.0,1.0,0.0,0.0,0.0,0.0,0.0,1.0,0.0,1.0,0.0,1.0,0.0,0.0,0.0,0.0,0.0,0.0,1.0,0.0,0.0,0.0,0.0,1.0,0.0,1.0,0.0,0.0,0.0,0.0,0.0,0.0,0.0,0.0,1.0,0.0,0.0,0.0,0.0,0.0,0.0,0.0,0.0,0.0,6.7,622.0,680
118,118,118,-0.5827952766662334,-0.6223615420978489,-0.4772612610420485,-0.2860024936341677,-0.3841402338249673,-0.5710094634648131,-0.1855900239260307,-0.5149706240183685,-0.2477756046851762,-0.5977584313838211,0.2995273446997183,-0.2729268519071736,0.0,0.0,0.0,1.0,0.0,0.0,0.0,0.0,0.0,0.0,0.0,0.0,0.0,0.0,0.0,0.0,0.0,0.0,0.0,1.0,0.0,0.0,0.0,0.0,0.0,1.0,0.0,1.0,0.0,0.0,0.0,0.0,0.0,0.0,1.0,0.0,0.0,0.0,1.0,0.0,0.0,1.0,0.0,0.0,0.0,0.0,0.0,0.0,0.0,0.0,0.0,1.0,1.0,0.0,0.0,0.0,0.0,0.0,0.0,0.0,0.0,0.0,None,570.0,630
119,119,119,-0.5827952766662334,-0.6223615420978489,-0.6442996468265377,1.69692416196285,-0.4226039786336802,-0.5999731997039042,-0.1855900239260307,1.070008687439704,-0.2477756046851762,-0.4893053478372376,1.100219839088533,-0.2362218270699641,0.0,0.0,0.0,1.0,0.0,0.0,0.0,0.0,0.0,0.0,0.0,0.0,0.0,0.0,0.0,0.0,0.0,0.0,0.0,1.0,0.0,0.0,1.0,0.0,0.0,0.0,0.0,0.0,1.0,1.0,0.0,0.0,0.0,0.0,0.0,1.0,0.0,0.0,0.0,0.0,0.0,1.0,0.0,0.0,0.0,0.0,0.0,0.0,0.0,1.0,0.0,0.0,1.0,0.0,0.0,0.0,0.0,0.0,0.0,0.0,0.0,0.0,2.3,423.0,485
122,122,122,-0.2812860483594123,0.7605286490604793,-0.6442996468265377,-0.2860024936341677,-0.4226039786336802,0.4716850411424664,-0.1855900239260307,1.2351106990499203,-0.2477756046851762,-0.632109331049243,-1.1016845204807075,-0.282103108116476,0.0,0.0,0.0,1.0,0.0,0.0,0.0,0.0,0.0,0.0,0.0,0.0,0.0,0.0,0.0,0.0,0.0,1.0,0.0,0.0,0.0,0.0,1.0,0.0,0.0,0.0,0.0,1.0,0.0,1.0,0.0,0.0,0.0,0.0,0.0,0.0,0.0,0.0,0.0,0.0,1.0,1.0,0.0,0.0,0.0,0.0,0.0,1.0,0.0,0.0,0.0,0.0,1.0,0.0,0.0,0.0,0.0,0.0,0.0,0.0,0.0,0.0,7,478.0,518
123,123,123,-0.2812860483594123,0.7605286490604793,-0.6442996468265377,-0.2860024936341677,-0.4226039786336802,0.4716850411424664,-0.1855900239260307,1.2351106990499203,-0.2477756046851762,-0.632109331049243,-1.1016845204807075,-0.282103108116476,0.0,0.0,0.0,1.0,0.0,0.0,0.0,0.0,0.0,0.0,0.0,0.0,0.0,0.0,0.0,0.0,0.0,1.0,0.0,0.0,0.0,0.0,1.0,0.0,0.0,0.0,0.0,1.0,0.0,1.0,0.0,0.0,0.0,0.0,0.0,0.0,0.0,0.0,0.0,0.0,1.0,1.0,0.0,0.0,0.0,0.0,1.0,0.0,0.0,0.0,0.0,0.0,1.0,0.0,0.0,0.0,0.0,0.0,0.0,0.0,0.0,0.0,None,576.0,628
144,144,144,0.8902926673470928,1.3845711011494517,-0.3659023371857223,-0.2860024936341677,-0.4226039786336802,3.3101311925733934,-0.1855900239260307,-0.5810114286624548,-0.2477756046851762,-0.1442374772922046,-0.9015113968835038,1.030101529813762,0.0,0.0,0.0,1.0,0.0,0.0,0.0,0.0,0.0,0.0,0.0,0.0,0.0,0.0,0.0,0.0,0.0,1.0,0.0,0.0,0.0,0.0,0.0,0.0,0.0,0.0,1.0,1.0,0.0,1.0,0.0,0.0,0.0,0.0,0.0,0.0,0.0,1.0,0.0,0.0,0.0,1.0,0.0,1.0,0.0,0.0,0.0,0.0,0.0,0.0,0.0,0.0,1.0,0.0,0.0,0.0,0.0,0.0,0.0,0.0,0.0,0.0,3.2,599.0,590
145,145,145,-0.2382133014584378,1.3845711011494517,-0.6442996468265377,-0.2860024936341677,-0.4226039786336802,0.2906616896481471,-0.1855900239260307,0.6572536584141644,0.1453104602499336,-0.6549913728036814,-0.9015113968835038,-0.2637505956978712,0.0,0.0,0.0,1.0,0.0,0.0,0.0,0.0,0.0,0.0,0.0,0.0,0.0,0.0,0.0,0.0,0.0,1.0,0.0,0.0,0.0,0.0,1.0,0.0,0.0,0.0,0.0,1.0,0.0,1.0,0.0,0.0,0.0,0.0,0.0,0.0,0.0,0.0,0.0,0.0,1.0,1.0,0.0,0.0,0.0,0.0,1.0,0.0,0.0,0.0,0.0,0.0,0.0,0.0,0.0,0.0,0.0,0.0,0.0,0.0,0.0,1.0,3,490.0,560
149,149,149,7.945608609726706,7.859768874645459,4.36685192670814,-0.2860024936341677,-0.4226039786336802,-0.5999731997039042,-0.1855900239260307,-0.5810114286624548,-0.2477756046851762,4.2429903921317536,-1.301857644077911,-0.1811642898141499,0.0,0.0,0.0,1.0,0.0,0.0,0.0,0.0,0.0,0.0,0.0,0.0,0.0,0.0,0.0,1.0,0.0,0.0,0.0,0.0,0.0,0.0,0.0,1.0,0.0,0.0,0.0,1.0,0.0,1.0,0.0,0.0,0.0,0.0,0.0,1.0,0.0,0.0,0.0,0.0,0.0,1.0,0.0,1.0,0.0,0.0,0.0,0.0,0.0,0.0,0.0,0.0,1.0,0.0,0.0,0.0,0.0,0.0,0.0,0.0,0.0,0.0,None,465.0,550
155,155,155,-0.4105042890623356,-0.3572949665746205,-0.6442996468265377,-0.2860024936341677,-0.4226039786336802,-0.0120093540503549,-0.1855900239260307,0.632488356672632,-0.2477756046851762,-0.6932951312636657,-1.5020307676751148,-0.2637505956978712,0.0,0.0,0.0,1.0,0.0,0.0,0.0,0.0,0.0,0.0,0.0,0.0,0.0,0.0,0.0,0.0,0.0,0.0,0.0,0.0,1.0,0.0,1.0,0.0,0.0,0.0,0.0,1.0,0.0,1.0,0.0,0.0,0.0,0.0,0.0,0.0,0.0,0.0,0.0,0.0,1.0,1.0,0.0,0.0,0.0,0.0,1.0,0.0,0.0,0.0,0.0,0.0,1.0,0.0,0.0,0.0,0.0,0.0,0.0,0.0,0.0,0.0,None,492.0,529
156,156,156,-0.4105042890623356,-0.3572949665746205,-0.6442996468265377,-0.2860024936341677,-0.4226039786336802,-0.0120093540503549,-0.1855900239260307,0.632488356672632,-0.2477756046851762,-0.6932951312636657,-0.9015113968835038,-0.2637505956978712,0.0,0.0,0.0,1.0,0.0,0.0,0.0,0.0,0.0,0.0,0.0,0.0,0.0,0.0,0.0,0.0,0.0,0.0,0.0,0.0,1.0,0.0,1.0,0.0,0.0,0.0,0.0,1.0,0.0,1.0,0.0,0.0,0.0,0.0,0.0,0.0,0.0,0.0,0.0,0.0,1.0,1.0,0.0,0.0,0.0,0.0,1.0,0.0,0.0,0.0,0.0,0.0,1.0,0.0,0.0,0.0,0.0,0.0,0.0,0.0,0.0,0.0,None,522.0,555
157,157,157,-0.4105042890623356,-0.3572949665746205,-0.6442996468265377,-0.2860024936341677,-0.4226039786336802,-0.4841182547475398,-0.1855900239260307,0.632488356672632,-0.2477756046851762,-0.7529777316548041,-0.9015113968835038,-0.2637505956978712,0.0,0.0,0.0,1.0,0.0,0.0,0.0,0.0,0.0,0.0,0.0,0.0,0.0,0.0,0.0,0.0,0.0,0.0,0.0,0.0,1.0,0.0,1.0,0.0,0.0,0.0,0.0,1.0,0.0,1.0,0.0,0.0,0.0,0.0,0.0,0.0,0.0,0.0,0.0,0.0,1.0,1.0,0.0,0.0,0.0,0.0,1.0,0.0,0.0,0.0,0.0,0.0,1.0,0.0,0.0,0.0,0.0,0.0,0.0,0.0,0.0,0.0,None,560.0,595
158,158,158,-0.4105042890623356,-0.3572949665746205,-0.6442996468265377,-0.2860024936341677,-0.4226039786336802,-0.4841182547475398,-0.1855900239260307,0.632488356672632,-0.2477756046851762,-0.7529777316548041,-0.3009920260918927,-0.2637505956978712,0.0,0.0,0.0,1.0,0.0,0.0,0.0,0.0,0.0,0.0,0.0,0.0,0.0,0.0,0.0,0.0,0.0,0.0,0.0,0.0,1.0,0.0,1.0,0.0,0.0,0.0,0.0,1.0,0.0,1.0,0.0,0.0,0.0,0.0,0.0,0.0,0.0,0.0,0.0,0.0,1.0,1.0,0.0,0.0,0.0,0.0,1.0,0.0,0.0,0.0,0.0,0.0,1.0,0.0,0.0,0.0,0.0,0.0,0.0,0.0,0.0,0.0,None,590.0,635
160,160,160,-0.4708061347236998,-0.0922283910513921,-0.6442996468265377,-0.2860024936341677,-0.4226039786336802,0.4861669092620119,-0.1855900239260307,0.3270496351937327,-0.2477756046851762,-0.6302720868207845,-0.9015113968835038,-0.2729268519071736,0.0,0.0,0.0,1.0,0.0,0.0,0.0,0.0,0.0,0.0,0.0,0.0,0.0,0.0,0.0,0.0,1.0,0.0,0.0,0.0,0.0,0.0,1.0,0.0,0.0,0.0,0.0,1.0,0.0,1.0,0.0,0.0,0.0,0.0,0.0,0.0,0.0,0.0,0.0,0.0,1.0,1.0,0.0,0.0,0.0,0.0,1.0,0.0,0.0,0.0,0.0,0.0,1.0,0.0,0.0,0.0,0.0,0.0,0.0,0.0,0.0,0.0,2.9,573.0,618
163,163,163,-0.2812860483594123,0.7635579813521735,-0.6442996468265377,-0.2860024936341677,-0.4226039786336802,1.6012707544670188,-0.1855900239260307,1.2351106990499203,0.1060018537564226,-0.4891939997021796,-0.5011651496890964,-0.2362218270699641,0.0,0.0,0.0,1.0,0.0,0.0,0.0,0.0,0.0,0.0,0.0,0.0,0.0,0.0,0.0,0.0,0.0,1.0,0.0,0.0,0.0,0.0,1.0,0.0,0.0,0.0,0.0,1.0,0.0,1.0,0.0,0.0,0.0,0.0,0.0,0.0,0.0,0.0,0.0,0.0,1.0,1.0,0.0,0.0,0.0,0.0,1.0,0.0,0.0,0.0,0.0,0.0,0.0,0.0,1.0,0.0,0.0,0.0,0.0,0.0,0.0,0.0,2,420.0,422
164,164,164,-0.2812860483594123,0.7635579813521735,-0.6442996468265377,-0.2860024936341677,-0.4226039786336802,1.6012707544670188,-0.1855900239260307,1.2351106990499203,-0.2477756046851762,-0.4891939997021796,-0.5011651496890964,-0.2362218270699641,0.0,0.0,0.0,1.0,0.0,0.0,0.0,0.0,0.0,0.0,0.0,0.0,0.0,0.0,0.0,0.0,0.0,1.0,0.0,0.0,0.0,0.0,1.0,0.0,0.0,0.0,0.0,1.0,0.0,1.0,0.0,0.0,0.0,0.0,0.0,0.0,0.0,0.0,0.0,0.0,1.0,1.0,0.0,0.0,0.0,0.0,1.0,0.0,0.0,0.0,0.0,0.0,1.0,0.0,0.0,0.0,0.0,0.0,0.0,0.0,0.0,0.0,None,590.0,625
166,166,166,-0.4105042890623356,-0.470894927513147,-0.14318448947307,-0.2860024936341677,-0.2918272462840564,-0.5101856173627217,-0.1855900239260307,-0.333358411247131,-0.2477756046851762,-0.2552515679451242,-0.3009920260918927,-0.2729268519071736,0.0,0.0,0.0,1.0,0.0,0.0,0.0,0.0,0.0,0.0,0.0,0.0,0.0,0.0,0.0,0.0,0.0,0.0,0.0,1.0,0.0,0.0,0.0,0.0,0.0,1.0,0.0,1.0,0.0,0.0,0.0,0.0,1.0,0.0,0.0,0.0,0.0,0.0,0.0,0.0,1.0,1.0,0.0,0.0,0.0,0.0,0.0,0.0,0.0,0.0,0.0,1.0,1.0,0.0,0.0,0.0,0.0,0.0,0.0,0.0,0.0,0.0,1.95,595.0,620
167,167,167,-0.2812860483594123,1.180091171460104,-0.6442996468265377,-0.2860024936341677,-0.4226039786336802,0.2906616896481471,-0.1855900239260307,1.2351106990499203,-0.2477756046851762,-0.6549913728036814,-0.5011651496890964,-0.2729268519071736,0.0,0.0,0.0,1.0,0.0,0.0,0.0,0.0,0.0,0.0,0.0,0.0,0.0,0.0,0.0,0.0,0.0,1.0,0.0,0.0,0.0,0.0,1.0,0.0,0.0,0.0,0.0,1.0,0.0,1.0,0.0,0.0,0.0,0.0,0.0,0.0,0.0,0.0,0.0,0.0,1.0,1.0,0.0,0.0,0.0,0.0,1.0,0.0,0.0,0.0,0.0,0.0,1.0,0.0,0.0,0.0,0.0,0.0,0.0,0.0,0.0,0.0,2.6,553.0,592
175,175,175,-0.2382133014584378,-0.2436950056360941,0.1908922820959084,-0.1797176249196385,-0.4226039786336802,-0.4551545185084487,-0.1855900239260307,-0.168256399636915,-0.2477756046851762,0.100728419835602,0.0993542211025146,-0.282103108116476,0.0,0.0,0.0,1.0,0.0,0.0,0.0,0.0,0.0,0.0,0.0,0.0,0.0,0.0,0.0,0.0,0.0,0.0,0.0,1.0,0.0,0.0,0.0,0.0,0.0,1.0,0.0,0.0,1.0,1.0,0.0,0.0,0.0,0.0,0.0,0.0,0.0,0.0,0.0,0.0,1.0,1.0,0.0,0.0,0.0,0.0,0.0,0.0,0.0,0.0,0.0,1.0,1.0,0.0,0.0,0.0,0.0,0.0,0.0,0.0,0.0,0.0,None,462.0,522
176,176,176,-0.2382133014584378,-0.395161620220796,0.1908922820959084,-0.2860024936341677,-0.4226039786336802,-0.4551545185084487,-0.1855900239260307,-0.168256399636915,-0.2477756046851762,0.0858077697378174,0.0993542211025146,-0.2816442953060109,0.0,0.0,0.0,1.0,0.0,0.0,0.0,0.0,0.0,0.0,0.0,0.0,0.0,0.0,0.0,0.0,0.0,0.0,0.0,1.0,0.0,0.0,0.0,0.0,0.0,1.0,0.0,1.0,0.0,1.0,0.0,0.0,0.0,0.0,0.0,0.0,0.0,0.0,0.0,0.0,1.0,1.0,0.0,0.0,0.0,0.0,0.0,0.0,0.0,0.0,0.0,1.0,1.0,0.0,0.0,0.0,0.0,0.0,0.0,0.0,0.0,0.0,None,463.0,572
177,177,177,-0.2382133014584378,-0.2436950056360941,0.1908922820959084,-0.1789244542602298,-0.4226039786336802,-0.4551545185084487,-0.1855900239260307,-0.168256399636915,-0.2477756046851762,0.10083976797066,0.0993542211025146,-0.2545743394885689,0.0,0.0,0.0,1.0,0.0,0.0,0.0,0.0,0.0,0.0,0.0,0.0,0.0,0.0,0.0,0.0,0.0,0.0,0.0,1.0,0.0,0.0,0.0,0.0,0.0,1.0,0.0,0.0,1.0,1.0,0.0,0.0,0.0,0.0,0.0,0.0,0.0,0.0,0.0,0.0,1.0,1.0,0.0,0.0,0.0,0.0,0.0,0.0,0.0,0.0,0.0,1.0,1.0,0.0,0.0,0.0,0.0,0.0,0.0,0.0,0.0,0.0,None,505.0,574
178,178,178,-0.2382133014584378,-0.395161620220796,0.1908922820959084,-0.2860024936341677,-0.4226039786336802,-0.4551545185084487,-0.1855900239260307,-0.168256399636915,-0.2477756046851762,0.0858077697378174,0.0993542211025146,-0.2545743394885689,0.0,0.0,0.0,1.0,0.0,0.0,0.0,0.0,0.0,0.0,0.0,0.0,0.0,0.0,0.0,0.0,0.0,0.0,0.0,1.0,0.0,0.0,0.0,0.0,0.0,1.0,0.0,1.0,0.0,1.0,0.0,0.0,0.0,0.0,0.0,0.0,0.0,0.0,0.0,0.0,1.0,1.0,0.0,0.0,0.0,0.0,0.0,0.0,0.0,0.0,0.0,1.0,1.0,0.0,0.0,0.0,0.0,0.0,0.0,0.0,0.0,0.0,None,476.0,591
179,179,179,-0.2812860483594123,0.5136380672874155,-0.6442996468265377,-0.2860024936341677,-0.4226039786336802,4.179043279746127,-0.1855900239260307,1.2351106990499203,-0.2477756046851762,-0.1631666602520805,-1.5020307676751148,-0.2637505956978712,0.0,0.0,0.0,1.0,0.0,0.0,0.0,0.0,0.0,0.0,0.0,0.0,0.0,0.0,0.0,0.0,1.0,0.0,0.0,0.0,0.0,0.0,1.0,0.0,0.0,0.0,0.0,1.0,0.0,1.0,0.0,0.0,0.0,0.0,0.0,0.0,0.0,0.0,0.0,0.0,1.0,1.0,0.0,0.0,0.0,0.0,0.0,1.0,0.0,0.0,0.0,0.0,1.0,0.0,0.0,0.0,0.0,0.0,0.0,0.0,0.0,0.0,None,428.0,502
180,180,180,-0.2812860483594123,0.5136380672874155,-0.6442996468265377,-0.2860024936341677,-0.4226039786336802,1.572307018227928,-0.1855900239260307,1.2351106990499203,-0.2477756046851762,-0.4928684881590967,-0.9015113968835038,-0.2637505956978712,0.0,0.0,0.0,1.0,0.0,0.0,0.0,0.0,0.0,0.0,0.0,0.0,0.0,0.0,0.0,0.0,1.0,0.0,0.0,0.0,0.0,0.0,1.0,0.0,0.0,0.0,0.0,1.0,0.0,1.0,0.0,0.0,0.0,0.0,0.0,0.0,0.0,0.0,0.0,0.0,1.0,1.0,0.0,0.0,0.0,0.0,0.0,1.0,0.0,0.0,0.0,0.0,1.0,0.0,0.0,0.0,0.0,0.0,0.0,0.0,0.0,0.0,None,423.0,507
181,181,181,-0.2812860483594123,0.5136380672874155,-0.6442996468265377,-0.2860024936341677,-0.4226039786336802,1.572307018227928,-0.1855900239260307,1.2351106990499203,-0.2477756046851762,-0.4928684881590967,-0.9015113968835038,-0.2637505956978712,0.0,0.0,0.0,1.0,0.0,0.0,0.0,0.0,0.0,0.0,0.0,0.0,0.0,0.0,0.0,0.0,1.0,0.0,0.0,0.0,0.0,0.0,1.0,0.0,0.0,0.0,0.0,1.0,0.0,1.0,0.0,0.0,0.0,0.0,0.0,0.0,0.0,0.0,0.0,0.0,1.0,1.0,0.0,0.0,0.0,1.0,0.0,0.0,0.0,0.0,0.0,0.0,1.0,0.0,0.0,0.0,0.0,0.0,0.0,0.0,0.0,0.0,None,573.0,531
182,182,182,-0.2812860483594123,0.5136380672874155,-0.6442996468265377,-0.2860024936341677,-0.4226039786336802,4.179043279746127,-0.1855900239260307,1.2351106990499203,-0.2477756046851762,-0.1631666602520805,-1.5020307676751148,-0.2637505956978712,0.0,0.0,0.0,1.0,0.0,0.0,0.0,0.0,0.0,0.0,0.0,0.0,0.0,0.0,0.0,0.0,1.0,0.0,0.0,0.0,0.0,0.0,1.0,0.0,0.0,0.0,0.0,1.0,0.0,1.0,0.0,0.0,0.0,0.0,0.0,0.0,0.0,0.0,0.0,0.0,1.0,1.0,0.0,0.0,0.0,1.0,0.0,0.0,0.0,0.0,0.0,0.0,1.0,0.0,0.0,0.0,0.0,0.0,0.0,0.0,0.0,0.0,None,478.0,538
183,183,183,-0.2812860483594123,0.5136380672874155,-0.6442996468265377,-0.2860024936341677,-0.4226039786336802,4.179043279746127,-0.1855900239260307,1.2351106990499203,-0.2477756046851762,-0.1631666602520805,-1.5020307676751148,-0.2637505956978712,0.0,0.0,0.0,1.0,0.0,0.0,0.0,0.0,0.0,0.0,0.0,0.0,0.0,0.0,0.0,0.0,1.0,0.0,0.0,0.0,0.0,0.0,1.0,0.0,0.0,0.0,0.0,1.0,0.0,1.0,0.0,0.0,0.0,0.0,0.0,0.0,0.0,0.0,0.0,0.0,1.0,1.0,0.0,0.0,0.0,0.0,1.0,0.0,0.0,0.0,0.0,0.0,1.0,0.0,0.0,0.0,0.0,0.0,0.0,0.0,0.0,0.0,None,568.0,606
184,184,184,-0.2812860483594123,0.5136380672874155,-0.6442996468265377,-0.2860024936341677,-0.4226039786336802,1.572307018227928,-0.1855900239260307,1.2351106990499203,-0.2477756046851762,-0.4928684881590967,-0.9015113968835038,-0.2637505956978712,0.0,0.0,0.0,1.0,0.0,0.0,0.0,0.0,0.0,0.0,0.0,0.0,0.0,0.0,0.0,0.0,1.0,0.0,0.0,0.0,0.0,0.0,1.0,0.0,0.0,0.0,0.0,1.0,0.0,1.0,0.0,0.0,0.0,0.0,0.0,0.0,0.0,0.0,0.0,0.0,1.0,1.0,0.0,0.0,0.0,0.0,1.0,0.0,0.0,0.0,0.0,0.0,1.0,0.0,0.0,0.0,0.0,0.0,0.0,0.0,0.0,0.0,None,570.0,607
185,185,185,-0.2812860483594123,0.5136380672874155,-0.0318255656167438,-0.2860024936341677,-0.2495171269944722,0.7033949310551951,-0.1855900239260307,1.2351106990499203,-0.2477756046851762,0.0096456453580811,-1.5020307676751148,-0.2637505956978712,0.0,0.0,0.0,1.0,0.0,0.0,0.0,0.0,0.0,0.0,0.0,0.0,0.0,0.0,0.0,0.0,1.0,0.0,0.0,0.0,0.0,0.0,0.0,0.0,0.0,1.0,0.0,1.0,0.0,0.0,0.0,1.0,0.0,0.0,0.0,0.0,0.0,0.0,0.0,0.0,1.0,1.0,0.0,0.0,0.0,0.0,0.0,1.0,0.0,0.0,0.0,0.0,1.0,0.0,0.0,0.0,0.0,0.0,0.0,0.0,0.0,0.0,None,405.0,470
186,186,186,-0.2812860483594123,0.5136380672874155,-0.0318255656167438,-0.2860024936341677,0.0966565762839437,0.7033949310551951,-0.1855900239260307,1.2351106990499203,-0.2477756046851762,0.0096456453580811,-1.5020307676751148,-0.2637505956978712,0.0,0.0,0.0,1.0,0.0,0.0,0.0,0.0,0.0,0.0,0.0,0.0,0.0,0.0,0.0,0.0,1.0,0.0,0.0,0.0,0.0,0.0,0.0,0.0,0.0,1.0,0.0,1.0,0.0,0.0,0.0,1.0,0.0,0.0,0.0,0.0,0.0,0.0,0.0,0.0,1.0,1.0,0.0,0.0,0.0,0.0,0.0,1.0,0.0,0.0,0.0,0.0,1.0,0.0,0.0,0.0,0.0,0.0,0.0,0.0,0.0,0.0,None,416.0,475
187,187,187,-0.2812860483594123,0.5136380672874155,-0.0318255656167438,-0.2860024936341677,0.0966565762839437,0.7033949310551951,-0.1855900239260307,1.2351106990499203,-0.2477756046851762,0.0096456453580811,-1.5020307676751148,-0.2637505956978712,0.0,0.0,0.0,1.0,0.0,0.0,0.0,0.0,0.0,0.0,0.0,0.0,0.0,0.0,0.0,0.0,1.0,0.0,0.0,0.0,0.0,0.0,0.0,0.0,0.0,1.0,0.0,1.0,0.0,0.0,0.0,1.0,0.0,0.0,0.0,0.0,0.0,0.0,0.0,0.0,1.0,1.0,0.0,0.0,0.0,1.0,0.0,0.0,0.0,0.0,0.0,0.0,1.0,0.0,0.0,0.0,0.0,0.0,0.0,0.0,0.0,0.0,None,448.0,501
188,188,188,-0.2812860483594123,0.5136380672874155,-0.0318255656167438,-0.2860024936341677,-0.2495171269944722,0.7033949310551951,-0.1855900239260307,1.2351106990499203,-0.2477756046851762,0.0096456453580811,-1.5020307676751148,-0.2637505956978712,0.0,0.0,0.0,1.0,0.0,0.0,0.0,0.0,0.0,0.0,0.0,0.0,0.0,0.0,0.0,0.0,1.0,0.0,0.0,0.0,0.0,0.0,0.0,0.0,0.0,1.0,0.0,1.0,0.0,0.0,0.0,1.0,0.0,0.0,0.0,0.0,0.0,0.0,0.0,0.0,1.0,1.0,0.0,0.0,0.0,1.0,0.0,0.0,0.0,0.0,0.0,0.0,1.0,0.0,0.0,0.0,0.0,0.0,0.0,0.0,0.0,0.0,None,439.0,502
189,189,189,-0.2812860483594123,0.5136380672874155,-0.0318255656167438,-0.2860024936341677,-0.2495171269944722,0.7033949310551951,-0.1855900239260307,1.2351106990499203,-0.2477756046851762,0.0096456453580811,-1.5020307676751148,-0.2637505956978712,0.0,0.0,0.0,1.0,0.0,0.0,0.0,0.0,0.0,0.0,0.0,0.0,0.0,0.0,0.0,0.0,1.0,0.0,0.0,0.0,0.0,0.0,0.0,0.0,0.0,1.0,0.0,1.0,0.0,0.0,0.0,1.0,0.0,0.0,0.0,0.0,0.0,0.0,0.0,0.0,1.0,1.0,0.0,0.0,0.0,0.0,1.0,0.0,0.0,0.0,0.0,0.0,1.0,0.0,0.0,0.0,0.0,0.0,0.0,0.0,0.0,0.0,None,515.0,551
190,190,190,-0.2812860483594123,0.5136380672874155,-0.0318255656167438,-0.2860024936341677,0.0966565762839437,0.7033949310551951,-0.1855900239260307,1.2351106990499203,-0.2477756046851762,0.0096456453580811,-1.5020307676751148,-0.2637505956978712,0.0,0.0,0.0,1.0,0.0,0.0,0.0,0.0,0.0,0.0,0.0,0.0,0.0,0.0,0.0,0.0,1.0,0.0,0.0,0.0,0.0,0.0,0.0,0.0,0.0,1.0,0.0,1.0,0.0,0.0,0.0,1.0,0.0,0.0,0.0,0.0,0.0,0.0,0.0,0.0,1.0,1.0,0.0,0.0,0.0,0.0,1.0,0.0,0.0,0.0,0.0,0.0,1.0,0.0,0.0,0.0,0.0,0.0,0.0,0.0,0.0,0.0,None,508.0,555
193,193,193,-0.5827952766662334,-0.5466282348054979,-0.3102228752575592,-0.2860024936341677,-0.4187576041528089,-0.5710094634648131,-0.1855900239260307,-0.572756328081944,-0.2477756046851762,-0.4307362287966803,0.0993542211025146,-0.2729268519071736,0.0,0.0,0.0,1.0,0.0,0.0,0.0,0.0,0.0,0.0,0.0,0.0,0.0,0.0,0.0,0.0,0.0,0.0,0.0,1.0,0.0,0.0,0.0,0.0,0.0,1.0,0.0,1.0,0.0,0.0,0.0,0.0,0.0,0.0,1.0,0.0,0.0,0.0,1.0,0.0,0.0,1.0,0.0,0.0,0.0,0.0,0.0,0.0,0.0,0.0,0.0,1.0,1.0,0.0,0.0,0.0,0.0,0.0,0.0,0.0,0.0,0.0,3.2,555.0,645
194,194,194,1.2779473894558626,0.8165712964568193,-0.6442996468265377,2.88668015638235,-0.4226039786336802,-0.5999731997039042,-0.1855900239260307,-0.5810114286624548,0.404747263107106,-0.2760736692009878,0.9000467154913293,0.7548138435346912,0.0,0.0,0.0,1.0,0.0,0.0,0.0,0.0,0.0,0.0,0.0,0.0,0.0,0.0,0.0,0.0,0.0,0.0,0.0,1.0,0.0,0.0,1.0,0.0,0.0,0.0,0.0,0.0,1.0,1.0,0.0,0.0,0.0,0.0,0.0,1.0,0.0,0.0,0.0,0.0,0.0,1.0,0.0,1.0,0.0,0.0,0.0,0.0,0.0,0.0,0.0,0.0,0.0,0.0,0.0,0.0,0.0,0.0,0.0,1.0,0.0,0.0,5,633.0,653
197,197,197,-0.4105042890623356,-0.4716522605860704,-0.6442996468265377,-0.2860024936341677,-0.4226039786336802,-0.0120093540503549,-0.1855900239260307,0.632488356672632,-0.2477756046851762,-0.6932951312636657,-0.9015113968835038,-0.2637505956978712,0.0,0.0,0.0,0.0,1.0,0.0,0.0,0.0,0.0,0.0,0.0,0.0,0.0,0.0,0.0,0.0,0.0,0.0,0.0,0.0,1.0,0.0,1.0,0.0,0.0,0.0,0.0,1.0,0.0,1.0,0.0,0.0,0.0,0.0,0.0,0.0,0.0,0.0,0.0,0.0,1.0,1.0,0.0,0.0,0.0,0.0,0.0,1.0,0.0,0.0,0.0,0.0,1.0,0.0,0.0,0.0,0.0,0.0,0.0,0.0,0.0,0.0,None,430.0,482
199,199,199,-0.4105042890623356,-0.1982550212606835,-0.6442996468265377,-0.2860024936341677,-0.4226039786336802,0.2689388874688287,-0.1855900239260307,0.0216109137148331,-0.2477756046851762,-0.6577194021126047,-0.9015113968835038,-0.2894441130839179,0.0,0.0,0.0,0.0,1.0,0.0,0.0,0.0,0.0,0.0,0.0,0.0,0.0,0.0,0.0,0.0,0.0,1.0,0.0,0.0,0.0,0.0,1.0,0.0,0.0,0.0,0.0,1.0,0.0,1.0,0.0,0.0,0.0,0.0,0.0,0.0,0.0,0.0,0.0,0.0,1.0,1.0,0.0,0.0,0.0,0.0,1.0,0.0,0.0,0.0,0.0,0.0,1.0,0.0,0.0,0.0,0.0,0.0,0.0,0.0,0.0,0.0,None,505.0,530
200,200,200,-0.2382133014584378,-0.5087615811593225,1.8055966780126376,-0.2860024936341677,-0.4226039786336802,-0.5999731997039042,-0.1855900239260307,-0.5810114286624548,-0.2477756046851762,1.6819832857955936,0.3996139064983201,-0.2866912362211271,0.0,0.0,0.0,0.0,0.0,1.0,0.0,0.0,0.0,0.0,0.0,0.0,0.0,0.0,0.0,0.0,0.0,0.0,0.0,1.0,0.0,0.0,0.0,0.0,0.0,1.0,0.0,1.0,0.0,1.0,0.0,0.0,0.0,0.0,0.0,1.0,0.0,0.0,0.0,0.0,0.0,1.0,0.0,1.0,0.0,0.0,0.0,0.0,0.0,0.0,0.0,0.0,1.0,0.0,0.0,0.0,0.0,0.0,0.0,0.0,0.0,0.0,None,499.0,552
201,201,201,-0.2382133014584378,-0.5087615811593225,1.8055966780126376,-0.2860024936341677,-0.4226039786336802,-0.5999731997039042,-0.1855900239260307,-0.5810114286624548,-0.2477756046851762,1.6819832857955936,0.3996139064983201,-0.282103108116476,0.0,0.0,0.0,0.0,0.0,1.0,0.0,0.0,0.0,0.0,0.0,0.0,0.0,0.0,0.0,0.0,0.0,0.0,0.0,1.0,0.0,0.0,0.0,0.0,0.0,1.0,0.0,1.0,0.0,1.0,0.0,0.0,0.0,0.0,0.0,1.0,0.0,0.0,0.0,0.0,0.0,1.0,0.0,1.0,0.0,0.0,0.0,0.0,0.0,0.0,0.0,0.0,1.0,0.0,0.0,0.0,0.0,0.0,0.0,0.0,0.0,0.0,None,519.0,562
202,202,202,-0.2382133014584378,-0.5087615811593225,1.8055966780126376,-0.2860024936341677,-0.4226039786336802,-0.5999731997039042,-0.1855900239260307,-0.5810114286624548,-0.2477756046851762,1.6819832857955936,0.3996139064983201,-0.2775149800118248,0.0,0.0,0.0,0.0,0.0,1.0,0.0,0.0,0.0,0.0,0.0,0.0,0.0,0.0,0.0,0.0,0.0,0.0,0.0,1.0,0.0,0.0,0.0,0.0,0.0,1.0,0.0,1.0,0.0,1.0,0.0,0.0,0.0,0.0,0.0,1.0,0.0,0.0,0.0,0.0,0.0,1.0,0.0,1.0,0.0,0.0,0.0,0.0,0.0,0.0,0.0,0.0,1.0,0.0,0.0,0.0,0.0,0.0,0.0,0.0,0.0,0.0,None,530.0,575
203,203,203,-0.2382133014584378,-0.5087615811593225,1.8055966780126376,-0.2860024936341677,-0.4226039786336802,-0.5999731997039042,-0.1855900239260307,-0.5810114286624548,-0.2477756046851762,1.6819832857955936,0.3996139064983201,-0.1261067525583357,0.0,0.0,0.0,0.0,0.0,1.0,0.0,0.0,0.0,0.0,0.0,0.0,0.0,0.0,0.0,0.0,0.0,0.0,0.0,1.0,0.0,0.0,0.0,0.0,0.0,1.0,0.0,1.0,0.0,1.0,0.0,0.0,0.0,0.0,0.0,1.0,0.0,0.0,0.0,0.0,0.0,1.0,0.0,1.0,0.0,0.0,0.0,0.0,0.0,0.0,0.0,0.0,1.0,0.0,0.0,0.0,0.0,0.0,0.0,0.0,0.0,0.0,None,549.0,592
204,204,204,-0.5827952766662334,-0.6223615420978489,-0.1710242204371515,-0.2860024936341677,-0.4226039786336802,-0.5999731997039042,-0.1855900239260307,-0.4984604228573469,-0.2477756046851762,-0.2944461114855733,1.5005660862829404,-0.2729268519071736,0.0,0.0,0.0,0.0,0.0,0.0,1.0,0.0,0.0,0.0,0.0,0.0,0.0,0.0,0.0,0.0,0.0,0.0,0.0,1.0,0.0,0.0,0.0,0.0,0.0,1.0,0.0,1.0,0.0,1.0,0.0,0.0,0.0,0.0,0.0,1.0,0.0,0.0,0.0,0.0,0.0,1.0,0.0,0.0,0.0,0.0,0.0,0.0,0.0,0.0,1.0,0.0,1.0,0.0,0.0,0.0,0.0,0.0,0.0,0.0,0.0,0.0,None,500.0,550
205,205,205,1.0539691055707956,-0.5844948884516734,-0.3659023371857223,0.1105828374852358,-0.4226039786336802,-0.5999731997039042,-0.1855900239260307,-0.5810114286624548,-0.2477756046851762,-0.4336312803081907,1.5005660862829404,-0.2637505956978712,0.0,0.0,0.0,0.0,0.0,0.0,1.0,0.0,0.0,0.0,0.0,0.0,0.0,0.0,0.0,0.0,0.0,0.0,0.0,1.0,0.0,0.0,0.0,0.0,0.0,1.0,0.0,0.0,1.0,1.0,0.0,0.0,0.0,0.0,0.0,1.0,0.0,0.0,0.0,0.0,0.0,1.0,0.0,1.0,0.0,0.0,0.0,0.0,0.0,0.0,0.0,0.0,1.0,0.0,0.0,0.0,0.0,0.0,0.0,0.0,0.0,0.0,3,547.0,590
206,206,206,-0.45357703596331,-0.6034282152747611,1.8055966780126376,-0.2860024936341677,-0.4226039786336802,-0.5999731997039042,-0.1855900239260307,-0.5810114286624548,-0.2477756046851762,1.6819832857955936,0.9000467154913293,-0.2903617387048481,0.0,0.0,0.0,0.0,0.0,0.0,1.0,0.0,0.0,0.0,0.0,0.0,0.0,0.0,0.0,0.0,0.0,0.0,0.0,1.0,0.0,0.0,0.0,0.0,0.0,1.0,0.0,1.0,0.0,1.0,0.0,0.0,0.0,0.0,0.0,1.0,0.0,0.0,0.0,0.0,0.0,1.0,0.0,1.0,0.0,0.0,0.0,0.0,0.0,0.0,0.0,0.0,1.0,0.0,0.0,0.0,0.0,0.0,0.0,0.0,0.0,0.0,None,484.0,691
207,207,207,-0.45357703596331,-0.6034282152747611,1.8055966780126376,-0.2860024936341677,-0.4226039786336802,-0.5999731997039042,-0.1855900239260307,-0.5810114286624548,-0.2477756046851762,1.6819832857955936,1.300392962685737,-0.2903617387048481,0.0,0.0,0.0,0.0,0.0,0.0,1.0,0.0,0.0,0.0,0.0,0.0,0.0,0.0,0.0,0.0,0.0,0.0,0.0,1.0,0.0,0.0,0.0,0.0,0.0,1.0,0.0,1.0,0.0,1.0,0.0,0.0,0.0,0.0,0.0,1.0,0.0,0.0,0.0,0.0,0.0,1.0,0.0,1.0,0.0,0.0,0.0,0.0,0.0,0.0,0.0,0.0,1.0,0.0,0.0,0.0,0.0,0.0,0.0,0.0,0.0,0.0,None,507.0,724
208,208,208,-0.45357703596331,-0.6034282152747611,1.8055966780126376,-0.2860024936341677,-0.4226039786336802,-0.5999731997039042,-0.1855900239260307,-0.5810114286624548,-0.2477756046851762,1.6819832857955936,0.6998735918941257,-0.2903617387048481,0.0,0.0,0.0,0.0,0.0,0.0,1.0,0.0,0.0,0.0,0.0,0.0,0.0,0.0,0.0,0.0,0.0,0.0,0.0,1.0,0.0,0.0,0.0,0.0,0.0,1.0,0.0,1.0,0.0,1.0,0.0,0.0,0.0,0.0,0.0,1.0,0.0,0.0,0.0,0.0,0.0,1.0,0.0,1.0,0.0,0.0,0.0,0.0,0.0,0.0,0.0,0.0,1.0,0.0,0.0,0.0,0.0,0.0,0.0,0.0,0.0,0.0,None,499.0,729
209,209,209,-0.45357703596331,-0.6034282152747611,1.8055966780126376,-0.2860024936341677,-0.4226039786336802,-0.5999731997039042,-0.1855900239260307,-0.5810114286624548,-0.2477756046851762,1.6819832857955936,1.100219839088533,-0.2903617387048481,0.0,0.0,0.0,0.0,0.0,0.0,1.0,0.0,0.0,0.0,0.0,0.0,0.0,0.0,0.0,0.0,0.0,0.0,0.0,1.0,0.0,0.0,0.0,0.0,0.0,1.0,0.0,1.0,0.0,1.0,0.0,0.0,0.0,0.0,0.0,1.0,0.0,0.0,0.0,0.0,0.0,1.0,0.0,1.0,0.0,0.0,0.0,0.0,0.0,0.0,0.0,0.0,1.0,0.0,0.0,0.0,0.0,0.0,0.0,0.0,0.0,0.0,None,500.0,736
210,210,210,-0.45357703596331,-0.6034282152747611,1.8055966780126376,-0.2860024936341677,-0.4226039786336802,-0.5999731997039042,-0.1855900239260307,-0.5810114286624548,-0.2477756046851762,1.6819832857955936,0.4997004682969219,-0.2866912362211271,0.0,0.0,0.0,0.0,0.0,0.0,1.0,0.0,0.0,0.0,0.0,0.0,0.0,0.0,0.0,0.0,0.0,0.0,0.0,1.0,0.0,0.0,0.0,0.0,0.0,1.0,0.0,1.0,0.0,1.0,0.0,0.0,0.0,0.0,0.0,1.0,0.0,0.0,0.0,0.0,0.0,1.0,0.0,1.0,0.0,0.0,0.0,0.0,0.0,0.0,0.0,0.0,1.0,0.0,0.0,0.0,0.0,0.0,0.0,0.0,0.0,0.0,None,493.0,736
211,211,211,-0.45357703596331,-0.6034282152747611,1.8055966780126376,-0.2860024936341677,-0.4226039786336802,-0.5999731997039042,-0.1855900239260307,-0.5810114286624548,-0.2477756046851762,1.6819832857955936,1.300392962685737,-0.2889853002734527,0.0,0.0,0.0,0.0,0.0,0.0,1.0,0.0,0.0,0.0,0.0,0.0,0.0,0.0,0.0,0.0,0.0,0.0,0.0,1.0,0.0,0.0,0.0,0.0,0.0,1.0,0.0,1.0,0.0,1.0,0.0,0.0,0.0,0.0,0.0,1.0,0.0,0.0,0.0,0.0,0.0,1.0,0.0,1.0,0.0,0.0,0.0,0.0,0.0,0.0,0.0,0.0,1.0,0.0,0.0,0.0,0.0,0.0,0.0,0.0,0.0,0.0,None,522.0,745
212,212,212,-0.45357703596331,-0.6034282152747611,1.8055966780126376,-0.2860024936341677,-0.4226039786336802,-0.5999731997039042,-0.1855900239260307,-0.5810114286624548,-0.2477756046851762,1.6819832857955936,0.9000467154913293,-0.2866912362211271,0.0,0.0,0.0,0.0,0.0,0.0,1.0,0.0,0.0,0.0,0.0,0.0,0.0,0.0,0.0,0.0,0.0,0.0,0.0,1.0,0.0,0.0,0.0,0.0,0.0,1.0,0.0,1.0,0.0,1.0,0.0,0.0,0.0,0.0,0.0,1.0,0.0,0.0,0.0,0.0,0.0,1.0,0.0,1.0,0.0,0.0,0.0,0.0,0.0,0.0,0.0,0.0,1.0,0.0,0.0,0.0,0.0,0.0,0.0,0.0,0.0,0.0,None,506.0,747
213,213,213,-0.45357703596331,-0.6034282152747611,1.8055966780126376,-0.2860024936341677,-0.4226039786336802,-0.5999731997039042,-0.1855900239260307,-0.5810114286624548,-0.2477756046851762,1.6819832857955936,0.6998735918941257,-0.2866912362211271,0.0,0.0,0.0,0.0,0.0,0.0,1.0,0.0,0.0,0.0,0.0,0.0,0.0,0.0,0.0,0.0,0.0,0.0,0.0,1.0,0.0,0.0,0.0,0.0,0.0,1.0,0.0,1.0,0.0,1.0,0.0,0.0,0.0,0.0,0.0,1.0,0.0,0.0,0.0,0.0,0.0,1.0,0.0,1.0,0.0,0.0,0.0,0.0,0.0,0.0,0.0,0.0,1.0,0.0,0.0,0.0,0.0,0.0,0.0,0.0,0.0,0.0,None,520.0,751
214,214,214,-0.45357703596331,-0.6034282152747611,1.8055966780126376,-0.2860024936341677,-0.4226039786336802,-0.5999731997039042,-0.1855900239260307,-0.5810114286624548,-0.2477756046851762,1.6819832857955936,0.9000467154913293,-0.282103108116476,0.0,0.0,0.0,0.0,0.0,0.0,1.0,0.0,0.0,0.0,0.0,0.0,0.0,0.0,0.0,0.0,0.0,0.0,0.0,1.0,0.0,0.0,0.0,0.0,0.0,1.0,0.0,1.0,0.0,1.0,0.0,0.0,0.0,0.0,0.0,1.0,0.0,0.0,0.0,0.0,0.0,1.0,0.0,1.0,0.0,0.0,0.0,0.0,0.0,0.0,0.0,0.0,1.0,0.0,0.0,0.0,0.0,0.0,0.0,0.0,0.0,0.0,None,511.0,765
215,215,215,-0.45357703596331,-0.6034282152747611,1.8055966780126376,-0.2860024936341677,-0.4226039786336802,-0.5999731997039042,-0.1855900239260307,-0.5810114286624548,-0.2477756046851762,1.6819832857955936,0.4997004682969219,-0.2775149800118248,0.0,0.0,0.0,0.0,0.0,0.0,1.0,0.0,0.0,0.0,0.0,0.0,0.0,0.0,0.0,0.0,0.0,0.0,0.0,1.0,0.0,0.0,0.0,0.0,0.0,1.0,0.0,1.0,0.0,1.0,0.0,0.0,0.0,0.0,0.0,1.0,0.0,0.0,0.0,0.0,0.0,1.0,0.0,1.0,0.0,0.0,0.0,0.0,0.0,0.0,0.0,0.0,1.0,0.0,0.0,0.0,0.0,0.0,0.0,0.0,0.0,0.0,None,502.0,765
216,216,216,-0.45357703596331,-0.6034282152747611,1.8055966780126376,-0.2860024936341677,-0.4226039786336802,-0.5999731997039042,-0.1855900239260307,-0.5810114286624548,-0.2477756046851762,1.6819832857955936,1.100219839088533,-0.2866912362211271,0.0,0.0,0.0,0.0,0.0,0.0,1.0,0.0,0.0,0.0,0.0,0.0,0.0,0.0,0.0,0.0,0.0,0.0,0.0,1.0,0.0,0.0,0.0,0.0,0.0,1.0,0.0,1.0,0.0,1.0,0.0,0.0,0.0,0.0,0.0,1.0,0.0,0.0,0.0,0.0,0.0,1.0,0.0,1.0,0.0,0.0,0.0,0.0,0.0,0.0,0.0,0.0,1.0,0.0,0.0,0.0,0.0,0.0,0.0,0.0,0.0,0.0,None,527.0,772
217,217,217,-0.45357703596331,-0.6034282152747611,1.8055966780126376,-0.2860024936341677,-0.4226039786336802,-0.5999731997039042,-0.1855900239260307,-0.5810114286624548,-0.2477756046851762,1.6819832857955936,0.4997004682969219,-0.2637505956978712,0.0,0.0,0.0,0.0,0.0,0.0,1.0,0.0,0.0,0.0,0.0,0.0,0.0,0.0,0.0,0.0,0.0,0.0,0.0,1.0,0.0,0.0,0.0,0.0,0.0,1.0,0.0,1.0,0.0,1.0,0.0,0.0,0.0,0.0,0.0,1.0,0.0,0.0,0.0,0.0,0.0,1.0,0.0,1.0,0.0,0.0,0.0,0.0,0.0,0.0,0.0,0.0,1.0,0.0,0.0,0.0,0.0,0.0,0.0,0.0,0.0,0.0,None,513.0,785
218,218,218,-0.45357703596331,-0.6034282152747611,1.8055966780126376,-0.2860024936341677,-0.4226039786336802,-0.5999731997039042,-0.1855900239260307,-0.5810114286624548,-0.2477756046851762,1.6819832857955936,0.6998735918941257,-0.2775149800118248,0.0,0.0,0.0,0.0,0.0,0.0,1.0,0.0,0.0,0.0,0.0,0.0,0.0,0.0,0.0,0.0,0.0,0.0,0.0,1.0,0.0,0.0,0.0,0.0,0.0,1.0,0.0,1.0,0.0,1.0,0.0,0.0,0.0,0.0,0.0,1.0,0.0,0.0,0.0,0.0,0.0,1.0,0.0,1.0,0.0,0.0,0.0,0.0,0.0,0.0,0.0,0.0,1.0,0.0,0.0,0.0,0.0,0.0,0.0,0.0,0.0,0.0,None,529.0,788
219,219,219,-0.4105042890623356,-0.5844948884516734,-0.4215817991138854,0.1105828374852358,-0.4226039786336802,-0.5999731997039042,-0.1855900239260307,-0.5810114286624548,-0.2477756046851762,-0.4893053478372376,-0.3009920260918927,-0.2729268519071736,0.0,0.0,0.0,0.0,0.0,0.0,1.0,0.0,0.0,0.0,0.0,0.0,0.0,0.0,0.0,0.0,0.0,0.0,0.0,1.0,0.0,0.0,0.0,0.0,0.0,1.0,0.0,0.0,1.0,1.0,0.0,0.0,0.0,0.0,0.0,1.0,0.0,0.0,0.0,0.0,0.0,1.0,0.0,1.0,0.0,0.0,0.0,0.0,0.0,0.0,0.0,0.0,1.0,0.0,0.0,0.0,0.0,0.0,0.0,0.0,0.0,0.0,2.7,551.0,612
220,220,220,-0.4105042890623356,-0.5844948884516734,-0.4215817991138854,0.1105828374852358,-0.4226039786336802,-0.5999731997039042,-0.1855900239260307,-0.5810114286624548,-0.2477756046851762,-0.4893053478372376,-0.3009920260918927,-0.2729268519071736,0.0,0.0,0.0,0.0,0.0,0.0,1.0,0.0,0.0,0.0,0.0,0.0,0.0,0.0,0.0,0.0,0.0,0.0,1.0,0.0,0.0,0.0,0.0,0.0,0.0,1.0,0.0,0.0,1.0,1.0,0.0,0.0,0.0,0.0,0.0,1.0,0.0,0.0,0.0,0.0,0.0,1.0,0.0,1.0,0.0,0.0,0.0,0.0,0.0,0.0,0.0,0.0,1.0,0.0,0.0,0.0,0.0,0.0,0.0,0.0,0.0,0.0,3.6,578.0,641
221,221,221,-0.4105042890623356,-0.5844948884516734,-0.4215817991138854,0.1105828374852358,-0.4226039786336802,-0.5999731997039042,-0.1855900239260307,-0.5810114286624548,-0.2477756046851762,-0.4893053478372376,-0.3009920260918927,-0.282103108116476,0.0,0.0,0.0,0.0,0.0,0.0,1.0,0.0,0.0,0.0,0.0,0.0,0.0,0.0,0.0,0.0,0.0,0.0,0.0,1.0,0.0,0.0,0.0,0.0,0.0,1.0,0.0,0.0,1.0,1.0,0.0,0.0,0.0,0.0,0.0,1.0,0.0,0.0,0.0,0.0,0.0,1.0,0.0,1.0,0.0,0.0,0.0,0.0,0.0,0.0,0.0,0.0,1.0,0.0,0.0,0.0,0.0,0.0,0.0,0.0,0.0,0.0,None,511.0,572
222,222,222,-0.4105042890623356,-0.5844948884516734,-0.4215817991138854,0.1105828374852358,-0.4226039786336802,-0.5999731997039042,-0.1855900239260307,-0.5810114286624548,-0.2477756046851762,-0.4893053478372376,-0.3009920260918927,-0.278432605632755,0.0,0.0,0.0,0.0,0.0,0.0,1.0,0.0,0.0,0.0,0.0,0.0,0.0,0.0,0.0,0.0,0.0,0.0,0.0,1.0,0.0,0.0,0.0,0.0,0.0,1.0,0.0,0.0,1.0,1.0,0.0,0.0,0.0,0.0,0.0,1.0,0.0,0.0,0.0,0.0,0.0,1.0,0.0,1.0,0.0,0.0,0.0,0.0,0.0,0.0,0.0,0.0,1.0,0.0,0.0,0.0,0.0,0.0,0.0,0.0,0.0,0.0,None,532.0,581
223,223,223,-0.4105042890623356,-0.5844948884516734,-0.4215817991138854,0.1105828374852358,-0.4226039786336802,-0.5999731997039042,-0.1855900239260307,-0.5810114286624548,-0.2477756046851762,-0.4893053478372376,-0.3009920260918927,-0.282103108116476,0.0,0.0,0.0,0.0,0.0,0.0,1.0,0.0,0.0,0.0,0.0,0.0,0.0,0.0,0.0,0.0,0.0,0.0,1.0,0.0,0.0,0.0,0.0,0.0,0.0,1.0,0.0,0.0,1.0,1.0,0.0,0.0,0.0,0.0,0.0,1.0,0.0,0.0,0.0,0.0,0.0,1.0,0.0,1.0,0.0,0.0,0.0,0.0,0.0,0.0,0.0,0.0,1.0,0.0,0.0,0.0,0.0,0.0,0.0,0.0,0.0,0.0,None,529.0,582
224,224,224,-0.4105042890623356,-0.5844948884516734,-0.4215817991138854,0.1105828374852358,-0.4226039786336802,-0.5999731997039042,-0.1855900239260307,-0.5810114286624548,-0.2477756046851762,-0.4893053478372376,-0.3009920260918927,-0.278432605632755,0.0,0.0,0.0,0.0,0.0,0.0,1.0,0.0,0.0,0.0,0.0,0.0,0.0,0.0,0.0,0.0,0.0,0.0,1.0,0.0,0.0,0.0,0.0,0.0,0.0,1.0,0.0,0.0,1.0,1.0,0.0,0.0,0.0,0.0,0.0,1.0,0.0,0.0,0.0,0.0,0.0,1.0,0.0,1.0,0.0,0.0,0.0,0.0,0.0,0.0,0.0,0.0,1.0,0.0,0.0,0.0,0.0,0.0,0.0,0.0,0.0,0.0,None,552.0,601
225,225,225,-0.5827952766662334,-0.6223615420978489,-0.1988639514012331,-0.2860024936341677,-0.4226039786336802,-0.5999731997039042,0.3780537524419144,-0.4984604228573469,-0.2477756046851762,-0.3216150564397482,1.5005660862829404,-0.2637505956978712,0.0,0.0,0.0,0.0,0.0,0.0,1.0,0.0,0.0,0.0,0.0,0.0,0.0,0.0,0.0,0.0,0.0,0.0,0.0,1.0,0.0,0.0,0.0,0.0,0.0,1.0,0.0,1.0,0.0,1.0,0.0,0.0,0.0,0.0,0.0,1.0,0.0,0.0,0.0,0.0,0.0,0.0,1.0,0.0,0.0,0.0,0.0,0.0,0.0,0.0,1.0,0.0,1.0,0.0,0.0,0.0,0.0,0.0,0.0,0.0,0.0,0.0,2.3,436.0,481
226,226,226,1.338249235117227,1.5739043693803287,-0.6442996468265377,4.056869362446442,-0.4226039786336802,-0.5999731997039042,-0.1855900239260307,-0.5810114286624548,0.5471317709851379,-0.1017024897000127,0.4997004682969219,3.672863318092844,0.0,0.0,0.0,0.0,0.0,0.0,0.0,1.0,0.0,0.0,0.0,0.0,0.0,0.0,0.0,0.0,0.0,0.0,0.0,1.0,0.0,0.0,1.0,0.0,0.0,0.0,0.0,0.0,1.0,1.0,0.0,0.0,0.0,0.0,0.0,1.0,0.0,0.0,0.0,0.0,0.0,1.0,0.0,1.0,0.0,0.0,0.0,0.0,0.0,0.0,0.0,0.0,0.0,0.0,0.0,0.0,0.0,0.0,0.0,1.0,0.0,0.0,2.6,517.0,600
227,227,227,1.338249235117227,1.5739043693803287,-0.6442996468265377,4.056869362446442,-0.4226039786336802,-0.5999731997039042,-0.1855900239260307,-0.5810114286624548,0.5471317709851379,-0.1017024897000127,0.6998735918941257,3.672863318092844,0.0,0.0,0.0,0.0,0.0,0.0,0.0,1.0,0.0,0.0,0.0,0.0,0.0,0.0,0.0,0.0,0.0,0.0,0.0,1.0,0.0,0.0,1.0,0.0,0.0,0.0,0.0,0.0,1.0,1.0,0.0,0.0,0.0,0.0,0.0,1.0,0.0,0.0,0.0,0.0,0.0,1.0,0.0,1.0,0.0,0.0,0.0,0.0,0.0,0.0,0.0,0.0,0.0,0.0,0.0,0.0,0.0,0.0,0.0,1.0,0.0,0.0,3,577.0,646
228,228,228,1.338249235117227,1.5739043693803287,-0.6442996468265377,4.056869362446442,-0.4226039786336802,-0.5999731997039042,-0.1855900239260307,-0.5810114286624548,0.5471317709851379,-0.1017024897000127,0.9000467154913293,3.672863318092844,0.0,0.0,0.0,0.0,0.0,0.0,0.0,1.0,0.0,0.0,0.0,0.0,0.0,0.0,0.0,0.0,0.0,0.0,0.0,1.0,0.0,0.0,1.0,0.0,0.0,0.0,0.0,0.0,1.0,1.0,0.0,0.0,0.0,0.0,0.0,1.0,0.0,0.0,0.0,0.0,0.0,1.0,0.0,1.0,0.0,0.0,0.0,0.0,0.0,0.0,0.0,0.0,0.0,0.0,0.0,0.0,0.0,0.0,0.0,1.0,0.0,0.0,3.5,590.0,677
229,229,229,1.338249235117227,1.5739043693803287,-0.6442996468265377,4.056869362446442,-0.4226039786336802,-0.5999731997039042,-0.1855900239260307,-0.5810114286624548,0.5471317709851379,-0.1017024897000127,1.100219839088533,3.672863318092844,0.0,0.0,0.0,0.0,0.0,0.0,0.0,1.0,0.0,0.0,0.0,0.0,0.0,0.0,0.0,0.0,0.0,0.0,0.0,1.0,0.0,0.0,1.0,0.0,0.0,0.0,0.0,0.0,1.0,1.0,0.0,0.0,0.0,0.0,0.0,1.0,0.0,0.0,0.0,0.0,0.0,1.0,0.0,1.0,0.0,0.0,0.0,0.0,0.0,0.0,0.0,0.0,0.0,0.0,0.0,0.0,0.0,0.0,0.0,1.0,0.0,0.0,4.2,626.0,729
230,230,230,1.338249235117227,1.5739043693803287,-0.6442996468265377,4.056869362446442,-0.4226039786336802,-0.5999731997039042,-0.1855900239260307,-0.5810114286624548,0.5471317709851379,-0.1017024897000127,1.300392962685737,3.672863318092844,0.0,0.0,0.0,0.0,0.0,0.0,0.0,1.0,0.0,0.0,0.0,0.0,0.0,0.0,0.0,0.0,0.0,0.0,0.0,1.0,0.0,0.0,1.0,0.0,0.0,0.0,0.0,0.0,1.0,1.0,0.0,0.0,0.0,0.0,0.0,1.0,0.0,0.0,0.0,0.0,0.0,1.0,0.0,1.0,0.0,0.0,0.0,0.0,0.0,0.0,0.0,0.0,0.0,0.0,0.0,0.0,0.0,0.0,0.0,1.0,0.0,0.0,4.8,689.0,765
231,231,231,1.338249235117227,1.5739043693803287,-0.6442996468265377,4.056869362446442,-0.4226039786336802,-0.5999731997039042,-0.1855900239260307,-0.5810114286624548,0.5471317709851379,-0.1017024897000127,1.5005660862829404,3.672863318092844,0.0,0.0,0.0,0.0,0.0,0.0,0.0,1.0,0.0,0.0,0.0,0.0,0.0,0.0,0.0,0.0,0.0,0.0,0.0,1.0,0.0,0.0,1.0,0.0,0.0,0.0,0.0,0.0,1.0,1.0,0.0,0.0,0.0,0.0,0.0,1.0,0.0,0.0,0.0,0.0,0.0,1.0,0.0,1.0,0.0,0.0,0.0,0.0,0.0,0.0,0.0,0.0,0.0,0.0,0.0,0.0,0.0,0.0,0.0,1.0,0.0,0.0,6,729.0,775
233,233,233,-0.45357703596331,-0.6034282152747611,1.8055966780126376,-0.2860024936341677,-0.4226039786336802,-0.5999731997039042,-0.1855900239260307,-0.5810114286624548,-0.2477756046851762,1.6819832857955936,0.6998735918941257,-0.2903617387048481,0.0,0.0,0.0,0.0,0.0,0.0,0.0,0.0,0.0,1.0,0.0,0.0,0.0,0.0,0.0,0.0,0.0,0.0,0.0,1.0,0.0,0.0,0.0,0.0,0.0,1.0,0.0,1.0,0.0,1.0,0.0,0.0,0.0,0.0,0.0,1.0,0.0,0.0,0.0,0.0,0.0,1.0,0.0,1.0,0.0,0.0,0.0,0.0,0.0,0.0,0.0,0.0,1.0,0.0,0.0,0.0,0.0,0.0,0.0,0.0,0.0,0.0,None,456.0,607
234,234,234,-0.45357703596331,-0.6034282152747611,1.8055966780126376,-0.2860024936341677,-0.4226039786336802,-0.5999731997039042,-0.1855900239260307,-0.5810114286624548,-0.2477756046851762,1.6819832857955936,0.6998735918941257,-0.2889853002734527,0.0,0.0,0.0,0.0,0.0,0.0,0.0,0.0,0.0,1.0,0.0,0.0,0.0,0.0,0.0,0.0,0.0,0.0,0.0,1.0,0.0,0.0,0.0,0.0,0.0,1.0,0.0,1.0,0.0,1.0,0.0,0.0,0.0,0.0,0.0,1.0,0.0,0.0,0.0,0.0,0.0,1.0,0.0,1.0,0.0,0.0,0.0,0.0,0.0,0.0,0.0,0.0,1.0,0.0,0.0,0.0,0.0,0.0,0.0,0.0,0.0,0.0,None,487.0,635
235,235,235,-0.45357703596331,-0.6034282152747611,1.8055966780126376,-0.2860024936341677,-0.4226039786336802,-0.5999731997039042,-0.1855900239260307,-0.5810114286624548,-0.2477756046851762,1.6819832857955936,1.300392962685737,-0.2903617387048481,0.0,0.0,0.0,0.0,0.0,0.0,0.0,0.0,0.0,1.0,0.0,0.0,0.0,0.0,0.0,0.0,0.0,0.0,0.0,1.0,0.0,0.0,0.0,0.0,0.0,1.0,0.0,1.0,0.0,1.0,0.0,0.0,0.0,0.0,0.0,1.0,0.0,0.0,0.0,0.0,0.0,1.0,0.0,1.0,0.0,0.0,0.0,0.0,0.0,0.0,0.0,0.0,1.0,0.0,0.0,0.0,0.0,0.0,0.0,0.0,0.0,0.0,None,495.0,669
236,236,236,-0.45357703596331,-0.6034282152747611,1.8055966780126376,-0.2860024936341677,-0.4226039786336802,-0.5999731997039042,-0.1855900239260307,-0.5810114286624548,-0.2477756046851762,1.6819832857955936,1.300392962685737,-0.2889853002734527,0.0,0.0,0.0,0.0,0.0,0.0,0.0,0.0,0.0,1.0,0.0,0.0,0.0,0.0,0.0,0.0,0.0,0.0,0.0,1.0,0.0,0.0,0.0,0.0,0.0,1.0,0.0,1.0,0.0,1.0,0.0,0.0,0.0,0.0,0.0,1.0,0.0,0.0,0.0,0.0,0.0,1.0,0.0,1.0,0.0,0.0,0.0,0.0,0.0,0.0,0.0,0.0,1.0,0.0,0.0,0.0,0.0,0.0,0.0,0.0,0.0,0.0,None,502.0,696
237,237,237,-0.45357703596331,-0.6034282152747611,1.8055966780126376,-0.2860024936341677,-0.4226039786336802,-0.5999731997039042,-0.1855900239260307,-0.5810114286624548,-0.2477756046851762,1.6819832857955936,1.300392962685737,-0.2866912362211271,0.0,0.0,0.0,0.0,0.0,0.0,0.0,0.0,0.0,1.0,0.0,0.0,0.0,0.0,0.0,0.0,0.0,0.0,0.0,1.0,0.0,0.0,0.0,0.0,0.0,1.0,0.0,1.0,0.0,1.0,0.0,0.0,0.0,0.0,0.0,1.0,0.0,0.0,0.0,0.0,0.0,1.0,0.0,1.0,0.0,0.0,0.0,0.0,0.0,0.0,0.0,0.0,1.0,0.0,0.0,0.0,0.0,0.0,0.0,0.0,0.0,0.0,None,530.0,706
238,238,238,-0.45357703596331,-0.6034282152747611,1.8055966780126376,-0.2860024936341677,-0.4226039786336802,-0.5999731997039042,-0.1855900239260307,-0.5810114286624548,-0.2477756046851762,1.6819832857955936,1.300392962685737,-0.282103108116476,0.0,0.0,0.0,0.0,0.0,0.0,0.0,0.0,0.0,1.0,0.0,0.0,0.0,0.0,0.0,0.0,0.0,0.0,0.0,1.0,0.0,0.0,0.0,0.0,0.0,1.0,0.0,1.0,0.0,1.0,0.0,0.0,0.0,0.0,0.0,1.0,0.0,0.0,0.0,0.0,0.0,1.0,0.0,1.0,0.0,0.0,0.0,0.0,0.0,0.0,0.0,0.0,1.0,0.0,0.0,0.0,0.0,0.0,0.0,0.0,0.0,0.0,None,483.0,722
239,239,239,-0.45357703596331,-0.6034282152747611,1.8055966780126376,-0.2860024936341677,-0.4226039786336802,-0.5999731997039042,-0.1855900239260307,-0.5810114286624548,-0.2477756046851762,1.6819832857955936,1.300392962685737,-0.2775149800118248,0.0,0.0,0.0,0.0,0.0,0.0,0.0,0.0,0.0,1.0,0.0,0.0,0.0,0.0,0.0,0.0,0.0,0.0,0.0,1.0,0.0,0.0,0.0,0.0,0.0,1.0,0.0,1.0,0.0,1.0,0.0,0.0,0.0,0.0,0.0,1.0,0.0,0.0,0.0,0.0,0.0,1.0,0.0,1.0,0.0,0.0,0.0,0.0,0.0,0.0,0.0,0.0,1.0,0.0,0.0,0.0,0.0,0.0,0.0,0.0,0.0,0.0,None,510.0,725
240,240,240,-0.5741807272860385,-0.6223615420978489,-0.2545434133293962,-0.2860024936341677,-0.3072127442075416,-0.5999731997039042,-0.1855900239260307,-0.5810114286624548,-0.2477756046851762,-0.3779572127791437,0.9000467154913293,-0.0710492153025215,0.0,0.0,0.0,0.0,0.0,0.0,0.0,0.0,0.0,0.0,1.0,0.0,0.0,0.0,0.0,0.0,0.0,0.0,0.0,1.0,0.0,0.0,0.0,0.0,0.0,1.0,0.0,1.0,0.0,0.0,0.0,1.0,0.0,0.0,0.0,1.0,0.0,0.0,0.0,0.0,0.0,1.0,0.0,1.0,0.0,0.0,0.0,0.0,0.0,0.0,0.0,0.0,1.0,0.0,0.0,0.0,0.0,0.0,0.0,0.0,0.0,0.0,8.3,532.0,590
