,Unnamed: 0,Unnamed: 0.1,Unnamed: 0.1.1,in_amount_mmol,p_amount_mmol,sol_amount_ml,TOP_amount_mmol,acid_amount_mmol,amine_amount_mmol,thiol_amount_mmol,zinc_amount_mmol,other_amount_mmol,total_volume_ml,temp_c,time_min,x0_chloroindium oxalate,x0_indium acetate,x0_indium bromide,x0_indium chloride,x0_indium iodide,x0_indium myristate,x0_indium oxalate,x0_indium palmitate,x0_indium trifluoroacetate,"x0_indium tris(N,N-diisopropylacetamidinato)",x1_bis(trimethylsilyl)phosphine,x1_phosphine gas,x1_phosphorus trichloride,x1_sodium phosphide,x1_tris(diethylamino)phosphine,x1_tris(dimethylamino)phosphine,x1_tris(trimethylgermyl)phosphine,x1_tris(trimethylsilyl)phosphine,x1_white phosphorus,x2_4-ethylpyridine,x2_None,x2_dimethylformamide,x2_mesitylene,x2_octadecene,x2_toluene,x3_None,x3_trioctylphosphine,x4_None,x4_lauric acid,x4_myristic acid,x4_oleic acid,x4_palmitic acid,x4_stearic acid,x5_None,x5_dioctylamine,x5_dodecylamine,x5_hexadecylamine,x5_octylamine,x5_oleylamine,x6_None,x6_dodecanethiol,x7_None,x7_zinc acetate,x7_zinc bromide,x7_zinc chloride,x7_zinc iodide,x7_zinc octanoate,x7_zinc oleate,x7_zinc stearate,x7_zinc undecylenate,x8_None,x8_acetic acid,x8_copper bromide,x8_oleic acid,x8_superhydride,x8_tetrabutylammonium myristate,x8_trioctylamine,x8_trioctylphosphine oxide,x8_water,x8_zinc iodide,diameter_nm,abs_nm,emission_nm,Unnamed: 78
0,0,0,0,2.798292886,0.769562787,-0.528015198,1.951881111,-0.431076632,-0.641826903,-0.197117053,-0.629015021,8.009708158,0.412626349,1.175039865,3.449768678,1,0,0,0,0,0,0,0,0,0,0,0,0,0,0,0,0,1,0,0,1,0,0,0,0,0,1,1,0,0,0,0,0,1,0,0,0,0,0,1,0,1,0,0,0,0,0,0,0,0,0,0,0,0,0,0,0,1,0,0,3.4615,599.0,612.0,13.0
1,1,1,1,0.055435832,-0.361431827,-0.528015198,1.958217168,-0.431076632,-0.641826903,-0.197117053,-0.629015021,3.87305151,0.063283859,0.975942201,3.449768678,1,0,0,0,0,0,0,0,0,0,0,0,0,0,0,0,0,1,0,0,1,0,0,0,0,0,1,1,0,0,0,0,0,1,0,0,0,0,0,1,0,1,0,0,0,0,0,0,0,0,0,0,0,0,0,0,0,1,0,0,2.6,530.0,600.0,70.0
2,2,2,2,0.782458183,0.017998624,-0.528015198,0.600490514,-0.431076632,-0.641826903,-0.197117053,-0.629015021,-0.098138874,-0.500810603,0.975942201,3.449768678,1,0,0,0,0,0,0,0,0,0,0,0,0,0,0,0,0,1,0,0,1,0,0,0,0,0,1,1,0,0,0,0,0,1,0,0,0,0,0,1,0,1,0,0,0,0,0,0,0,0,0,0,0,0,0,0,0,1,0,0,3.5,595.0,665.0,70.0
3,3,3,3,0.782458183,0.017998624,-0.528015198,0.600490514,-0.431076632,-0.641826903,-0.197117053,-0.629015021,-0.098138874,-0.500810603,1.573235192,3.449768678,1,0,0,0,0,0,0,0,0,0,0,0,0,0,0,0,0,1,0,0,1,0,0,0,0,0,1,1,0,0,0,0,0,1,0,0,0,0,0,1,0,1,0,0,0,0,0,0,0,0,0,0,0,0,0,0,0,1,0,0,4.6,650.0,699.5,49.5
4,4,4,4,0.055435832,0.280681244,-0.528015198,1.958217168,-0.431076632,-0.641826903,-0.197117053,-0.629015021,3.87305151,0.063283859,0.975942201,3.449768678,1,0,0,0,0,0,0,0,0,0,0,0,0,0,0,0,0,1,0,0,1,0,0,0,0,0,1,1,0,0,0,0,0,1,0,0,0,0,0,1,0,1,0,0,0,0,0,0,0,0,0,0,0,0,0,0,0,1,0,0,2.52,520.0,600.0,80.0
5,5,5,5,0.055435832,0.280681244,-0.528015198,1.958217168,-0.431076632,-0.641826903,-0.197117053,-0.629015021,3.87305151,0.063283859,0.975942201,7.207881521,1,0,0,0,0,0,0,0,0,0,0,0,0,0,0,0,0,1,0,0,1,0,0,0,0,0,1,1,0,0,0,0,0,1,0,0,0,0,0,1,0,1,0,0,0,0,0,0,0,0,0,0,0,0,0,0,0,1,0,0,2.66,590.0,663.0,73.0
6,6,6,6,0.195883331,0.280681244,-0.528015198,-0.30466059,-0.431076632,-0.641826903,-0.197117053,-0.629015021,-0.098138874,-0.652556049,0.975942201,3.449768678,1,0,0,0,0,0,0,0,0,0,0,0,0,0,0,0,0,1,0,0,1,0,0,0,0,1,0,1,0,0,0,0,0,1,0,0,0,0,0,1,0,1,0,0,0,0,0,0,0,0,0,0,0,0,0,0,0,1,0,0,2.61,610.0,655.0,45.0
7,7,7,7,-0.258505638,-0.376025306,1.691836289,-0.30466059,0.144142814,-0.641826903,-0.197117053,-0.629015021,1.970189451,1.534571383,0.577746873,-0.099560119,0,1,0,0,0,0,0,0,0,0,0,0,1,0,0,0,0,0,0,0,0,0,0,1,0,1,0,0,0,0,0,0,1,1,0,0,0,0,0,1,0,1,0,0,0,0,0,0,0,0,0,0,0,0,1,0,0,0,0,0,3.5,562.0,618.0,56.0
8,8,8,8,-0.258505638,-0.376025306,1.691836289,-0.30466059,0.144142814,-0.641826903,-0.197117053,-0.629015021,1.970189451,1.534571383,-0.218643781,-0.256148154,0,1,0,0,0,0,0,0,0,0,0,0,1,0,0,0,0,0,0,0,0,0,0,1,0,1,0,0,0,0,0,0,1,1,0,0,0,0,0,1,0,1,0,0,0,0,0,0,0,0,0,0,0,0,1,0,0,0,0,0,1.8225000000000002,473.0,558.0,85.0
9,9,9,9,-0.258505638,-0.376025306,1.691836289,-0.30466059,0.144142814,-0.641826903,-0.197117053,-0.629015021,1.970189451,1.534571383,0.179551546,-0.256148154,0,1,0,0,0,0,0,0,0,0,0,0,1,0,0,0,0,0,0,0,0,0,0,1,0,1,0,0,0,0,0,0,1,1,0,0,0,0,0,1,0,1,0,0,0,0,0,0,0,0,0,0,0,0,1,0,0,0,0,0,2.891,524.0,587.3333333,63.33333333
10,10,10,10,-0.258505638,-0.376025306,1.691836289,-0.30466059,0.144142814,-0.641826903,-0.197117053,-0.629015021,1.970189451,1.534571383,0.577746873,-0.256148154,0,1,0,0,0,0,0,0,0,0,0,0,1,0,0,0,0,0,0,0,0,0,0,1,0,1,0,0,0,0,0,0,1,1,0,0,0,0,0,1,0,1,0,0,0,0,0,0,0,0,0,0,0,0,1,0,0,0,0,0,2.906,538.0,594.5,56.5
11,11,11,11,-0.258505638,-0.376025306,1.691836289,-0.30466059,0.144142814,-0.641826903,-0.197117053,-0.629015021,1.970189451,1.534571383,0.975942201,-0.256148154,0,1,0,0,0,0,0,0,0,0,0,0,1,0,0,0,0,0,0,0,0,0,0,1,0,1,0,0,0,0,0,0,1,1,0,0,0,0,0,1,0,1,0,0,0,0,0,0,0,0,0,0,0,0,1,0,0,0,0,0,3.3075714285714284,576.0,622.1666667,46.16666667
12,12,12,12,-0.258505638,-0.376025306,1.691836289,-0.30466059,0.144142814,-0.641826903,-0.197117053,-0.629015021,1.970189451,1.534571383,1.374137528,-0.256148154,0,1,0,0,0,0,0,0,0,0,0,0,1,0,0,0,0,0,0,0,0,0,0,1,0,1,0,0,0,0,0,0,1,1,0,0,0,0,0,1,0,1,0,0,0,0,0,0,0,0,0,0,0,0,1,0,0,0,0,0,3.3075714285714284,578.0,622.1666667,44.16666667
13,13,13,13,-0.341121815,-0.59492749,-0.103631826,-0.30466059,0.22083874,-0.429942678,-0.197117053,-0.629015021,-0.263605139,-0.240774661,-0.815936773,-0.29964483,0,1,0,0,0,0,0,0,0,0,0,0,0,0,0,0,0,1,0,0,0,0,0,1,0,1,0,0,0,1,0,0,0,0,0,0,0,1,0,1,0,1,0,0,0,0,0,0,0,0,1,0,0,0,0,0,0,0,0,0,3.7,580.0,588.0,8.0
14,14,14,14,-0.341121815,-0.59492749,-0.103631826,-0.30466059,0.22083874,-0.429942678,-0.197117053,-0.629015021,-0.263605139,-0.240774661,-0.815936773,-0.307474232,0,1,0,0,0,0,0,0,0,0,0,0,0,0,0,0,0,1,0,0,0,0,0,1,0,1,0,0,0,1,0,0,0,0,0,0,0,1,0,1,0,1,0,0,0,0,0,0,0,0,1,0,0,0,0,0,0,0,0,0,3.4025000000000007,492.0,553.5,61.5
15,15,15,15,-0.341121815,-0.59492749,-0.103631826,-0.30466059,0.22083874,-0.429942678,-0.197117053,-0.629015021,-0.263605139,-0.240774661,-1.413229764,-0.307474232,0,1,0,0,0,0,0,0,0,0,0,0,0,0,0,0,0,1,0,0,0,0,0,1,0,1,0,0,0,1,0,0,0,0,0,0,0,1,0,1,0,1,0,0,0,0,0,0,0,0,1,0,0,0,0,0,0,0,0,0,1.9725000000000006,397.0,535.3333333,138.3333333
16,16,16,16,-0.341121815,-0.59492749,-0.103631826,-0.30466059,0.22083874,-0.429942678,-0.197117053,-0.629015021,-0.263605139,-0.240774661,-1.413229764,-0.29964483,0,1,0,0,0,0,0,0,0,0,0,0,0,0,0,0,0,1,0,0,0,0,0,1,0,1,0,0,0,1,0,0,0,0,0,0,0,1,0,1,0,1,0,0,0,0,0,0,0,0,1,0,0,0,0,0,0,0,0,0,1.9000000000000004,462.0,559.8333333,97.83333333
17,17,17,17,-0.341121815,-0.59492749,-0.103631826,-0.30466059,0.22083874,-0.429942678,-0.197117053,-0.629015021,-0.263605139,-0.240774661,-1.413229764,-0.28224616,0,1,0,0,0,0,0,0,0,0,0,0,0,0,0,0,0,1,0,0,0,0,0,1,0,1,0,0,0,1,0,0,0,0,0,0,0,1,0,1,0,1,0,0,0,0,0,0,0,0,1,0,0,0,0,0,0,0,0,0,3.5700000000000003,500.0,553.5,53.5
18,19,19,19,-0.341121815,-0.59492749,-0.103631826,-0.30466059,0.22083874,-0.429942678,-0.197117053,-0.629015021,-0.263605139,-0.240774661,-1.413229764,-0.203952142,0,1,0,0,0,0,0,0,0,0,0,0,0,0,0,0,0,1,0,0,0,0,0,1,0,1,0,0,0,1,0,0,0,0,0,0,0,1,0,1,0,1,0,0,0,0,0,0,0,0,1,0,0,0,0,0,0,0,0,0,2.9035714285714294,574.0,601.3333333,27.33333333
19,20,20,20,0.154575243,-0.011188334,-0.462725449,-0.30466059,-0.431076632,-0.641826903,5.132344018,0.962232404,-0.263605139,-0.595982622,-0.815936773,-0.256148154,0,1,0,0,0,0,0,0,0,0,0,0,0,0,0,0,0,1,0,0,0,0,0,1,0,1,0,1,0,0,0,0,0,1,0,0,0,0,0,0,1,0,0,0,0,0,1,0,0,0,1,0,0,0,0,0,0,0,0,0,2.0074999999999994,442.0,500.0,58.0
20,21,21,21,0.154575243,-0.011188334,-0.462725449,-0.30466059,-0.431076632,-0.641826903,5.132344018,0.962232404,-0.263605139,-0.595982622,-0.815936773,-0.203952142,0,1,0,0,0,0,0,0,0,0,0,0,0,0,0,0,0,1,0,0,0,0,0,1,0,1,0,1,0,0,0,0,0,1,0,0,0,0,0,0,1,0,0,0,0,0,1,0,0,0,1,0,0,0,0,0,0,0,0,0,2.0074999999999994,442.0,520.0,78.0
21,22,22,22,0.154575243,-0.011188334,-0.462725449,-0.30466059,-0.431076632,-0.641826903,5.132344018,0.962232404,-0.263605139,-0.595982622,-0.815936773,-0.099560119,0,1,0,0,0,0,0,0,0,0,0,0,0,0,0,0,0,1,0,0,0,0,0,1,0,1,0,1,0,0,0,0,0,1,0,0,0,0,0,0,1,0,0,0,0,0,1,0,0,0,1,0,0,0,0,0,0,0,0,0,2.0349999999999997,442.0,538.0,96.0
22,23,23,23,0.154575243,-0.011188334,-0.462725449,-0.30466059,-0.431076632,-0.641826903,5.132344018,0.962232404,-0.263605139,-0.595982622,-0.417741445,-0.243099151,0,1,0,0,0,0,0,0,0,0,0,0,0,0,0,0,0,1,0,0,0,0,0,1,0,1,0,1,0,0,0,0,0,1,0,0,0,0,0,0,1,0,0,0,0,0,1,0,0,0,1,0,0,0,0,0,0,0,0,0,1.94,442.0,540.0,98.0
23,24,24,24,0.154575243,-0.011188334,-0.462725449,-0.30466059,-0.431076632,-0.641826903,5.132344018,0.962232404,-0.263605139,-0.595982622,1.175039865,-0.28224616,0,1,0,0,0,0,0,0,0,0,0,0,0,0,0,0,0,1,0,0,0,0,0,1,0,1,0,1,0,0,0,0,0,1,0,0,0,0,0,0,1,0,0,0,0,0,1,0,0,0,1,0,0,0,0,0,0,0,0,0,1.9349999999999998,442.0,590.0,148.0
24,25,25,25,0.154575243,-0.011188334,-0.462725449,-0.30466059,-0.431076632,-0.641826903,5.132344018,0.962232404,-0.263605139,-0.595982622,1.175039865,-0.203952142,0,1,0,0,0,0,0,0,0,0,0,0,0,0,0,0,0,1,0,0,0,0,0,1,0,1,0,1,0,0,0,0,0,1,0,0,0,0,0,0,1,0,0,0,0,0,1,0,0,0,1,0,0,0,0,0,0,0,0,0,1.9299999999999997,442.0,600.0,158.0
25,26,26,26,0.154575243,-0.011188334,-0.462725449,-0.30466059,-0.431076632,-0.641826903,5.132344018,0.962232404,-0.263605139,-0.595982622,0.179551546,-0.28224616,0,1,0,0,0,0,0,0,0,0,0,0,0,0,0,0,0,1,0,0,0,0,0,1,0,1,0,1,0,0,0,0,0,1,0,0,0,0,0,0,1,0,0,0,0,0,1,0,0,0,1,0,0,0,0,0,0,0,0,0,1.9449999999999998,442.0,560.0,118.0
26,27,27,27,1.80689877,0.353648639,2.410023535,0.82361026,3.020240045,-0.641826903,-0.197117053,-0.629015021,-0.263605139,2.360720014,0.776844537,-0.256148154,0,1,0,0,0,0,0,0,0,0,0,0,0,0,0,0,0,1,0,0,0,0,0,1,0,0,1,0,0,0,1,0,0,1,0,0,0,0,0,1,0,1,0,0,0,0,0,0,0,0,1,0,0,0,0,0,0,0,0,0,2.4,564.3333333,605.8333333,41.5
27,30,30,30,-0.588970344,-0.667894884,-0.087309388,-0.30466059,-0.082110168,-0.641826903,-0.197117053,-0.549452649,-0.263605139,-0.2409008,1.573235192,-0.29964483,0,1,0,0,0,0,0,0,0,0,0,0,0,0,0,0,0,1,0,0,0,0,0,1,0,1,0,0,0,0,1,0,0,1,0,0,0,0,0,1,0,0,0,0,0,0,0,1,0,0,1,0,0,0,0,0,0,0,0,0,1.9649999999999999,455.0,507.0,52.0
28,31,31,31,-0.588970344,-0.667894884,-0.087309388,-0.30466059,-0.328304091,-0.641826903,-0.197117053,-0.549452649,-0.263605139,-0.2409008,1.573235192,-0.29964483,0,1,0,0,0,0,0,0,0,0,0,0,0,0,0,0,0,1,0,0,0,0,0,1,0,1,0,0,0,0,1,0,0,1,0,0,0,0,0,1,0,0,0,0,0,0,0,1,0,0,1,0,0,0,0,0,0,0,0,0,1.9650000000000003,460.0,518.0,58.0
29,32,32,32,-0.588970344,-0.667894884,-0.087309388,-0.30466059,-0.320634499,-0.641826903,-0.197117053,-0.549452649,-0.263605139,-0.2409008,1.573235192,-0.29964483,0,1,0,0,0,0,0,0,0,0,0,0,0,0,0,0,0,1,0,0,0,0,0,1,0,1,0,0,0,0,1,0,0,1,0,0,0,0,0,1,0,0,0,0,0,0,0,1,0,0,1,0,0,0,0,0,0,0,0,0,1.975,457.0,522.0,65.0
30,33,33,33,-0.588970344,-0.667894884,-0.087309388,-0.30466059,-0.312964906,-0.641826903,-0.197117053,-0.549452649,-0.263605139,-0.2409008,1.573235192,-0.29964483,0,1,0,0,0,0,0,0,0,0,0,0,0,0,0,0,0,1,0,0,0,0,0,1,0,1,0,0,0,0,1,0,0,1,0,0,0,0,0,1,0,0,0,0,0,0,0,1,0,0,1,0,0,0,0,0,0,0,0,0,1.975,456.0,525.0,69.0
31,34,34,34,-0.588970344,-0.667894884,-0.087309388,-0.30466059,-0.335973684,-0.641826903,-0.197117053,-0.549452649,-0.263605139,-0.2409008,1.573235192,-0.29964483,0,1,0,0,0,0,0,0,0,0,0,0,0,0,0,0,0,1,0,0,0,0,0,1,0,1,0,0,0,0,1,0,0,1,0,0,0,0,0,1,0,0,0,0,0,0,0,1,0,0,1,0,0,0,0,0,0,0,0,0,1.8475000000000001,470.0,530.0,60.0
32,35,35,35,-0.506354167,-0.667894884,0.124882298,-0.30466059,-0.200988854,-0.641826903,-0.197117053,-0.629015021,-0.263605139,-0.035924614,1.573235192,-0.290945495,0,1,0,0,0,0,0,0,0,0,0,0,0,0,0,0,0,1,0,0,0,0,0,1,0,1,0,0,0,1,0,0,0,1,0,0,0,0,0,1,0,1,0,0,0,0,0,0,0,0,1,0,0,0,0,0,0,0,0,0,4,525.0,558.0,33.0
33,36,36,36,-0.547662256,-0.667894884,0.124882298,0.071429693,-0.258510798,-0.641826903,-0.197117053,-0.629015021,-0.263605139,0.027144981,1.672784024,-0.306604298,0,1,0,0,0,0,0,0,0,0,0,0,0,0,0,0,0,1,0,0,0,0,0,1,0,0,1,0,0,0,0,1,0,1,0,0,0,0,0,1,0,1,0,0,0,0,0,0,0,0,1,0,0,0,0,0,0,0,0,0,1.8,472.0,559.1666667,87.16666667
34,37,37,37,-0.547662256,-0.667894884,0.124882298,0.071429693,-0.258510798,-0.641826903,-0.197117053,-0.629015021,-0.263605139,0.027144981,1.672784024,-0.295295163,0,1,0,0,0,0,0,0,0,0,0,0,0,0,0,0,0,1,0,0,0,0,0,1,0,0,1,0,0,0,0,1,0,1,0,0,0,0,0,1,0,1,0,0,0,0,0,0,0,0,1,0,0,0,0,0,0,0,0,0,2.8984999999999994,486.0,559.0,73.0
35,38,38,38,-0.547662256,-0.667894884,0.124882298,0.071429693,-0.258510798,-0.641826903,-0.197117053,-0.629015021,-0.263605139,0.027144981,1.672784024,-0.15175613,0,1,0,0,0,0,0,0,0,0,0,0,0,0,0,0,0,1,0,0,0,0,0,1,0,0,1,0,0,0,0,1,0,1,0,0,0,0,0,1,0,1,0,0,0,0,0,0,0,0,1,0,0,0,0,0,0,0,0,0,3.2510000000000003,499.0,564.6666667,65.66666667
36,39,39,39,2.633060533,0.718485611,0.581910545,-0.30466059,5.129378015,-0.641826903,-0.197117053,-0.629015021,-0.263605139,0.405562554,1.274588696,-0.290945495,0,1,0,0,0,0,0,0,0,0,0,0,0,0,0,0,0,1,0,0,0,0,0,1,0,1,0,0,0,1,0,0,0,1,0,0,0,0,0,1,0,1,0,0,0,0,0,0,0,0,1,0,0,0,0,0,0,0,0,0,2.4,530.0,579.0,49.0
37,40,40,40,2.633060533,0.718485611,0.134022863,-0.30466059,5.129378015,-0.641826903,-0.197117053,-0.629015021,-0.263605139,0.279423363,1.672784024,-0.290945495,0,1,0,0,0,0,0,0,0,0,0,0,0,0,0,0,0,1,0,0,0,0,0,1,0,1,0,0,0,0,1,0,0,1,0,0,0,0,0,1,0,1,0,0,0,0,0,0,0,0,1,0,0,0,0,0,0,0,0,0,3.1,555.0,595.0,40.0
38,41,41,41,-0.175889462,-0.448992701,0.124882298,0.071429693,0.259186703,-0.641826903,-0.197117053,0.325733434,1.523430533,0.027144981,0.37864921,-0.256148154,0,1,0,0,0,0,0,0,0,0,0,0,0,0,0,0,0,1,0,0,0,0,0,1,0,0,1,0,1,0,0,0,0,1,0,0,0,0,0,1,0,0,1,0,0,0,0,0,0,0,0,0,0,1,0,0,0,0,0,0,2,430.0,477.0,47.0
39,42,42,42,-0.390691521,-0.573037271,0.059592548,-0.30466059,-0.047597001,-0.641826903,-0.197117053,-0.629015021,-0.263605139,-0.09899421,1.772332856,-0.29964483,0,1,0,0,0,0,0,0,0,0,0,0,0,0,0,0,0,1,0,0,0,0,0,1,0,1,0,0,0,0,1,0,0,1,0,0,0,0,0,1,0,1,0,0,0,0,0,0,0,0,1,0,0,0,0,0,0,0,0,0,3.2,553.0,588.8333333,35.83333333
40,43,43,43,0.319807596,-0.297950194,0.255461797,-0.30466059,0.949450039,-0.641826903,-0.197117053,-0.629015021,-0.263605139,0.090214577,0.179551546,-0.295295163,0,1,0,0,0,0,0,0,0,0,0,0,0,0,0,0,0,1,0,0,0,0,0,1,0,1,0,0,0,0,0,0,1,1,0,0,0,0,0,1,0,1,0,0,0,0,0,0,0,0,1,0,0,0,0,0,0,0,0,0,3.5699999999999994,498.0,542.0,44.0
41,44,44,44,0.319807596,-0.297950194,0.255461797,-0.30466059,0.949450039,-0.641826903,-0.197117053,-0.629015021,-0.263605139,0.090214577,0.179551546,-0.303994498,0,1,0,0,0,0,0,0,0,0,0,0,0,0,0,0,0,1,0,0,0,0,0,1,0,1,0,0,0,0,0,1,0,1,0,0,0,0,0,1,0,1,0,0,0,0,0,0,0,0,1,0,0,0,0,0,0,0,0,0,3.465,502.0,548.0,46.0
42,45,45,45,0.319807596,-0.297950194,0.255461797,-0.30466059,0.949450039,-0.641826903,-0.197117053,-0.629015021,-0.263605139,0.090214577,0.179551546,-0.303994498,0,1,0,0,0,0,0,0,0,0,0,0,0,0,0,0,0,1,0,0,0,0,0,1,0,1,0,0,0,1,0,0,0,1,0,0,0,0,0,1,0,1,0,0,0,0,0,0,0,0,1,0,0,0,0,0,0,0,0,0,3.3699999999999997,512.0,554.0,42.0
43,46,46,46,0.319807596,-0.297950194,0.255461797,-0.30466059,0.949450039,-0.641826903,-0.197117053,-0.629015021,-0.263605139,0.090214577,0.179551546,-0.295295163,0,1,0,0,0,0,0,0,0,0,0,0,0,0,0,0,0,1,0,0,0,0,0,1,0,1,0,0,0,0,1,0,0,1,0,0,0,0,0,1,0,1,0,0,0,0,0,0,0,0,1,0,0,0,0,0,0,0,0,0,3.505,512.0,558.0,46.0
44,47,47,47,-0.506354167,-0.667894884,0.124882298,-0.116615448,-0.200988854,-0.641826903,-0.197117053,-0.629015021,-0.263605139,-0.004389817,1.175039865,-0.290945495,0,1,0,0,0,0,0,0,0,0,0,0,0,0,0,0,0,1,0,0,0,0,0,1,0,0,1,0,0,0,0,1,0,1,0,0,0,0,0,1,0,1,0,0,0,0,0,0,0,0,1,0,0,0,0,0,0,0,0,0,2.5,580.0,605.3333333,25.33333333
45,48,48,48,-0.506354167,-0.667894884,0.124882298,-0.116615448,-0.200988854,-0.641826903,-0.197117053,-0.629015021,-0.263605139,-0.004389817,1.175039865,-0.290945495,0,1,0,0,0,0,0,0,0,0,0,0,0,0,0,0,0,1,0,0,0,0,0,1,0,0,1,0,0,0,0,1,0,1,0,0,0,0,0,1,0,1,0,0,0,0,0,0,0,0,1,0,0,0,0,0,0,0,0,0,3.26,584.0,615.0,31.0
46,49,49,49,-0.588970344,-0.667894884,0.124882298,-0.30466059,-0.316032743,-0.641826903,-0.197117053,-0.525583938,-0.263605139,-0.035924614,1.573235192,-0.29964483,0,1,0,0,0,0,0,0,0,0,0,0,0,0,0,0,0,1,0,0,0,0,0,1,0,1,0,0,0,0,1,0,0,1,0,0,0,0,0,1,0,0,0,0,0,0,0,1,0,0,1,0,0,0,0,0,0,0,0,0,1.9150000000000003,460.0,480.0,20.0
47,50,50,50,-0.341121815,-0.59492749,-0.031813101,-0.30466059,0.124968832,-0.641826903,-0.197117053,-0.629015021,-0.263605139,-0.187291644,1.274588696,-0.301384697,0,1,0,0,0,0,0,0,0,0,1,0,0,0,0,0,0,0,0,0,0,0,0,1,0,1,0,0,0,1,0,0,0,1,0,0,0,0,0,1,0,1,0,0,0,0,0,0,0,0,1,0,0,0,0,0,0,0,0,0,2.791,537.0,576.1666667,39.16666667
48,51,51,51,-0.341121815,-0.59492749,-0.031813101,-0.30466059,0.124968832,-0.641826903,-0.197117053,-0.629015021,-0.263605139,-0.187291644,1.274588696,-0.301384697,0,1,0,0,0,0,0,0,0,0,0,0,0,0,0,0,0,1,0,0,0,0,0,1,0,1,0,0,0,1,0,0,0,1,0,0,0,0,0,1,0,1,0,0,0,0,0,0,0,0,1,0,0,0,0,0,0,0,0,0,2.732,537.0,582.6666667,45.66666667
49,52,52,52,-0.341121815,-0.59492749,-0.031813101,-0.30466059,-0.431076632,-0.641826903,-0.197117053,-0.629015021,-0.084901572,-0.187291644,1.274588696,-0.301384697,0,1,0,0,0,0,0,0,0,0,0,0,0,0,0,0,0,1,0,0,0,0,0,1,0,1,0,1,0,0,0,0,0,1,0,0,0,0,0,1,0,1,0,0,0,0,0,0,0,0,0,0,0,0,0,1,0,0,0,0,2.7615000000000007,545.0,596.6666667,51.66666667
50,54,54,54,0.980737006,-0.521960095,-0.103631826,-0.30466059,2.521716525,-0.139995844,-0.197117053,-0.629015021,-0.263605139,-0.219141789,-0.855756305,-0.308170179,0,1,0,0,0,0,0,0,0,0,0,0,0,0,0,0,0,1,0,0,0,0,0,1,0,1,0,0,0,1,0,0,0,0,0,0,0,1,0,1,0,1,0,0,0,0,0,0,0,0,1,0,0,0,0,0,0,0,0,0,3.3950000000000005,498.0,553.5,55.5
51,55,55,55,0.980737006,-0.521960095,-0.103631826,-0.30466059,2.349150691,-0.139995844,-0.197117053,-0.629015021,-0.263605139,-0.219141789,-0.855756305,-0.308170179,0,1,0,0,0,0,0,0,0,0,0,0,0,0,0,0,0,1,0,0,0,0,0,1,0,1,0,0,0,1,0,0,0,0,0,0,0,1,0,1,0,1,0,0,0,0,0,0,0,0,1,0,0,0,0,0,0,0,0,0,1.8650000000000002,476.0,555.1666667,79.16666667
52,56,56,56,0.980737006,-0.521960095,-0.103631826,-0.30466059,2.713456341,-0.138601869,-0.197117053,-0.629015021,-0.263605139,-0.21901565,-0.855756305,-0.308170179,0,1,0,0,0,0,0,0,0,0,0,0,0,0,0,0,0,1,0,0,0,0,0,1,0,1,0,0,0,1,0,0,0,0,0,0,0,1,0,1,0,1,0,0,0,0,0,0,0,0,1,0,0,0,0,0,0,0,0,0,3.3775000000000004,491.0,553.5,62.5
53,57,57,57,0.980737006,-0.521960095,-0.103631826,-0.30466059,2.521716525,-0.139995844,-0.197117053,-0.629015021,-0.263605139,-0.219141789,-0.855756305,-0.307474232,0,1,0,0,0,0,0,0,0,0,0,0,0,0,0,0,0,1,0,0,0,0,0,1,0,1,0,0,0,1,0,0,0,0,0,0,0,1,0,1,0,1,0,0,0,0,0,0,0,0,1,0,0,0,0,0,0,0,0,0,2.5650000000000004,530.0,570.5,40.5
54,58,58,58,0.980737006,-0.521960095,-0.103631826,-0.30466059,2.349150691,-0.139995844,-0.197117053,-0.629015021,-0.263605139,-0.219141789,-0.855756305,-0.307474232,0,1,0,0,0,0,0,0,0,0,0,0,0,0,0,0,0,1,0,0,0,0,0,1,0,1,0,0,0,1,0,0,0,0,0,0,0,1,0,1,0,1,0,0,0,0,0,0,0,0,1,0,0,0,0,0,0,0,0,0,3.3950000000000005,497.0,553.5,56.5
55,59,59,59,0.980737006,-0.521960095,-0.103631826,-0.30466059,2.713456341,-0.138601869,-0.197117053,-0.629015021,-0.263605139,-0.21901565,-0.855756305,-0.307474232,0,1,0,0,0,0,0,0,0,0,0,0,0,0,0,0,0,1,0,0,0,0,0,1,0,1,0,0,0,1,0,0,0,0,0,0,0,1,0,1,0,1,0,0,0,0,0,0,0,0,1,0,0,0,0,0,0,0,0,0,2.9550000000000005,522.0,561.3333333,39.33333333
56,60,60,60,0.980737006,-0.521960095,-0.103631826,-0.30466059,2.349150691,-0.139995844,-0.197117053,-0.629015021,-0.263605139,-0.219141789,-0.855756305,-0.29964483,0,1,0,0,0,0,0,0,0,0,0,0,0,0,0,0,0,1,0,0,0,0,0,1,0,1,0,0,0,1,0,0,0,0,0,0,0,1,0,1,0,1,0,0,0,0,0,0,0,0,1,0,0,0,0,0,0,0,0,0,3.15,509.0,561.3333333,52.33333333
57,62,62,62,0.980737006,-0.521960095,-0.103631826,-0.30466059,2.521716525,-0.139995844,-0.197117053,-0.629015021,-0.263605139,-0.219141789,-0.855756305,-0.290945495,0,1,0,0,0,0,0,0,0,0,0,0,0,0,0,0,0,1,0,0,0,0,0,1,0,1,0,0,0,1,0,0,0,0,0,0,0,1,0,1,0,1,0,0,0,0,0,0,0,0,1,0,0,0,0,0,0,0,0,0,4.144571428571429,590.0,609.3333333,19.33333333
58,63,63,63,0.980737006,-0.521960095,-0.103631826,-0.30466059,2.349150691,-0.139995844,-0.197117053,-0.629015021,-0.263605139,-0.219141789,-0.855756305,-0.28224616,0,1,0,0,0,0,0,0,0,0,0,0,0,0,0,0,0,1,0,0,0,0,0,1,0,1,0,0,0,1,0,0,0,0,0,0,0,1,0,1,0,1,0,0,0,0,0,0,0,0,1,0,0,0,0,0,0,0,0,0,3.14,518.0,561.3333333,43.33333333
59,65,65,65,0.980737006,-0.521960095,-0.103631826,-0.30466059,2.349150691,-0.139995844,-0.197117053,-0.629015021,-0.263605139,-0.219141789,-0.855756305,-0.256148154,0,1,0,0,0,0,0,0,0,0,0,0,0,0,0,0,0,1,0,0,0,0,0,1,0,1,0,0,0,1,0,0,0,0,0,0,0,1,0,1,0,1,0,0,0,0,0,0,0,0,1,0,0,0,0,0,0,0,0,0,2.87,520.0,566.6666667,46.66666667
60,66,66,66,-0.093273286,-0.485476398,2.083574787,-0.30466059,0.374230592,-0.641826903,-0.197117053,-0.629015021,-0.263605139,1.85616325,0.975942201,-0.15175613,0,1,0,0,0,0,0,0,0,0,0,0,0,0,0,0,0,1,0,0,0,0,0,1,0,1,0,0,0,0,0,1,0,1,0,0,0,0,0,1,0,1,0,0,0,0,0,0,0,0,1,0,0,0,0,0,0,0,0,0,2.7,532.0,591.0,59.0
61,67,67,67,-0.588970344,-0.704378581,-0.031813101,-0.30466059,-0.316032743,-0.641826903,-0.197117053,-0.629015021,-0.263605139,-0.187291644,0.975942201,-0.303994498,0,1,0,0,0,0,0,0,0,0,0,0,0,0,0,0,0,1,0,0,0,0,0,1,0,1,0,0,1,0,0,0,0,1,0,0,0,0,0,1,0,1,0,0,0,0,0,0,0,0,1,0,0,0,0,0,0,0,0,0,2.5195000000000007,571.0,604.8333333,33.83333333
62,68,68,68,-0.588970344,-0.704378581,-0.031813101,-0.30466059,-0.316032743,-0.641826903,-0.197117053,-0.629015021,-0.263605139,-0.187291644,0.975942201,-0.303994498,0,1,0,0,0,0,0,0,0,0,0,0,0,0,0,0,0,1,0,0,0,0,0,1,0,1,0,0,0,1,0,0,0,1,0,0,0,0,0,1,0,1,0,0,0,0,0,0,0,0,1,0,0,0,0,0,0,0,0,0,3.46,500.0,541.8333333,41.83333333
63,69,69,69,-0.588970344,-0.704378581,-0.031813101,-0.30466059,-0.316032743,-0.641826903,-0.197117053,-0.629015021,-0.263605139,-0.187291644,0.975942201,-0.303994498,0,1,0,0,0,0,0,0,0,0,0,0,0,0,0,0,0,1,0,0,0,0,0,1,0,1,0,0,0,1,0,0,0,1,0,0,0,0,0,1,0,1,0,0,0,0,0,0,0,0,1,0,0,0,0,0,0,0,0,0,3.3199999999999994,510.0,558.0,48.0
64,70,70,70,-0.588970344,-0.704378581,-0.031813101,-0.30466059,-0.316032743,-0.641826903,-0.197117053,-0.629015021,-0.263605139,-0.187291644,0.975942201,-0.303994498,0,1,0,0,0,0,0,0,0,0,0,0,0,0,0,0,0,1,0,0,0,0,0,1,0,1,0,0,0,0,0,1,0,1,0,0,0,0,0,1,0,1,0,0,0,0,0,0,0,0,1,0,0,0,0,0,0,0,0,0,3.435,500.0,541.8333333,41.83333333
65,71,71,71,-0.588970344,-0.704378581,-0.031813101,-0.30466059,-0.316032743,-0.641826903,-0.197117053,-0.629015021,-0.263605139,-0.187291644,0.975942201,-0.303994498,0,1,0,0,0,0,0,0,0,0,0,0,0,0,0,0,0,1,0,0,0,0,0,1,0,1,0,0,0,0,0,0,1,1,0,0,0,0,0,1,0,1,0,0,0,0,0,0,0,0,1,0,0,0,0,0,0,0,0,0,3.3850000000000002,496.0,556.3333333,60.33333333
66,72,72,72,-0.588970344,-0.704378581,-0.031813101,-0.30466059,-0.316032743,-0.641826903,-0.197117053,-0.629015021,-0.263605139,-0.187291644,0.975942201,-0.295295163,0,1,0,0,0,0,0,0,0,0,0,0,0,0,0,0,0,1,0,0,0,0,0,1,0,1,0,0,1,0,0,0,0,1,0,0,0,0,0,1,0,1,0,0,0,0,0,0,0,0,1,0,0,0,0,0,0,0,0,0,2.7030714285714295,574.0,604.8333333,30.83333333
67,73,73,73,-0.588970344,-0.704378581,-0.031813101,-0.30466059,-0.316032743,-0.641826903,-0.197117053,-0.629015021,-0.263605139,-0.187291644,0.975942201,-0.295295163,0,1,0,0,0,0,0,0,0,0,0,0,0,0,0,0,0,1,0,0,0,0,0,1,0,1,0,0,0,1,0,0,0,1,0,0,0,0,0,1,0,1,0,0,0,0,0,0,0,0,1,0,0,0,0,0,0,0,0,0,2.6470000000000007,540.0,582.6666667,42.66666667
68,74,74,74,-0.588970344,-0.704378581,-0.031813101,-0.30466059,-0.316032743,-0.641826903,-0.197117053,-0.629015021,-0.263605139,-0.187291644,0.975942201,-0.295295163,0,1,0,0,0,0,0,0,0,0,0,0,0,0,0,0,0,1,0,0,0,0,0,1,0,1,0,0,0,1,0,0,0,1,0,0,0,0,0,1,0,1,0,0,0,0,0,0,0,0,1,0,0,0,0,0,0,0,0,0,2.6470000000000007,531.0,577.5,46.5
69,75,75,75,-0.588970344,-0.704378581,-0.031813101,-0.30466059,-0.258510798,-0.641826903,-0.197117053,-0.629015021,-0.263605139,-0.187291644,0.975942201,-0.295295163,0,1,0,0,0,0,0,0,0,0,0,0,0,0,0,0,0,1,0,0,0,0,0,1,0,1,0,0,0,1,0,0,0,1,0,0,0,0,0,1,0,1,0,0,0,0,0,0,0,0,1,0,0,0,0,0,0,0,0,0,2.8555714285714293,580.0,604.5,24.5
70,76,76,76,-0.588970344,-0.704378581,-0.031813101,-0.30466059,-0.316032743,-0.641826903,-0.197117053,-0.629015021,-0.263605139,-0.187291644,0.975942201,-0.295295163,0,1,0,0,0,0,0,0,0,0,0,0,0,0,0,0,0,1,0,0,0,0,0,1,0,1,0,0,0,0,0,1,0,1,0,0,0,0,0,1,0,1,0,0,0,0,0,0,0,0,1,0,0,0,0,0,0,0,0,0,2.636,539.0,588.3333333,49.33333333
71,77,77,77,-0.588970344,-0.704378581,-0.031813101,-0.30466059,-0.316032743,-0.641826903,-0.197117053,-0.629015021,-0.263605139,-0.187291644,0.975942201,-0.295295163,0,1,0,0,0,0,0,0,0,0,0,0,0,0,0,0,0,1,0,0,0,0,0,1,0,1,0,0,0,0,0,0,1,1,0,0,0,0,0,1,0,1,0,0,0,0,0,0,0,0,1,0,0,0,0,0,0,0,0,0,2.7020000000000004,509.0,577.8333333,68.83333333
72,78,78,78,-0.588970344,-0.704378581,-0.031813101,-0.30466059,-0.316032743,-0.641826903,-0.197117053,-0.629015021,-0.263605139,-0.187291644,0.975942201,-0.28224616,0,1,0,0,0,0,0,0,0,0,0,0,0,0,0,0,0,1,0,0,0,0,0,1,0,1,0,0,1,0,0,0,0,1,0,0,0,0,0,1,0,1,0,0,0,0,0,0,0,0,1,0,0,0,0,0,0,0,0,0,2.7130714285714292,574.0,604.8333333,30.83333333
73,79,79,79,-0.588970344,-0.704378581,-0.031813101,-0.30466059,-0.316032743,-0.641826903,-0.197117053,-0.629015021,-0.263605139,-0.187291644,0.975942201,-0.28224616,0,1,0,0,0,0,0,0,0,0,0,0,0,0,0,0,0,1,0,0,0,0,0,1,0,1,0,0,0,1,0,0,0,1,0,0,0,0,0,1,0,1,0,0,0,0,0,0,0,0,1,0,0,0,0,0,0,0,0,0,2.6470000000000007,548.0,582.6666667,34.66666667
74,80,80,80,-0.588970344,-0.704378581,-0.031813101,-0.30466059,-0.316032743,-0.641826903,-0.197117053,-0.629015021,-0.263605139,-0.187291644,0.975942201,-0.28224616,0,1,0,0,0,0,0,0,0,0,0,0,0,0,0,0,0,1,0,0,0,0,0,1,0,1,0,0,0,1,0,0,0,1,0,0,0,0,0,1,0,1,0,0,0,0,0,0,0,0,1,0,0,0,0,0,0,0,0,0,2.6720000000000006,538.0,582.6666667,44.66666667
75,81,81,81,-0.588970344,-0.704378581,-0.031813101,-0.30466059,-0.258510798,-0.641826903,-0.197117053,-0.629015021,-0.263605139,-0.187291644,0.975942201,-0.28224616,0,1,0,0,0,0,0,0,0,0,0,0,0,0,0,0,0,1,0,0,0,0,0,1,0,1,0,0,0,1,0,0,0,1,0,0,0,0,0,1,0,1,0,0,0,0,0,0,0,0,1,0,0,0,0,0,0,0,0,0,2.870571428571429,580.0,604.5,24.5
76,82,82,82,-0.588970344,-0.704378581,-0.031813101,-0.30466059,-0.316032743,-0.641826903,-0.197117053,-0.629015021,-0.263605139,-0.187291644,0.975942201,-0.28224616,0,1,0,0,0,0,0,0,0,0,0,0,0,0,0,0,0,1,0,0,0,0,0,1,0,1,0,0,0,0,0,1,0,1,0,0,0,0,0,1,0,1,0,0,0,0,0,0,0,0,1,0,0,0,0,0,0,0,0,0,2.636,549.0,588.3333333,39.33333333
77,83,83,83,-0.588970344,-0.704378581,-0.031813101,-0.30466059,-0.316032743,-0.641826903,-0.197117053,-0.629015021,-0.263605139,-0.187291644,0.975942201,-0.28224616,0,1,0,0,0,0,0,0,0,0,0,0,0,0,0,0,0,1,0,0,0,0,0,1,0,1,0,0,0,0,0,0,1,1,0,0,0,0,0,1,0,1,0,0,0,0,0,0,0,0,1,0,0,0,0,0,0,0,0,0,2.7270000000000003,518.0,577.8333333,59.83333333
78,84,84,84,-0.588970344,-0.704378581,-0.031813101,-0.30466059,-0.258510798,-0.641826903,-0.197117053,-0.629015021,-0.263605139,-0.187291644,0.975942201,-0.203952142,0,1,0,0,0,0,0,0,0,0,0,0,0,0,0,0,0,1,0,0,0,0,0,1,0,1,0,0,0,1,0,0,0,1,0,0,0,0,0,1,0,1,0,0,0,0,0,0,0,0,1,0,0,0,0,0,0,0,0,0,3.3040714285714294,592.0,604.5,12.5
79,85,85,85,-0.588970344,-0.704378581,-0.031813101,-0.30466059,-0.316032743,-0.641826903,-0.197117053,-0.629015021,-0.263605139,-0.187291644,0.975942201,-0.15175613,0,1,0,0,0,0,0,0,0,0,0,0,0,0,0,0,0,1,0,0,0,0,0,1,0,1,0,0,1,0,0,0,0,1,0,0,0,0,0,1,0,1,0,0,0,0,0,0,0,0,1,0,0,0,0,0,0,0,0,0,2.728071428571429,575.0,605.0,30.0
80,86,86,86,-0.588970344,-0.704378581,-0.031813101,-0.30466059,-0.316032743,-0.641826903,-0.197117053,-0.629015021,-0.263605139,-0.187291644,0.975942201,-0.15175613,0,1,0,0,0,0,0,0,0,0,0,0,0,0,0,0,0,1,0,0,0,0,0,1,0,1,0,0,0,1,0,0,0,1,0,0,0,0,0,1,0,1,0,0,0,0,0,0,0,0,1,0,0,0,0,0,0,0,0,0,2.7220000000000004,550.0,594.8333333,44.83333333
81,87,87,87,-0.588970344,-0.704378581,-0.031813101,-0.30466059,-0.316032743,-0.641826903,-0.197117053,-0.629015021,-0.263605139,-0.187291644,0.975942201,-0.15175613,0,1,0,0,0,0,0,0,0,0,0,0,0,0,0,0,0,1,0,0,0,0,0,1,0,1,0,0,0,1,0,0,0,1,0,0,0,0,0,1,0,1,0,0,0,0,0,0,0,0,1,0,0,0,0,0,0,0,0,0,2.7220000000000004,550.0,594.8333333,44.83333333
82,88,88,88,-0.588970344,-0.704378581,-0.031813101,-0.30466059,-0.316032743,-0.641826903,-0.197117053,-0.629015021,-0.263605139,-0.187291644,0.975942201,-0.15175613,0,1,0,0,0,0,0,0,0,0,0,0,0,0,0,0,0,1,0,0,0,0,0,1,0,1,0,0,0,0,0,1,0,1,0,0,0,0,0,1,0,1,0,0,0,0,0,0,0,0,1,0,0,0,0,0,0,0,0,0,2.7010000000000005,551.0,600.5,49.5
83,89,89,89,-0.588970344,-0.704378581,-0.031813101,-0.30466059,-0.316032743,-0.641826903,-0.197117053,-0.629015021,-0.263605139,-0.187291644,0.975942201,-0.15175613,0,1,0,0,0,0,0,0,0,0,0,0,0,0,0,0,0,1,0,0,0,0,0,1,0,1,0,0,0,0,0,0,1,1,0,0,0,0,0,1,0,1,0,0,0,0,0,0,0,0,1,0,0,0,0,0,0,0,0,0,2.8020000000000005,538.0,602.8333333,64.83333333
84,90,90,90,2.633060533,0.718485611,6.000959764,3.456242244,4.170678938,-0.641826903,-0.197117053,-0.629015021,-0.263605139,6.271034934,0.776844537,-0.273546824,0,1,0,0,0,0,0,0,0,0,0,0,0,0,0,0,0,1,0,0,0,0,0,1,0,0,1,0,0,0,0,1,0,1,0,0,0,0,0,1,0,1,0,0,0,0,0,0,0,0,1,0,0,0,0,0,0,0,0,0,2.7,500.0,562.5,62.5
85,91,91,91,2.633060533,0.718485611,6.000959764,3.456242244,4.170678938,-0.641826903,-0.197117053,-0.629015021,-0.263605139,6.271034934,0.776844537,-0.307474232,0,1,0,0,0,0,0,0,0,0,0,0,0,0,0,0,0,1,0,0,0,0,0,1,0,0,1,0,0,0,0,1,0,1,0,0,0,0,0,1,0,1,0,0,0,0,0,0,0,0,1,0,0,0,0,0,0,0,0,0,2.0199999999999996,465.0,562.6666667,97.66666667
86,92,92,92,2.633060533,0.718485611,6.000959764,3.456242244,4.170678938,-0.641826903,-0.197117053,-0.629015021,-0.263605139,6.271034934,0.776844537,-0.290945495,0,1,0,0,0,0,0,0,0,0,0,0,0,0,0,0,0,1,0,0,0,0,0,1,0,0,1,0,0,0,0,1,0,1,0,0,0,0,0,1,0,1,0,0,0,0,0,0,0,0,1,0,0,0,0,0,0,0,0,0,3.1100000000000003,495.0,562.5,67.5
87,94,94,94,-0.506354167,-0.602224229,0.451331046,-0.30466059,-0.200988854,-0.641826903,-0.197117053,-0.629015021,-0.263605139,0.279423363,0.37864921,-0.303994498,0,1,0,0,0,0,0,0,0,0,0,1,0,0,0,0,0,0,0,0,0,0,0,1,0,1,0,0,0,1,0,0,0,1,0,0,0,0,0,1,0,1,0,0,0,0,0,0,0,0,1,0,0,0,0,0,0,0,0,0,2.6005000000000007,570.0,599.0,29.0
88,95,95,95,-0.506354167,-0.602224229,0.451331046,-0.30466059,-0.200988854,-0.641826903,-0.197117053,-0.629015021,-0.263605139,0.279423363,0.37864921,-0.290945495,0,1,0,0,0,0,0,0,0,0,0,1,0,0,0,0,0,0,0,0,0,0,0,1,0,1,0,0,0,1,0,0,0,1,0,0,0,0,0,1,0,1,0,0,0,0,0,0,0,0,1,0,0,0,0,0,0,0,0,0,3.3695714285714287,590.0,610.0,20.0
89,96,96,96,-0.506354167,-0.602224229,0.451331046,-0.30466059,-0.200988854,-0.641826903,-0.197117053,-0.629015021,-0.263605139,0.279423363,-0.417741445,-0.295295163,0,1,0,0,0,0,0,0,0,0,0,1,0,0,0,0,0,0,0,0,0,0,0,1,0,1,0,0,0,1,0,0,0,1,0,0,0,0,0,1,0,1,0,0,0,0,0,0,0,0,1,0,0,0,0,0,0,0,0,0,2.750000000000001,548.0,578.5,30.5
90,97,97,97,-0.506354167,-0.602224229,0.451331046,-0.30466059,-0.200988854,-0.641826903,-0.197117053,-0.629015021,-0.263605139,0.279423363,-0.019546118,-0.295295163,0,1,0,0,0,0,0,0,0,0,0,1,0,0,0,0,0,0,0,0,0,0,0,1,0,1,0,0,0,1,0,0,0,1,0,0,0,0,0,1,0,1,0,0,0,0,0,0,0,0,1,0,0,0,0,0,0,0,0,0,2.819071428571429,570.0,599.0,29.0
91,98,98,98,-0.506354167,-0.602224229,0.451331046,-0.30466059,-0.200988854,-0.641826903,-0.197117053,-0.629015021,-0.263605139,0.279423363,0.776844537,-0.295295163,0,1,0,0,0,0,0,0,0,0,0,1,0,0,0,0,0,0,0,0,0,0,0,1,0,1,0,0,0,1,0,0,0,1,0,0,0,0,0,1,0,1,0,0,0,0,0,0,0,0,1,0,0,0,0,0,0,0,0,0,3.2935000000000003,600.0,610.5,10.5
92,99,99,99,-0.175889462,-0.448992701,0.124882298,0.071429693,0.259186703,-0.641826903,-0.197117053,0.325733434,-0.263605139,0.027144981,0.37864921,-0.256148154,0,1,0,0,0,0,0,0,0,0,0,0,0,0,0,0,0,1,0,0,0,0,0,1,0,0,1,0,1,0,0,0,0,1,0,0,0,0,0,1,0,0,0,0,0,0,0,1,0,0,1,0,0,0,0,0,0,0,0,0,2,430.0,477.0,47.0
93,100,100,100,-0.605493579,-0.682488363,-0.070986951,-0.30466059,-0.331371928,-0.588855847,-0.197117053,-0.629015021,-0.263605139,-0.221160016,-0.417741445,-0.28224616,0,1,0,0,0,0,0,0,0,0,0,0,0,0,0,0,0,1,0,0,0,0,0,1,0,1,0,0,0,1,0,0,0,0,0,0,0,1,0,1,0,1,0,0,0,0,0,0,0,0,1,0,0,0,0,0,0,0,0,0,2.1,460.0,590.0,130.0
94,101,101,101,-0.506354167,-0.59492749,-0.103631826,-0.30466059,-0.162640891,-0.474549883,-0.197117053,-0.629015021,-0.263605139,-0.244117349,-1.811425091,-0.307474232,0,1,0,0,0,0,0,0,0,0,0,0,0,0,0,0,0,1,0,0,0,0,0,1,0,1,0,0,0,1,0,0,0,0,0,0,0,1,0,1,0,1,0,0,0,0,0,0,0,0,1,0,0,0,0,0,0,0,0,0,1.9600000000000004,419.0,535.3333333,116.3333333
95,102,102,102,-0.506354167,-0.59492749,-0.103631826,-0.30466059,-0.162640891,-0.474549883,-0.197117053,-0.629015021,-0.263605139,-0.244117349,-1.413229764,-0.307474232,0,1,0,0,0,0,0,0,0,0,0,0,0,0,0,0,0,1,0,0,0,0,0,1,0,1,0,0,0,1,0,0,0,0,0,0,0,1,0,1,0,1,0,0,0,0,0,0,0,0,1,0,0,0,0,0,0,0,0,0,1.9600000000000004,431.0,535.3333333,104.3333333
96,103,103,103,-0.506354167,-0.59492749,-0.103631826,-0.30466059,-0.162640891,-0.474549883,-0.197117053,-0.629015021,-0.263605139,-0.244117349,-1.015034436,-0.307474232,0,1,0,0,0,0,0,0,0,0,0,0,0,0,0,0,0,1,0,0,0,0,0,1,0,1,0,0,0,1,0,0,0,0,0,0,0,1,0,1,0,1,0,0,0,0,0,0,0,0,1,0,0,0,0,0,0,0,0,0,1.9100000000000001,446.0,538.5,92.5
97,104,104,104,-0.506354167,-0.59492749,-0.103631826,-0.30466059,-0.162640891,-0.474549883,-0.197117053,-0.629015021,-0.263605139,-0.244117349,-1.015034436,-0.28224616,0,1,0,0,0,0,0,0,0,0,0,0,0,0,0,0,0,1,0,0,0,0,0,1,0,1,0,0,0,1,0,0,0,0,0,0,0,1,0,1,0,1,0,0,0,0,0,0,0,0,1,0,0,0,0,0,0,0,0,0,1.8325000000000002,468.0,554.3333333,86.33333333
98,105,105,105,-0.506354167,-0.59492749,-0.103631826,-0.30466059,-0.162640891,-0.474549883,-0.197117053,-0.629015021,-0.263605139,-0.244117349,-1.413229764,-0.28224616,0,1,0,0,0,0,0,0,0,0,0,0,0,0,0,0,0,1,0,0,0,0,0,1,0,1,0,0,0,1,0,0,0,0,0,0,0,1,0,1,0,1,0,0,0,0,0,0,0,0,1,0,0,0,0,0,0,0,0,0,1.9750000000000003,432.0,535.3333333,103.3333333
99,106,106,106,-0.506354167,-0.59492749,-0.103631826,-0.30466059,-0.162640891,-0.474549883,-0.197117053,-0.629015021,-0.263605139,-0.244117349,-1.811425091,-0.28224616,0,1,0,0,0,0,0,0,0,0,0,0,0,0,0,0,0,1,0,0,0,0,0,1,0,1,0,0,0,1,0,0,0,0,0,0,0,1,0,1,0,1,0,0,0,0,0,0,0,0,1,0,0,0,0,0,0,0,0,0,1.9750000000000003,412.0,535.3333333,123.3333333
100,107,107,107,0.154575243,-0.37675498,4.368716024,-0.30466059,0.71936226,-0.641826903,-0.197117053,-0.629015021,-0.263605139,4.063599092,0.975942201,-0.15175613,0,1,0,0,0,0,0,0,0,0,0,0,0,0,0,0,0,1,0,0,0,0,0,1,0,1,0,0,0,1,0,0,0,1,0,0,0,0,0,1,0,1,0,0,0,0,0,0,0,0,1,0,0,0,0,0,0,0,0,0,4,585.0,630.0,45.0
101,109,109,109,0.154575243,-0.011188334,-0.528015198,-0.30466059,-0.431076632,-0.641826903,5.132344018,0.962232404,-0.263605139,-0.659052218,1.573235192,-0.28224616,0,1,0,0,0,0,0,0,0,0,0,0,0,0,0,0,0,1,0,0,1,0,0,0,0,1,0,1,0,0,0,0,0,1,0,0,0,0,0,0,1,0,0,0,0,0,0,0,1,0,1,0,0,0,0,0,0,0,0,0,1.77,480.0,539.0,59.0
102,110,110,110,-0.341121815,-0.448992701,-0.33214595,-0.30466059,-0.431076632,-0.432730628,-0.197117053,-0.629015021,-0.263605139,-0.446255403,-0.855756305,-0.304864431,0,1,0,0,0,0,0,0,0,0,0,0,0,0,0,0,0,1,0,0,0,0,0,1,0,1,0,1,0,0,0,0,0,0,0,0,0,0,1,1,0,1,0,0,0,0,0,0,0,0,1,0,0,0,0,0,0,0,0,0,1.5,445.0,568.0,123.0
103,111,111,111,0.319807596,0.134746455,-0.33214595,-0.30466059,-0.431076632,-0.432730628,-0.197117053,-0.629015021,-0.263605139,-0.446255403,-0.855756305,-0.280506293,0,1,0,0,0,0,0,0,0,0,0,0,0,0,0,0,0,1,0,0,0,0,0,1,0,1,0,1,0,0,0,0,0,0,0,0,0,0,1,1,0,1,0,0,0,0,0,0,0,0,1,0,0,0,0,0,0,0,0,0,2.5,543.0,589.0,46.0
104,112,112,112,0.319807596,0.134746455,-0.33214595,-0.30466059,-0.431076632,-0.572128145,-0.197117053,-0.629015021,-0.263605139,-0.467888274,-0.855756305,0.422399998,0,1,0,0,0,0,0,0,0,0,0,0,0,0,0,0,0,1,0,0,0,0,0,1,0,1,0,1,0,0,0,0,0,0,1,0,0,0,0,1,0,1,0,0,0,0,0,0,0,0,1,0,0,0,0,0,0,0,0,0,6.7,622.0,680.0,58.0
105,114,114,114,-0.299813727,0.441209512,-0.528015198,-0.30466059,-0.431076632,1.449135845,-0.197117053,1.121357146,-0.263605139,-0.355309046,-0.815936773,-0.28224616,0,0,1,0,0,0,0,0,0,0,0,0,0,0,1,0,0,0,0,0,1,0,0,0,0,1,0,1,0,0,0,0,0,0,0,0,0,0,1,1,0,0,0,0,1,0,0,0,0,0,1,0,0,0,0,0,0,0,0,0,3,562.0,603.8333333,41.83333333
106,115,115,115,-0.588970344,-0.667894884,-0.33214595,-0.30466059,-0.392728669,-0.6139474,-0.197117053,-0.565365124,-0.263605139,-0.474132164,0.37864921,-0.290945495,0,0,0,1,0,0,0,0,0,0,0,0,0,0,0,0,0,1,0,0,0,0,0,1,0,1,0,0,0,0,0,0,1,0,0,0,1,0,0,1,0,0,0,0,0,0,0,0,0,1,1,0,0,0,0,0,0,0,0,0,3.6085000000000003,570.0,630.0,60.0
107,116,116,116,-0.588970344,-0.667894884,-0.528015198,1.575790827,-0.431076632,-0.641826903,-0.197117053,0.962232404,-0.263605139,-0.351272592,1.175039865,-0.256148154,0,0,0,1,0,0,0,0,0,0,0,0,0,0,0,0,0,1,0,0,1,0,0,0,0,0,1,1,0,0,0,0,0,1,0,0,0,0,0,1,0,0,0,0,0,0,0,1,0,0,1,0,0,0,0,0,0,0,0,0,2.3,423.0,485.0,62.0
108,117,117,117,0.815504654,2.061085669,-0.528015198,0.184256779,-0.431076632,1.030943295,-0.197117053,2.871729313,-0.263605139,-0.335568263,-0.815936773,-0.306604298,0,0,0,1,0,0,0,0,0,0,0,0,0,0,0,1,0,0,0,0,1,0,0,0,0,0,1,1,0,0,0,0,0,0,0,0,0,0,1,1,0,0,0,0,1,0,0,0,0,0,1,0,0,0,0,0,0,0,0,0,2.2,444.0,522.1666667,78.16666667
109,118,118,118,-0.299813727,0.426616033,-0.33214595,-0.30466059,-0.431076632,1.475621373,-0.197117053,1.121357146,-0.263605139,-0.162189945,-0.815936773,-0.28224616,0,0,0,1,0,0,0,0,0,0,0,0,0,0,1,0,0,0,0,0,0,0,0,0,1,1,0,1,0,0,0,0,0,0,0,0,0,0,1,1,0,0,0,0,1,0,0,0,0,0,1,0,0,0,0,0,0,0,0,0,3.06,575.0,612.1666667,37.16666667
110,119,119,119,-0.299813727,0.664489739,-0.528015198,-0.30466059,-0.431076632,0.389714719,-0.197117053,1.121357146,-0.263605139,-0.513046104,-1.015034436,-0.29964483,0,0,0,1,0,0,0,0,0,0,0,0,0,0,0,1,0,0,0,0,1,0,0,0,0,1,0,1,0,0,0,0,0,0,0,0,0,0,1,1,0,0,0,0,0,1,0,0,0,0,1,0,0,0,0,0,0,0,0,0,7,478.0,518.0,40.0
111,120,120,120,-0.299813727,0.664489739,-0.528015198,-0.30466059,-0.431076632,0.389714719,-0.197117053,1.121357146,-0.263605139,-0.513046104,-1.015034436,-0.29964483,0,0,0,1,0,0,0,0,0,0,0,0,0,0,0,1,0,0,0,0,1,0,0,0,0,1,0,1,0,0,0,0,0,0,0,0,0,0,1,1,0,0,0,0,1,0,0,0,0,0,1,0,0,0,0,0,0,0,0,0,3.8114999999999997,576.0,628.0,52.0
112,121,121,121,0.055435832,0.266087765,-0.528015198,-0.30466059,-0.431076632,1.477015348,-0.197117053,-0.629015021,-0.263605139,-0.351146453,-0.019546118,-0.307474232,0,0,0,1,0,0,0,0,0,0,0,0,0,0,0,1,0,0,0,0,1,0,0,0,0,1,0,1,0,0,0,0,0,0,0,0,0,0,1,1,0,1,0,0,0,0,0,0,0,0,1,0,0,0,0,0,0,0,0,0,2.5400000000000005,571.0,610.6666667,39.66666667
113,122,122,122,0.055435832,0.266087765,-0.528015198,-0.30466059,-0.431076632,1.477015348,-0.197117053,-0.629015021,-0.263605139,-0.351146453,-0.019546118,-0.28224616,0,0,0,1,0,0,0,0,0,0,0,0,0,0,0,1,0,0,0,0,1,0,0,0,0,1,0,1,0,0,0,0,0,0,0,0,0,0,1,1,0,1,0,0,0,0,0,0,0,0,1,0,0,0,0,0,0,0,0,0,3.2840000000000003,602.0,620.3333333,18.33333333
114,123,123,123,0.055435832,0.266087765,-0.528015198,-0.30466059,-0.431076632,1.477015348,-0.197117053,0.08704632,-0.263605139,-0.351146453,-0.019546118,-0.307474232,0,0,0,1,0,0,0,0,0,0,0,0,0,0,0,1,0,0,0,0,1,0,0,0,0,1,0,1,0,0,0,0,0,0,0,0,0,0,1,1,0,0,0,0,1,0,0,0,0,0,1,0,0,0,0,0,0,0,0,0,2.4900000000000007,537.0,609.8333333,72.83333333
115,124,124,124,0.055435832,0.266087765,-0.528015198,-0.30466059,-0.431076632,1.477015348,-0.197117053,0.421208279,-0.263605139,-0.351146453,-0.019546118,-0.307474232,0,0,0,1,0,0,0,0,0,0,0,0,0,0,0,1,0,0,0,0,1,0,0,0,0,1,0,1,0,0,0,0,0,0,0,0,0,0,1,1,0,0,0,0,1,0,0,0,0,0,1,0,0,0,0,0,0,0,0,0,2.6200000000000006,532.0,592.3333333,60.33333333
116,125,125,125,0.055435832,0.266087765,-0.528015198,-0.30466059,-0.431076632,1.477015348,-0.197117053,0.08704632,-0.263605139,-0.351146453,-0.019546118,-0.28224616,0,0,0,1,0,0,0,0,0,0,0,0,0,0,0,1,0,0,0,0,1,0,0,0,0,1,0,1,0,0,0,0,0,0,0,0,0,0,1,1,0,0,0,0,1,0,0,0,0,0,1,0,0,0,0,0,0,0,0,0,3.060571428571429,572.0,615.3333333,43.33333333
117,126,126,126,0.055435832,0.266087765,-0.528015198,-0.30466059,-0.431076632,1.477015348,-0.197117053,0.421208279,-0.263605139,-0.351146453,-0.019546118,-0.28224616,0,0,0,1,0,0,0,0,0,0,0,0,0,0,0,1,0,0,0,0,1,0,0,0,0,1,0,1,0,0,0,0,0,0,0,0,0,0,1,1,0,0,0,0,1,0,0,0,0,0,1,0,0,0,0,0,0,0,0,0,2.9788214285714285,575.0,620.3333333,45.33333333
118,127,127,127,0.071959067,1.594094345,-0.528015198,-0.30466059,-0.431076632,1.755810381,-0.197117053,2.871729313,-0.263605139,-0.309646659,-0.815936773,-0.303994498,0,0,0,1,0,0,0,0,0,0,0,0,0,0,1,0,0,0,0,0,1,0,0,0,0,1,0,1,0,0,0,0,0,0,0,0,0,0,1,1,0,0,0,0,1,0,0,0,0,0,1,0,0,0,0,0,0,0,0,0,2.6750000000000007,515.0,577.8333333,62.83333333
119,128,128,128,0.071959067,1.594094345,-0.528015198,-0.30466059,-0.431076632,1.755810381,-0.197117053,2.871729313,-0.263605139,-0.309646659,-0.019546118,-0.303994498,0,0,0,1,0,0,0,0,0,0,0,0,0,0,1,0,0,0,0,0,1,0,0,0,0,1,0,1,0,0,0,0,0,0,0,0,0,0,1,1,0,0,0,0,1,0,0,0,0,0,1,0,0,0,0,0,0,0,0,0,2.6850000000000005,552.0,596.3333333,44.33333333
120,129,129,129,0.071959067,1.594094345,-0.528015198,-0.30466059,-0.431076632,1.755810381,-0.197117053,2.871729313,-0.263605139,-0.309646659,-1.2141321,-0.29964483,0,0,0,1,0,0,0,0,0,0,0,0,0,0,1,0,0,0,0,0,1,0,0,0,0,1,0,1,0,0,0,0,0,0,0,0,0,0,1,1,0,0,0,0,1,0,0,0,0,0,1,0,0,0,0,0,0,0,0,0,1.95,455.0,550.6666667,95.66666667
121,130,130,130,0.071959067,1.594094345,-0.528015198,-0.30466059,-0.431076632,1.755810381,-0.197117053,2.871729313,-0.263605139,-0.309646659,-0.815936773,-0.29964483,0,0,0,1,0,0,0,0,0,0,0,0,0,0,1,0,0,0,0,0,1,0,0,0,0,1,0,1,0,0,0,0,0,0,0,0,0,0,1,1,0,0,0,0,1,0,0,0,0,0,1,0,0,0,0,0,0,0,0,0,2.94,523.0,577.8333333,54.83333333
122,131,131,131,0.071959067,1.594094345,-0.528015198,-0.30466059,-0.431076632,1.755810381,-0.197117053,2.871729313,-0.263605139,-0.309646659,-0.019546118,-0.29964483,0,0,0,1,0,0,0,0,0,0,0,0,0,0,1,0,0,0,0,0,1,0,0,0,0,1,0,1,0,0,0,0,0,0,0,0,0,0,1,1,0,0,0,0,1,0,0,0,0,0,1,0,0,0,0,0,0,0,0,0,3.025000000000001,569.0,598.6666667,29.66666667
123,132,132,132,0.071959067,1.594094345,-0.528015198,-0.30466059,-0.431076632,1.755810381,-0.197117053,2.871729313,-0.263605139,-0.309646659,-1.2141321,-0.290945495,0,0,0,1,0,0,0,0,0,0,0,0,0,0,1,0,0,0,0,0,1,0,0,0,0,1,0,1,0,0,0,0,0,0,0,0,0,0,1,1,0,0,0,0,1,0,0,0,0,0,1,0,0,0,0,0,0,0,0,0,1.8400000000000003,468.0,543.8333333,75.83333333
124,133,133,133,0.071959067,1.594094345,-0.528015198,-0.30466059,-0.431076632,1.755810381,-0.197117053,2.871729313,-0.263605139,-0.309646659,-0.815936773,-0.290945495,0,0,0,1,0,0,0,0,0,0,0,0,0,0,1,0,0,0,0,0,1,0,0,0,0,1,0,1,0,0,0,0,0,0,0,0,0,0,1,1,0,0,0,0,1,0,0,0,0,0,1,0,0,0,0,0,0,0,0,0,2.9150000000000005,544.0,584.0,40.0
125,134,134,134,0.071959067,1.594094345,-0.528015198,-0.30466059,-0.431076632,1.755810381,-0.197117053,2.871729313,-0.263605139,-0.309646659,-0.019546118,-0.290945495,0,0,0,1,0,0,0,0,0,0,0,0,0,0,1,0,0,0,0,0,1,0,0,0,0,1,0,1,0,0,0,0,0,0,0,0,0,0,1,1,0,0,0,0,1,0,0,0,0,0,1,0,0,0,0,0,0,0,0,0,3.4930000000000008,592.0,607.3333333,15.33333333
126,135,135,135,0.071959067,1.594094345,-0.528015198,-0.30466059,-0.431076632,1.755810381,-0.197117053,2.871729313,-0.263605139,-0.309646659,-1.612327427,-0.28224616,0,0,0,1,0,0,0,0,0,0,0,0,0,0,1,0,0,0,0,0,1,0,0,0,0,1,0,1,0,0,0,0,0,0,0,0,0,0,1,1,0,0,0,0,1,0,0,0,0,0,1,0,0,0,0,0,0,0,0,0,2.0925,440.0,523.8333333,83.83333333
127,136,136,136,0.071959067,1.594094345,-0.528015198,-0.30466059,-0.431076632,1.755810381,-0.197117053,2.871729313,-0.263605139,-0.309646659,-1.612327427,-0.28224616,0,0,0,1,0,0,0,0,0,0,0,0,0,0,1,0,0,0,0,0,1,0,0,0,0,1,0,1,0,0,0,0,0,0,0,0,0,0,1,1,0,0,0,0,1,0,0,0,0,0,1,0,0,0,0,0,0,0,0,0,2.1075,410.0,513.6666667,103.6666667
128,137,137,137,0.071959067,1.594094345,-0.528015198,-0.30466059,-0.431076632,1.755810381,-0.197117053,2.871729313,-0.263605139,-0.309646659,-1.2141321,-0.28224616,0,0,0,1,0,0,0,0,0,0,0,0,0,0,1,0,0,0,0,0,1,0,0,0,0,1,0,1,0,0,0,0,0,0,0,0,0,0,1,1,0,0,0,0,1,0,0,0,0,0,1,0,0,0,0,0,0,0,0,0,3.4025,492.0,545.6666667,53.66666667
129,138,138,138,0.071959067,1.594094345,-0.528015198,-0.30466059,-0.431076632,1.755810381,-0.197117053,2.871729313,-0.263605139,-0.309646659,-0.815936773,-0.28224616,0,0,0,1,0,0,0,0,0,0,0,0,0,0,1,0,0,0,0,0,1,0,0,0,0,1,0,1,0,0,0,0,0,0,0,0,0,0,1,1,0,0,0,0,1,0,0,0,0,0,1,0,0,0,0,0,0,0,0,0,2.9650000000000007,550.0,593.6666667,43.66666667
130,139,139,139,0.071959067,1.594094345,-0.528015198,-0.30466059,-0.431076632,1.755810381,-0.197117053,2.871729313,-0.263605139,-0.309646659,-0.019546118,-0.28224616,0,0,0,1,0,0,0,0,0,0,0,0,0,0,1,0,0,0,0,0,1,0,0,0,0,1,0,1,0,0,0,0,0,0,0,0,0,0,1,1,0,0,0,0,1,0,0,0,0,0,1,0,0,0,0,0,0,0,0,0,3.4455000000000005,600.0,610.8333333,10.83333333
131,140,140,140,0.823766271,1.265741069,-0.20156645,-0.30466059,-0.431076632,3.121906043,-0.197117053,-0.629015021,-0.263605139,0.039632761,-0.815936773,0.944360116,0,0,0,1,0,0,0,0,0,0,0,0,0,0,0,1,0,0,0,0,0,0,0,0,1,1,0,1,0,0,0,0,0,0,0,1,0,0,0,1,0,1,0,0,0,0,0,0,0,0,1,0,0,0,0,0,0,0,0,0,2.3,512.0,589.6666667,77.66666667
132,141,141,141,0.823766271,1.265741069,-0.20156645,-0.30466059,-0.431076632,3.121906043,-0.197117053,-0.629015021,-0.263605139,0.039632761,-0.815936773,0.944360116,0,0,0,1,0,0,0,0,0,0,0,0,0,0,0,1,0,0,0,0,0,0,0,0,1,1,0,1,0,0,0,0,0,0,0,1,0,0,0,1,0,1,0,0,0,0,0,0,0,0,1,0,0,0,0,0,0,0,0,0,3.2,499.0,590.0,91.0
133,142,142,142,-0.258505638,1.265741069,-0.528015198,-0.30466059,-0.431076632,0.215467823,-0.197117053,0.564420548,0.108693959,-0.538967708,-0.815936773,-0.28224616,0,0,0,1,0,0,0,0,0,0,0,0,0,0,0,1,0,0,0,0,1,0,0,0,0,1,0,1,0,0,0,0,0,0,0,0,0,0,1,1,0,0,0,0,1,0,0,0,0,0,0,0,0,0,0,0,0,0,0,1,3,490.0,560.0,70.0
134,143,143,143,0.071959067,0.280681244,-0.528015198,-0.30466059,-0.431076632,1.477015348,-0.197117053,0.08704632,-0.263605139,-0.351146453,-0.019546118,-0.307909199,0,0,0,1,0,0,0,0,0,0,0,0,0,0,0,1,0,0,0,0,1,0,0,0,0,1,0,1,0,0,0,0,0,0,0,0,0,0,1,1,0,0,0,0,1,0,0,0,0,0,1,0,0,0,0,0,0,0,0,0,2.1,558.6666667,610.6666667,52.0
135,144,144,144,0.071959067,0.280681244,-0.528015198,-0.30466059,-0.431076632,1.477015348,-0.197117053,0.08704632,-0.263605139,-0.351146453,-0.019546118,-0.29964483,0,0,0,1,0,0,0,0,0,0,0,0,0,0,0,1,0,0,0,0,1,0,0,0,0,1,0,1,0,0,0,0,0,0,0,0,0,0,1,1,0,0,0,0,1,0,0,0,0,0,1,0,0,0,0,0,0,0,0,0,3,539.3333333,609.8333333,70.5
136,145,145,145,7.590031113,6.555877169,2.736472283,7.217145079,-0.431076632,-0.641826903,-0.197117053,-0.629015021,-0.263605139,3.748251115,-1.811425091,2.197064397,0,0,0,1,0,0,0,0,0,0,0,0,0,1,0,0,0,0,0,1,0,0,0,0,0,0,1,1,0,0,0,0,0,1,0,0,0,0,0,1,0,1,0,0,0,0,0,0,0,0,1,0,0,0,0,0,0,0,0,0,5,587.0,608.1666667,21.16666667
137,146,146,146,7.590031113,7.504453297,5.348062268,-0.30466059,-0.431076632,-0.641826903,-0.197117053,-0.629015021,-0.263605139,5.009643024,-1.2141321,-0.203952142,0,0,0,1,0,0,0,0,0,0,0,0,0,1,0,0,0,0,0,0,0,1,0,0,0,1,0,1,0,0,0,0,0,1,0,0,0,0,0,1,0,1,0,0,0,0,0,0,0,0,1,0,0,0,0,0,0,0,0,0,1.8925000000000005,465.0,550.0,85.0
138,147,147,147,-0.299813727,0.441209512,-0.528015198,-0.30466059,-0.431076632,1.449135845,-0.197117053,1.121357146,-0.263605139,-0.355309046,-0.815936773,-0.28224616,0,0,0,1,0,0,0,0,0,0,0,0,0,0,1,0,0,0,0,0,1,0,0,0,0,1,0,1,0,0,0,0,0,0,0,0,0,0,1,1,0,0,0,0,1,0,0,0,0,0,1,0,0,0,0,0,0,0,0,0,3.2,570.0,603.8333333,33.83333333
139,148,148,148,-0.299813727,-0.740862279,-0.528015198,-0.30466059,-0.431076632,1.449135845,-0.197117053,-0.629015021,-0.263605139,-0.355309046,-0.815936773,-0.305734365,0,0,0,1,0,0,0,0,0,0,0,0,0,0,1,0,0,0,0,0,1,0,0,0,0,1,0,1,0,0,0,0,0,0,0,0,0,0,1,1,0,1,0,0,0,0,0,0,0,0,1,0,0,0,0,0,0,0,0,0,3.115,490.0,559.0,69.0
140,149,149,149,-0.299813727,-0.740862279,-0.528015198,-0.30466059,-0.431076632,1.449135845,-0.197117053,-0.629015021,-0.263605139,-0.355309046,-0.815936773,-0.203952142,0,0,0,1,0,0,0,0,0,0,0,0,0,0,1,0,0,0,0,0,1,0,0,0,0,1,0,1,0,0,0,0,0,0,0,0,0,0,1,1,0,1,0,0,0,0,0,0,0,0,1,0,0,0,0,0,0,0,0,0,2.5,550.0,603.5,53.5
141,150,150,150,-0.423737991,0.134746455,-0.528015198,-0.30466059,-0.431076632,-0.042417582,-0.197117053,-0.390327907,5.842100074,-0.351272592,-0.019546118,-0.307909199,0,0,0,1,0,0,0,0,0,0,0,0,0,0,0,1,0,0,0,0,1,0,0,0,0,1,0,1,0,0,0,0,0,0,0,0,0,0,1,1,0,0,0,0,1,0,0,0,0,0,0,0,0,0,0,0,1,0,0,0,3.6,492.0,540.6666667,48.66666667
142,151,151,151,-0.423737991,0.134746455,-0.528015198,-0.30466059,-0.431076632,-0.042417582,-0.197117053,-0.390327907,5.842100074,-0.351272592,-0.019546118,-0.307909199,0,0,0,1,0,0,0,0,0,0,0,0,0,0,0,1,0,0,0,0,1,0,0,0,0,1,0,1,0,0,0,0,0,0,0,0,0,0,1,1,0,0,0,0,1,0,0,0,0,0,0,0,0,0,0,0,1,0,0,0,4.6,611.0,633.5,22.5
143,152,152,152,-0.423737991,-0.412509003,-0.528015198,-0.30466059,-0.431076632,-0.075872986,-0.197117053,0.540551836,-0.263605139,-0.58235959,-1.413229764,-0.28224616,0,0,0,1,0,0,0,0,0,0,0,0,0,0,0,0,0,0,1,0,1,0,0,0,0,1,0,1,0,0,0,0,0,0,0,0,0,0,1,1,0,0,0,0,1,0,0,0,0,0,1,0,0,0,0,0,0,0,0,0,3.475,492.0,529.0,37.0
144,153,153,153,-0.423737991,-0.412509003,-0.528015198,-0.30466059,-0.431076632,-0.075872986,-0.197117053,0.540551836,-0.263605139,-0.58235959,-0.815936773,-0.28224616,0,0,0,1,0,0,0,0,0,0,0,0,0,0,0,0,0,0,1,0,1,0,0,0,0,1,0,1,0,0,0,0,0,0,0,0,0,0,1,1,0,0,0,0,1,0,0,0,0,0,1,0,0,0,0,0,0,0,0,0,3.4225000000000003,522.0,555.0,33.0
145,154,154,154,-0.423737991,-0.412509003,-0.528015198,-0.30466059,-0.431076632,-0.53030889,-0.197117053,0.540551836,-0.263605139,-0.649970196,-0.815936773,-0.28224616,0,0,0,1,0,0,0,0,0,0,0,0,0,0,0,0,0,0,1,0,1,0,0,0,0,1,0,1,0,0,0,0,0,0,0,0,0,0,1,1,0,0,0,0,1,0,0,0,0,0,1,0,0,0,0,0,0,0,0,0,2.9275000000000007,560.0,595.0,35.0
146,155,155,155,-0.423737991,-0.412509003,-0.528015198,-0.30466059,-0.431076632,-0.53030889,-0.197117053,0.540551836,-0.263605139,-0.649970196,-0.218643781,-0.28224616,0,0,0,1,0,0,0,0,0,0,0,0,0,0,0,0,0,0,1,0,1,0,0,0,0,1,0,1,0,0,0,0,0,0,0,0,0,0,1,1,0,0,0,0,1,0,0,0,0,0,1,0,0,0,0,0,0,0,0,0,3.843000000000001,590.0,635.0,45.0
147,156,156,156,-0.485700123,-0.157123123,-0.528015198,-0.30466059,-0.431076632,0.403654471,-0.197117053,0.246171063,-0.263605139,-0.510964808,-0.815936773,-0.28224616,0,0,0,1,0,0,0,0,0,0,0,0,0,0,1,0,0,0,0,0,1,0,0,0,0,1,0,1,0,0,0,0,0,0,0,0,0,0,1,1,0,0,0,0,1,0,0,0,0,0,1,0,0,0,0,0,0,0,0,0,3.2,560.0,598.1666667,38.16666667
148,157,157,157,-0.481569315,-0.157123123,-0.528015198,-0.30466059,-0.431076632,0.403654471,-0.197117053,0.246171063,-0.263605139,-0.510964808,-0.815936773,-0.290945495,0,0,0,1,0,0,0,0,0,0,0,0,0,0,1,0,0,0,0,0,1,0,0,0,0,1,0,1,0,0,0,0,0,0,0,0,0,0,1,1,0,0,0,0,1,0,0,0,0,0,1,0,0,0,0,0,0,0,0,0,2.9,573.0,618.0,45.0
149,158,158,158,-0.299813727,0.266087765,-0.528015198,-0.30466059,-0.431076632,1.177310687,-0.197117053,1.121357146,-0.263605139,-0.613011413,-0.815936773,-0.303994498,0,0,0,1,0,0,0,0,0,0,0,0,0,0,0,1,0,0,0,0,1,0,0,0,0,1,0,1,0,0,0,0,0,0,0,1,0,0,0,1,0,0,0,0,1,0,0,0,0,0,1,0,0,0,0,0,0,0,0,0,3.2,550.0,592.5,42.5
150,159,159,159,-0.481569315,-0.157123123,-0.528015198,-0.30466059,-0.431076632,0.403654471,-0.197117053,0.246171063,-0.263605139,-0.510964808,-0.815936773,-0.290945495,0,0,0,1,0,0,0,0,0,0,0,0,0,0,1,0,0,0,0,0,1,0,0,0,0,1,0,1,0,0,0,0,0,0,0,0,0,0,1,1,0,0,0,0,1,0,0,0,0,0,1,0,0,0,0,0,0,0,0,0,3.2,573.0,618.0,45.0
151,160,160,160,-0.299813727,0.667408435,-0.528015198,-0.30466059,-0.431076632,1.477015348,-0.197117053,1.121357146,0.071464049,-0.351146453,-0.417741445,-0.256148154,0,0,0,1,0,0,0,0,0,0,0,0,0,0,0,1,0,0,0,0,1,0,0,0,0,1,0,1,0,0,0,0,0,0,0,0,0,0,1,1,0,0,0,0,1,0,0,0,0,0,0,0,1,0,0,0,0,0,0,0,2,420.0,519.6666667,99.66666667
152,161,161,161,-0.299813727,0.667408435,-0.528015198,-0.30466059,-0.431076632,1.477015348,-0.197117053,1.121357146,-0.263605139,-0.351146453,-0.417741445,-0.256148154,0,0,0,1,0,0,0,0,0,0,0,0,0,0,0,1,0,0,0,0,1,0,0,0,0,1,0,1,0,0,0,0,0,0,0,0,0,0,1,1,0,0,0,0,1,0,0,0,0,0,1,0,0,0,0,0,0,0,0,0,4.3,590.0,625.0,35.0
153,162,162,162,-0.481569315,-0.157123123,-0.528015198,-0.30466059,-0.431076632,0.403654471,-0.197117053,0.246171063,-0.263605139,-0.510964808,-0.815936773,-0.290945495,0,0,0,1,0,0,0,0,0,0,0,0,0,0,1,0,0,0,0,0,1,0,0,0,0,1,0,1,0,0,0,0,0,0,0,0,0,0,1,1,0,0,0,0,1,0,0,0,0,0,1,0,0,0,0,0,0,0,0,0,3.2,573.0,618.0,45.0
154,163,163,163,-0.423737991,-0.521960095,0.059592548,-0.30466059,-0.300693558,-0.555400443,-0.197117053,-0.390327907,-0.263605139,-0.086128012,-0.218643781,-0.290945495,0,0,0,1,0,0,0,0,0,0,0,0,0,0,0,0,0,1,0,0,0,0,0,1,0,1,0,0,0,0,1,0,0,0,0,0,0,0,1,1,0,0,0,0,0,0,0,0,0,1,1,0,0,0,0,0,0,0,0,0,1.95,595.0,620.0,25.0
155,164,164,164,-0.299813727,1.068729104,-0.528015198,-0.30466059,-0.431076632,0.215467823,-0.197117053,1.121357146,-0.263605139,-0.538967708,-0.417741445,-0.290945495,0,0,0,1,0,0,0,0,0,0,0,0,0,0,0,1,0,0,0,0,1,0,0,0,0,1,0,1,0,0,0,0,0,0,0,0,0,0,1,1,0,0,0,0,1,0,0,0,0,0,1,0,0,0,0,0,0,0,0,0,2.6,553.0,592.0,39.0
156,165,165,165,-0.299813727,0.426616033,-0.528015198,-0.30466059,-0.431076632,0.215467823,-0.197117053,1.121357146,-0.263605139,-0.538967708,-0.815936773,-0.28224616,0,0,0,1,0,0,0,0,0,0,0,0,0,0,0,1,0,0,0,0,1,0,0,0,0,1,0,1,0,0,0,0,0,0,0,0,0,0,1,1,0,0,0,0,1,0,0,0,0,0,1,0,0,0,0,0,0,0,0,0,2.48,565.3333333,602.0,36.66666667
157,166,166,166,-0.423737991,-0.682488363,-0.528015198,-0.30466059,-0.431076632,1.477015348,-0.197117053,1.121357146,-0.263605139,-0.351146453,-0.815936773,-0.295295163,0,0,0,1,0,0,0,0,0,0,0,0,0,0,0,1,0,0,0,0,1,0,0,0,0,1,0,1,0,0,0,0,0,0,0,0,0,0,1,1,0,0,0,0,1,0,0,0,0,0,1,0,0,0,0,0,0,0,0,0,2.6,547.0,588.5,41.5
158,167,167,167,-0.423737991,-0.682488363,-0.528015198,-0.30466059,-0.431076632,1.477015348,-0.197117053,1.121357146,-0.263605139,-0.351146453,-0.815936773,-0.307474232,0,0,0,1,0,0,0,0,0,0,0,0,0,0,0,1,0,0,0,0,1,0,0,0,0,1,0,1,0,0,0,0,0,0,0,0,0,0,1,1,0,0,0,0,1,0,0,0,0,0,1,0,0,0,0,0,0,0,0,0,1.8824999999999998,461.0,543.3333333,82.33333333
159,168,168,168,-0.423737991,-0.682488363,-0.528015198,-0.30466059,-0.431076632,1.477015348,-0.197117053,1.121357146,-0.263605139,-0.351146453,-0.815936773,-0.305734365,0,0,0,1,0,0,0,0,0,0,0,0,0,0,0,1,0,0,0,0,1,0,0,0,0,1,0,1,0,0,0,0,0,0,0,0,0,0,1,1,0,0,0,0,1,0,0,0,0,0,1,0,0,0,0,0,0,0,0,0,3.3175,496.0,538.5,42.5
160,169,169,169,-0.423737991,-0.682488363,-0.528015198,-0.30466059,-0.431076632,1.477015348,-0.197117053,1.121357146,0.629912697,-0.351146453,-0.815936773,-0.295295163,0,0,0,1,0,0,0,0,0,0,0,0,0,0,0,1,0,0,0,0,1,0,0,0,0,1,0,1,0,0,0,0,0,0,0,0,0,0,1,1,0,0,0,0,1,0,0,0,0,0,0,0,0,0,0,0,0,0,1,0,1.75,481.0,536.5,55.5
161,170,170,170,-0.423737991,-0.682488363,-0.528015198,-0.30466059,-0.431076632,1.477015348,-0.197117053,1.121357146,0.629912697,-0.351146453,-0.815936773,-0.307474232,0,0,0,1,0,0,0,0,0,0,0,0,0,0,0,1,0,0,0,0,1,0,0,0,0,1,0,1,0,0,0,0,0,0,0,0,0,0,1,1,0,0,0,0,1,0,0,0,0,0,0,0,0,0,0,0,0,0,1,0,1.9775000000000003,438.0,527.0,89.0
162,171,171,171,-0.423737991,-0.682488363,-0.528015198,-0.30466059,-0.431076632,1.477015348,-0.197117053,1.121357146,0.629912697,-0.351146453,-0.815936773,-0.305734365,0,0,0,1,0,0,0,0,0,0,0,0,0,0,0,1,0,0,0,0,1,0,0,0,0,1,0,1,0,0,0,0,0,0,0,0,0,0,1,1,0,0,0,0,1,0,0,0,0,0,0,0,0,0,0,0,0,0,1,0,1.8925000000000005,460.0,543.3333333,83.33333333
163,172,172,172,-0.258505638,-0.303057912,0.451331046,-0.203868394,-0.431076632,-0.502429387,-0.197117053,-0.231203165,-0.263605139,0.317138981,0.179551546,-0.29964483,0,0,0,1,0,0,0,0,0,0,0,0,0,0,0,0,0,1,0,0,0,0,0,1,0,0,1,1,0,0,0,0,0,0,0,0,0,0,1,1,0,0,0,0,0,0,0,0,0,1,1,0,0,0,0,0,0,0,0,0,1.9400000000000002,462.0,522.0,60.0
164,173,173,173,-0.258505638,-0.448992701,0.451331046,-0.30466059,-0.431076632,-0.502429387,-0.197117053,-0.231203165,-0.263605139,0.30023633,0.179551546,-0.299209863,0,0,0,1,0,0,0,0,0,0,0,0,0,0,0,0,0,1,0,0,0,0,0,1,0,1,0,1,0,0,0,0,0,0,0,0,0,0,1,1,0,0,0,0,0,0,0,0,0,1,1,0,0,0,0,0,0,0,0,0,1.8475000000000006,463.0,572.0,109.0
165,174,174,174,-0.258505638,-0.303057912,0.451331046,-0.203116213,-0.431076632,-0.502429387,-0.197117053,-0.231203165,-0.263605139,0.31726512,0.179551546,-0.273546824,0,0,0,1,0,0,0,0,0,0,0,0,0,0,0,0,0,1,0,0,0,0,0,1,0,0,1,1,0,0,0,0,0,0,0,0,0,0,1,1,0,0,0,0,0,0,0,0,0,1,1,0,0,0,0,0,0,0,0,0,2.6885000000000003,505.0,574.0,69.0
166,175,175,175,-0.258505638,-0.448992701,0.451331046,-0.30466059,-0.431076632,-0.502429387,-0.197117053,-0.231203165,-0.263605139,0.30023633,0.179551546,-0.273546824,0,0,0,1,0,0,0,0,0,0,0,0,0,0,0,0,0,1,0,0,0,0,0,1,0,1,0,1,0,0,0,0,0,0,0,0,0,0,1,1,0,0,0,0,0,0,0,0,0,1,1,0,0,0,0,0,0,0,0,0,1.7950000000000004,476.0,591.0,115.0
167,176,176,176,-0.299813727,0.426616033,-0.528015198,-0.30466059,-0.431076632,3.958291142,-0.197117053,1.121357146,-0.263605139,0.018189099,-1.413229764,-0.28224616,0,0,0,1,0,0,0,0,0,0,0,0,0,0,1,0,0,0,0,0,1,0,0,0,0,1,0,1,0,0,0,0,0,0,0,0,0,0,1,1,0,0,0,0,0,1,0,0,0,0,1,0,0,0,0,0,0,0,0,0,2.0475,428.0,502.0,74.0
168,177,177,177,-0.299813727,0.426616033,-0.528015198,-0.30466059,-0.431076632,1.449135845,-0.197117053,1.121357146,-0.263605139,-0.355309046,-0.815936773,-0.28224616,0,0,0,1,0,0,0,0,0,0,0,0,0,0,1,0,0,0,0,0,1,0,0,0,0,1,0,1,0,0,0,0,0,0,0,0,0,0,1,1,0,0,0,0,0,1,0,0,0,0,1,0,0,0,0,0,0,0,0,0,2.0275,423.0,507.0,84.0
169,178,178,178,-0.299813727,0.426616033,-0.528015198,-0.30466059,-0.431076632,1.449135845,-0.197117053,1.121357146,-0.263605139,-0.355309046,-0.815936773,-0.28224616,0,0,0,1,0,0,0,0,0,0,0,0,0,0,1,0,0,0,0,0,1,0,0,0,0,1,0,1,0,0,0,0,0,0,0,0,0,0,1,1,0,0,0,1,0,0,0,0,0,0,1,0,0,0,0,0,0,0,0,0,1.7975,473.0,531.0,58.0
170,179,179,179,-0.299813727,0.426616033,-0.528015198,-0.30466059,-0.431076632,3.958291142,-0.197117053,1.121357146,-0.263605139,0.018189099,-1.413229764,-0.28224616,0,0,0,1,0,0,0,0,0,0,0,0,0,0,1,0,0,0,0,0,1,0,0,0,0,1,0,1,0,0,0,0,0,0,0,0,0,0,1,1,0,0,0,1,0,0,0,0,0,0,1,0,0,0,0,0,0,0,0,0,1.8050000000000004,478.0,538.0,60.0
171,180,180,180,-0.299813727,0.426616033,-0.528015198,-0.30466059,-0.431076632,3.958291142,-0.197117053,1.121357146,-0.263605139,0.018189099,-1.413229764,-0.28224616,0,0,0,1,0,0,0,0,0,0,0,0,0,0,1,0,0,0,0,0,1,0,0,0,0,1,0,1,0,0,0,0,0,0,0,0,0,0,1,1,0,0,0,0,1,0,0,0,0,0,1,0,0,0,0,0,0,0,0,0,3.188,568.0,606.0,38.0
172,181,181,181,-0.299813727,0.426616033,-0.528015198,-0.30466059,-0.431076632,1.449135845,-0.197117053,1.121357146,-0.263605139,-0.355309046,-0.815936773,-0.28224616,0,0,0,1,0,0,0,0,0,0,0,0,0,0,1,0,0,0,0,0,1,0,0,0,0,1,0,1,0,0,0,0,0,0,0,0,0,0,1,1,0,0,0,0,1,0,0,0,0,0,1,0,0,0,0,0,0,0,0,0,3.075,570.0,607.0,37.0
173,182,182,182,-0.299813727,0.426616033,0.190172047,-0.30466059,-0.258510798,0.612750746,-0.197117053,1.121357146,-0.263605139,0.213957123,-1.413229764,-0.28224616,0,0,0,1,0,0,0,0,0,0,0,0,0,0,1,0,0,0,0,0,0,0,0,1,0,1,0,0,0,1,0,0,0,0,0,0,0,0,1,1,0,0,0,0,0,1,0,0,0,0,1,0,0,0,0,0,0,0,0,0,2.0175,405.0,470.0,65.0
174,183,183,183,-0.299813727,0.426616033,0.190172047,-0.30466059,0.086620869,0.612750746,-0.197117053,1.121357146,-0.263605139,0.213957123,-1.413229764,-0.28224616,0,0,0,1,0,0,0,0,0,0,0,0,0,0,1,0,0,0,0,0,0,0,0,1,0,1,0,0,0,1,0,0,0,0,0,0,0,0,1,1,0,0,0,0,0,1,0,0,0,0,1,0,0,0,0,0,0,0,0,0,2.015,416.0,475.0,59.0
175,184,184,184,-0.299813727,0.426616033,0.190172047,-0.30466059,0.086620869,0.612750746,-0.197117053,1.121357146,-0.263605139,0.213957123,-1.413229764,-0.28224616,0,0,0,1,0,0,0,0,0,0,0,0,0,0,1,0,0,0,0,0,0,0,0,1,0,1,0,0,0,1,0,0,0,0,0,0,0,0,1,1,0,0,0,1,0,0,0,0,0,0,1,0,0,0,0,0,0,0,0,0,1.97,448.0,501.0,53.0
176,185,185,185,-0.299813727,0.426616033,0.190172047,-0.30466059,-0.258510798,0.612750746,-0.197117053,1.121357146,-0.263605139,0.213957123,-1.413229764,-0.28224616,0,0,0,1,0,0,0,0,0,0,0,0,0,0,1,0,0,0,0,0,0,0,0,1,0,1,0,0,0,1,0,0,0,0,0,0,0,0,1,1,0,0,0,1,0,0,0,0,0,0,1,0,0,0,0,0,0,0,0,0,2.0175,439.0,502.0,63.0
177,186,186,186,-0.299813727,0.426616033,0.190172047,-0.30466059,-0.258510798,0.612750746,-0.197117053,1.121357146,-0.263605139,0.213957123,-1.413229764,-0.28224616,0,0,0,1,0,0,0,0,0,0,0,0,0,0,1,0,0,0,0,0,0,0,0,1,0,1,0,0,0,1,0,0,0,0,0,0,0,0,1,1,0,0,0,0,1,0,0,0,0,0,1,0,0,0,0,0,0,0,0,0,3.5749999999999993,515.0,551.0,36.0
178,187,187,187,-0.299813727,0.426616033,0.190172047,-0.30466059,0.086620869,0.612750746,-0.197117053,1.121357146,-0.263605139,0.213957123,-1.413229764,-0.28224616,0,0,0,1,0,0,0,0,0,0,0,0,0,0,1,0,0,0,0,0,0,0,0,1,0,1,0,0,0,1,0,0,0,0,0,0,0,0,1,1,0,0,0,0,1,0,0,0,0,0,1,0,0,0,0,0,0,0,0,0,3.5349999999999993,508.0,555.0,47.0
179,188,188,188,-0.506354167,-0.59492749,-0.103631826,-0.30466059,-0.162640891,-0.474549883,-0.197117053,-0.629015021,0.183153779,-0.244117349,-1.811425091,-0.28224616,0,0,0,1,0,0,0,0,0,0,0,0,0,0,0,0,0,1,0,0,0,0,0,1,0,1,0,0,0,1,0,0,0,0,0,0,0,1,0,1,0,1,0,0,0,0,0,0,0,0,0,1,0,0,0,0,0,0,0,0,1.9875000000000003,408.0,533.1666667,125.1666667
180,189,189,189,-0.506354167,-0.59492749,-0.103631826,-0.30466059,-0.162640891,-0.474549883,-0.197117053,-0.629015021,-0.263605139,-0.244117349,-1.811425091,-0.28224616,0,0,0,1,0,0,0,0,0,0,0,0,0,0,0,0,0,1,0,0,0,0,0,1,0,1,0,0,0,1,0,0,0,0,0,0,0,1,0,1,0,1,0,0,0,0,0,0,0,0,1,0,0,0,0,0,0,0,0,0,3.5799999999999996,502.0,552.5,50.5
181,190,190,190,-0.588970344,-0.59492749,-0.136276701,-0.30466059,-0.427241836,-0.6139474,-0.197117053,-0.621058784,-0.263605139,-0.284923377,0.179551546,-0.290945495,0,0,0,1,0,0,0,0,0,0,0,0,0,0,0,0,0,1,0,0,0,0,0,1,0,1,0,0,0,0,0,0,1,0,0,0,1,0,0,1,0,0,0,0,0,0,0,0,0,1,1,0,0,0,0,0,0,0,0,0,3.2,555.0,645.0,90.0
182,191,191,191,1.195539065,0.718485611,-0.528015198,2.704061678,-0.431076632,-0.641826903,-0.197117053,-0.629015021,0.354411364,-0.109716041,0.975942201,0.683380057,0,0,0,1,0,0,0,0,0,0,0,0,0,0,0,0,0,1,0,0,1,0,0,0,0,0,1,1,0,0,0,0,0,1,0,0,0,0,0,1,0,1,0,0,0,0,0,0,0,0,0,0,0,0,0,0,0,1,0,0,5,633.0,653.0,20.0
183,192,192,192,-0.299813727,0.441209512,-0.528015198,-0.30466059,-0.431076632,1.449135845,-0.197117053,1.121357146,-0.263605139,-0.355309046,-0.815936773,-0.28224616,0,0,0,0,1,0,0,0,0,0,0,0,0,0,1,0,0,0,0,0,1,0,0,0,0,1,0,1,0,0,0,0,0,0,0,0,0,0,1,1,0,0,0,0,1,0,0,0,0,0,1,0,0,0,0,0,0,0,0,0,2.8,509.0,567.0,58.0
184,193,193,193,-0.299813727,-0.011188334,-0.528015198,-0.30466059,-0.431076632,-0.126056092,-0.197117053,0.246171063,-0.263605139,-0.589801802,-0.815936773,-0.305734365,0,0,0,0,1,0,0,0,0,0,0,0,0,0,0,1,0,0,0,0,1,0,0,0,0,1,0,1,0,0,0,0,0,0,0,0,0,0,1,1,0,0,0,0,1,0,0,0,0,0,1,0,0,0,0,0,0,0,0,0,1.7,480.0,527.8333333,47.83333333
185,194,194,194,-0.423737991,-0.522689769,-0.528015198,-0.30466059,-0.431076632,-0.075872986,-0.197117053,0.540551836,-0.263605139,-0.58235959,-0.815936773,-0.28224616,0,0,0,0,1,0,0,0,0,0,0,0,0,0,0,0,0,0,1,0,1,0,0,0,0,1,0,1,0,0,0,0,0,0,0,0,0,0,1,1,0,0,0,0,0,1,0,0,0,0,1,0,0,0,0,0,0,0,0,0,1.975,430.0,482.0,52.0
186,195,195,195,0.071959067,0.20771385,-0.528015198,-0.30466059,-0.431076632,0.194558196,-0.197117053,1.121357146,-0.263605139,-0.542058118,-0.815936773,-0.306604298,0,0,0,0,1,0,0,0,0,0,0,0,0,0,0,1,0,0,0,0,1,0,0,0,0,1,0,1,0,0,0,0,0,0,0,0,0,0,1,1,0,0,0,0,1,0,0,0,0,0,1,0,0,0,0,0,0,0,0,0,2.0524999999999998,485.0,530.0,45.0
187,196,196,196,-0.423737991,-0.259277475,-0.528015198,-0.30466059,-0.431076632,0.194558196,-0.197117053,-0.048209711,-0.263605139,-0.542058118,-0.815936773,-0.306604298,0,0,0,0,1,0,0,0,0,0,0,0,0,0,0,1,0,0,0,0,1,0,0,0,0,1,0,1,0,0,0,0,0,0,0,0,0,0,1,1,0,0,0,0,1,0,0,0,0,0,1,0,0,0,0,0,0,0,0,0,3.31,505.0,530.0,25.0
188,197,197,197,-0.588970344,-0.667894884,0.026947673,-0.30466059,-0.431076632,-0.641826903,-0.197117053,-0.549452649,-0.263605139,-0.130529008,1.573235192,-0.290945495,0,0,0,0,0,1,0,0,0,0,0,0,0,0,0,0,0,1,0,0,0,0,0,1,0,1,0,1,0,0,0,0,0,1,0,0,0,0,0,1,0,0,0,0,0,0,0,0,1,0,1,0,0,0,0,0,0,0,0,0,3.5025,500.0,550.0,50.0
189,198,198,198,0.980737006,-0.631411187,-0.20156645,0.071429693,-0.431076632,-0.641826903,-0.197117053,-0.629015021,-0.263605139,-0.288202996,1.573235192,-0.28224616,0,0,0,0,0,1,0,0,0,0,0,0,0,0,0,0,0,1,0,0,0,0,0,1,0,0,1,1,0,0,0,0,0,1,0,0,0,0,0,1,0,1,0,0,0,0,0,0,0,0,1,0,0,0,0,0,0,0,0,0,3,547.0,590.0,43.0
190,199,199,199,-0.423737991,-0.631411187,-0.2668562,0.071429693,-0.431076632,-0.641826903,-0.197117053,-0.629015021,-0.263605139,-0.351272592,-0.218643781,-0.290945495,0,0,0,0,0,1,0,0,0,0,0,0,0,0,0,0,0,1,0,0,0,0,0,1,0,0,1,1,0,0,0,0,0,1,0,0,0,0,0,1,0,1,0,0,0,0,0,0,0,0,1,0,0,0,0,0,0,0,0,0,2.7,551.0,612.0,61.0
191,200,200,200,-0.423737991,-0.631411187,-0.2668562,0.071429693,-0.431076632,-0.641826903,-0.197117053,-0.629015021,-0.263605139,-0.351272592,-0.218643781,-0.290945495,0,0,0,0,0,1,0,0,0,0,0,0,0,0,0,0,1,0,0,0,0,0,0,1,0,0,1,1,0,0,0,0,0,1,0,0,0,0,0,1,0,1,0,0,0,0,0,0,0,0,1,0,0,0,0,0,0,0,0,0,3.6,578.0,641.0,63.0
192,201,201,201,-0.423737991,-0.631411187,-0.2668562,0.071429693,-0.431076632,-0.641826903,-0.197117053,-0.629015021,-0.263605139,-0.351272592,-0.218643781,-0.29964483,0,0,0,0,0,1,0,0,0,0,0,0,0,0,0,0,0,1,0,0,0,0,0,1,0,0,1,1,0,0,0,0,0,1,0,0,0,0,0,1,0,1,0,0,0,0,0,0,0,0,1,0,0,0,0,0,0,0,0,0,2.7305,511.0,572.0,61.0
193,202,202,202,-0.423737991,-0.631411187,-0.2668562,0.071429693,-0.431076632,-0.641826903,-0.197117053,-0.629015021,-0.263605139,-0.351272592,-0.218643781,-0.296165096,0,0,0,0,0,1,0,0,0,0,0,0,0,0,0,0,0,1,0,0,0,0,0,1,0,0,1,1,0,0,0,0,0,1,0,0,0,0,0,1,0,1,0,0,0,0,0,0,0,0,1,0,0,0,0,0,0,0,0,0,2.675500000000001,532.0,581.0,49.0
194,203,203,203,-0.423737991,-0.631411187,-0.2668562,0.071429693,-0.431076632,-0.641826903,-0.197117053,-0.629015021,-0.263605139,-0.351272592,-0.218643781,-0.29964483,0,0,0,0,0,1,0,0,0,0,0,0,0,0,0,0,1,0,0,0,0,0,0,1,0,0,1,1,0,0,0,0,0,1,0,0,0,0,0,1,0,1,0,0,0,0,0,0,0,0,1,0,0,0,0,0,0,0,0,0,2.8145000000000007,529.0,582.0,53.0
195,204,204,204,-0.423737991,-0.631411187,-0.2668562,0.071429693,-0.431076632,-0.641826903,-0.197117053,-0.629015021,-0.263605139,-0.351272592,-0.218643781,-0.296165096,0,0,0,0,0,1,0,0,0,0,0,0,0,0,0,0,1,0,0,0,0,0,0,1,0,0,1,1,0,0,0,0,0,1,0,0,0,0,0,1,0,1,0,0,0,0,0,0,0,0,1,0,0,0,0,0,0,0,0,0,2.738500000000001,552.0,601.0,49.0
196,205,205,205,-0.588970344,-0.667894884,-0.005697201,-0.30466059,-0.431076632,-0.641826903,0.335829054,-0.549452649,-0.263605139,-0.16130697,1.573235192,-0.28224616,0,0,0,0,0,1,0,0,0,0,0,0,0,0,0,0,0,1,0,0,0,0,0,1,0,1,0,1,0,0,0,0,0,1,0,0,0,0,0,0,1,0,0,0,0,0,0,0,1,0,1,0,0,0,0,0,0,0,0,0,2.3,436.0,481.0,45.0
197,206,206,206,1.253370388,1.448159556,-0.528015198,3.813776929,-0.431076632,-0.641826903,-0.197117053,-0.629015021,0.489266371,0.087817932,0.577746873,3.449768678,0,0,0,0,0,0,1,0,0,0,0,0,0,0,0,0,0,1,0,0,1,0,0,0,0,0,1,1,0,0,0,0,0,1,0,0,0,0,0,1,0,1,0,0,0,0,0,0,0,0,0,0,0,0,0,0,0,1,0,0,2.6,517.0,600.0,83.0
198,207,207,207,1.253370388,1.448159556,-0.528015198,3.813776929,-0.431076632,-0.641826903,-0.197117053,-0.629015021,0.489266371,0.087817932,0.776844537,3.449768678,0,0,0,0,0,0,1,0,0,0,0,0,0,0,0,0,0,1,0,0,1,0,0,0,0,0,1,1,0,0,0,0,0,1,0,0,0,0,0,1,0,1,0,0,0,0,0,0,0,0,0,0,0,0,0,0,0,1,0,0,3,577.0,646.0,69.0
199,208,208,208,1.253370388,1.448159556,-0.528015198,3.813776929,-0.431076632,-0.641826903,-0.197117053,-0.629015021,0.489266371,0.087817932,0.975942201,3.449768678,0,0,0,0,0,0,1,0,0,0,0,0,0,0,0,0,0,1,0,0,1,0,0,0,0,0,1,1,0,0,0,0,0,1,0,0,0,0,0,1,0,1,0,0,0,0,0,0,0,0,0,0,0,0,0,0,0,1,0,0,3.5,590.0,677.0,87.0
200,209,209,209,1.253370388,1.448159556,-0.528015198,3.813776929,-0.431076632,-0.641826903,-0.197117053,-0.629015021,0.489266371,0.087817932,1.175039865,3.449768678,0,0,0,0,0,0,1,0,0,0,0,0,0,0,0,0,0,1,0,0,1,0,0,0,0,0,1,1,0,0,0,0,0,1,0,0,0,0,0,1,0,1,0,0,0,0,0,0,0,0,0,0,0,0,0,0,0,1,0,0,4.2,626.0,729.0,103.0
201,210,210,210,1.253370388,1.448159556,-0.528015198,3.813776929,-0.431076632,-0.641826903,-0.197117053,-0.629015021,0.489266371,0.087817932,1.374137528,3.449768678,0,0,0,0,0,0,1,0,0,0,0,0,0,0,0,0,0,1,0,0,1,0,0,0,0,0,1,1,0,0,0,0,0,1,0,0,0,0,0,1,0,1,0,0,0,0,0,0,0,0,0,0,0,0,0,0,0,1,0,0,4.8,689.0,765.0,76.0
202,211,211,211,1.253370388,1.448159556,-0.528015198,3.813776929,-0.431076632,-0.641826903,-0.197117053,-0.629015021,0.489266371,0.087817932,1.573235192,3.449768678,0,0,0,0,0,0,1,0,0,0,0,0,0,0,0,0,0,1,0,0,1,0,0,0,0,0,1,1,0,0,0,0,0,1,0,0,0,0,0,1,0,1,0,0,0,0,0,0,0,0,0,0,0,0,0,0,0,1,0,0,6,729.0,775.0,46.0
203,212,212,212,-0.547662256,-0.653301405,0.516620796,0.447519977,-0.431076632,-0.641826903,-0.197117053,-0.629015021,-0.263605139,0.468632149,1.672784024,-0.29964483,0,0,0,0,0,0,0,1,0,0,0,0,0,0,0,0,0,1,0,0,0,0,0,1,0,0,1,1,0,0,0,0,0,1,0,0,0,0,0,1,0,1,0,0,0,0,0,0,0,0,1,0,0,0,0,0,0,0,0,0,1.7775000000000003,480.0,561.5,81.5
204,213,213,213,-0.580708726,-0.667894884,-0.070986951,-0.30466059,-0.316032743,-0.641826903,-0.197117053,-0.629015021,-0.263605139,-0.225133401,0.975942201,-0.099560119,0,0,0,0,0,0,0,0,1,0,0,0,0,0,0,0,0,1,0,0,0,0,0,1,0,1,0,0,0,1,0,0,0,1,0,0,0,0,0,1,0,1,0,0,0,0,0,0,0,0,1,0,0,0,0,0,0,0,0,0,8.3,532.0,590.0,58.0
205,214,214,214,-0.580708726,-0.667894884,-0.070986951,-0.30466059,-0.316032743,-0.641826903,-0.197117053,-0.629015021,-0.263605139,-0.225133401,0.975942201,-0.303124564,0,0,0,0,0,0,0,0,1,0,0,0,0,0,0,0,0,1,0,0,0,0,0,1,0,1,0,0,0,1,0,0,0,1,0,0,0,0,0,1,0,1,0,0,0,0,0,0,0,0,1,0,0,0,0,0,0,0,0,0,2.843071428571429,570.0,605.0,35.0
206,215,215,215,-0.580708726,-0.667894884,-0.070986951,-0.30466059,-0.316032743,-0.641826903,-0.197117053,-0.629015021,-0.263605139,-0.225133401,0.975942201,-0.256148154,0,0,0,0,0,0,0,0,1,0,0,0,0,0,0,0,0,1,0,0,0,0,0,1,0,1,0,0,0,1,0,0,0,1,0,0,0,0,0,1,0,1,0,0,0,0,0,0,0,0,1,0,0,0,0,0,0,0,0,0,2.7620000000000005,562.0,600.1666667,38.16666667
207,216,216,216,-0.580708726,-0.667894884,-0.070986951,-0.30466059,-0.316032743,-0.641826903,-0.197117053,-0.629015021,-0.263605139,-0.225133401,0.975942201,-0.203952142,0,0,0,0,0,0,0,0,1,0,0,0,0,0,0,0,0,1,0,0,0,0,0,1,0,1,0,0,0,1,0,0,0,1,0,0,0,0,0,1,0,1,0,0,0,0,0,0,0,0,1,0,0,0,0,0,0,0,0,0,2.7120000000000006,549.0,588.1666667,39.16666667
208,217,217,217,-0.423737991,-0.631411187,-0.20156645,-0.30466059,-0.085944965,-0.600007648,-0.197117053,-0.629015021,-0.263605139,-0.346416233,-1.413229764,0.78777208,0,0,0,0,0,0,0,0,0,1,0,0,0,0,0,0,0,1,0,0,0,0,1,0,0,1,0,0,0,0,0,1,0,0,0,0,1,0,0,1,0,1,0,0,0,0,0,0,0,0,1,0,0,0,0,0,0,0,0,0,2,523.0,583.0,60.0
209,218,218,218,-0.423737991,-0.631411187,-0.20156645,-0.30466059,-0.085944965,-0.600007648,-0.197117053,-0.629015021,-0.263605139,-0.346416233,0.179551546,0.78777208,0,0,0,0,0,0,0,0,0,1,0,0,0,0,0,0,0,1,0,0,0,0,1,0,0,1,0,0,0,0,0,1,0,0,0,0,1,0,0,1,0,1,0,0,0,0,0,0,0,0,1,0,0,0,0,0,0,0,0,0,4.1,584.0,627.8333333,43.83333333
