,Unnamed: 0,Unnamed: 0.1,in_amount_mmol,p_amount_mmol,ligand_amount_mmol,first_sol_amount_ml,second_sol_amount_ml,third_sol_amount_ml,other_1_amount_mmol,other_2_amount_mmol,total_volume_ml,temp_c,time_min,x0_chloroindium oxalate,x0_indium acetate,x0_indium bromide,x0_indium chloride,x0_indium iodide,x0_indium myristate,x0_indium oxalate,x0_indium palmitate,x0_indium trifluoroacetate,"x0_indium tris(N,N-diisopropylacetamidinato)",x1_bis(trimethylsilyl)phosphine,x1_phosphine gas,x1_phosphorus trichloride,x1_sodium phosphide,x1_tris(diethylamino)phosphine,x1_tris(dimethylamino)phosphine,x1_tris(trimethylgermyl)phosphine,x1_tris(trimethylsilyl)phosphine,x1_white phosphorus,x2_None,x2_dodecanethiol,x2_lauric acid,x2_myristic acid,x2_oleic acid,x2_palmitic acid,x2_stearic acid,x3_4-ethylpyridine,x3_None,x3_dimethylformamide,x3_dodecylamine,x3_mesitylene,x3_octadecene,x3_oleylamine,x3_trioctylamine,x3_trioctylphosphine,x3_trioctylphosphine oxide,x4_None,x4_dioctyl ether,x4_dioctylamine,x4_hexadecylamine,x4_octylamine,x4_oleylamine,x4_toluene,x4_trioctylphosphine,x4_trioctylphosphine oxide,x5_None,x5_trioctylphosphine,x6_None,x6_acetic acid,x6_superhydride,x6_tetrabutylammonium myristate,x6_zinc acetate,x6_zinc bromide,x6_zinc chloride,x6_zinc iodide,x6_zinc octanoate,x6_zinc oleate,x6_zinc stearate,x6_zinc undecylenate,x7_None,x7_copper bromide,x7_oleic acid,x7_water,x7_zinc iodide,diameter_nm,abs_nm,emission_nm,
0,0,0,0.154575243,-0.011188334,-0.247024588,-0.673378551,-0.370637337,-0.096002403,0.865472202,-0.146248879,-0.660116035,1.573235192,-0.282373108,0,1,0,0,0,0,0,0,0,0,0,0,0,0,0,0,0,1,0,0,1,0,0,0,0,0,0,1,0,0,0,0,0,0,0,0,1,0,0,0,0,0,0,0,0,1,0,0,0,0,0,0,0,0,0,0,0,1,0,1,0,0,0,0,None,480,539,59
1,1,1,0.195883331,0.280681244,-0.439228154,-0.658075151,-0.370637337,-0.096002403,-0.675365227,-0.146248879,-0.653602539,0.975942201,3.449770807,1,0,0,0,0,0,0,0,0,0,0,0,0,0,0,0,0,1,0,1,0,0,0,0,0,0,0,0,0,0,0,0,0,0,0,1,1,0,0,0,0,0,0,0,0,1,0,1,0,0,0,0,0,0,0,0,0,0,0,1,0,0,0,0,2.61,610,653,43
2,2,2,-0.423737991,-0.412509003,-0.439228154,-0.655198112,-0.370637337,-0.096002403,0.457150283,-0.146248879,-0.651009788,-0.815936773,-0.282373108,0,0,0,1,0,0,0,0,0,0,0,0,0,0,0,0,0,0,1,1,0,0,0,0,0,0,0,0,0,0,0,0,1,0,0,0,1,0,0,0,0,0,0,0,0,1,0,0,0,0,0,0,0,1,0,0,0,0,0,1,0,0,0,0,None,560,595,35
3,3,3,-0.423737991,-0.412509003,-0.439228154,-0.655198112,-0.370637337,-0.096002403,0.457150283,-0.146248879,-0.651009788,-0.218643781,-0.282373108,0,0,0,1,0,0,0,0,0,0,0,0,0,0,0,0,0,0,1,1,0,0,0,0,0,0,0,0,0,0,0,0,1,0,0,0,1,0,0,0,0,0,0,0,0,1,0,0,0,0,0,0,0,1,0,0,0,0,0,1,0,0,0,0,None,590,635,45
5,5,5,0.154575243,-0.011188334,-0.247024588,-0.604513249,-0.370637337,-0.096002403,0.865472202,-0.146248879,-0.596878205,-0.815936773,-0.204076383,0,1,0,0,0,0,0,0,0,0,0,0,0,0,0,0,0,1,0,0,1,0,0,0,0,0,0,0,0,0,0,1,0,0,0,0,1,0,0,0,0,0,0,0,0,1,0,0,0,0,0,0,0,0,0,1,0,0,0,1,0,0,0,0,None,500.8275862,520,19.17241379
6,6,6,0.154575243,-0.011188334,-0.247024588,-0.604513249,-0.370637337,-0.096002403,0.865472202,-0.146248879,-0.596878205,-0.815936773,-0.099680749,0,1,0,0,0,0,0,0,0,0,0,0,0,0,0,0,0,1,0,0,1,0,0,0,0,0,0,0,0,0,0,1,0,0,0,0,1,0,0,0,0,0,0,0,0,1,0,0,0,0,0,0,0,0,0,1,0,0,0,1,0,0,0,0,None,499.4137931,538,38.5862069
7,7,7,0.154575243,-0.011188334,-0.247024588,-0.604513249,-0.370637337,-0.096002403,0.865472202,-0.146248879,-0.596878205,-0.417741445,-0.243224746,0,1,0,0,0,0,0,0,0,0,0,0,0,0,0,0,0,1,0,0,1,0,0,0,0,0,0,0,0,0,0,1,0,0,0,0,1,0,0,0,0,0,0,0,0,1,0,0,0,0,0,0,0,0,0,1,0,0,0,1,0,0,0,0,None,494.137931,540,45.86206897
8,8,8,0.154575243,-0.011188334,-0.247024588,-0.604513249,-0.370637337,-0.096002403,0.865472202,-0.146248879,-0.596878205,1.175039865,-0.282373108,0,1,0,0,0,0,0,0,0,0,0,0,0,0,0,0,0,1,0,0,1,0,0,0,0,0,0,0,0,0,0,1,0,0,0,0,1,0,0,0,0,0,0,0,0,1,0,0,0,0,0,0,0,0,0,1,0,0,0,1,0,0,0,0,None,481.0344828,590,108.9655172
9,9,9,0.154575243,-0.011188334,-0.247024588,-0.604513249,-0.370637337,-0.096002403,0.865472202,-0.146248879,-0.596878205,1.175039865,-0.204076383,0,1,0,0,0,0,0,0,0,0,0,0,0,0,0,0,0,1,0,0,1,0,0,0,0,0,0,0,0,0,0,1,0,0,0,0,1,0,0,0,0,0,0,0,0,1,0,0,0,0,0,0,0,0,0,1,0,0,0,1,0,0,0,0,None,487.6896552,600,112.3103448
10,10,10,0.154575243,-0.011188334,-0.247024588,-0.604513249,-0.370637337,-0.096002403,0.865472202,-0.146248879,-0.596878205,0.179551546,-0.282373108,0,1,0,0,0,0,0,0,0,0,0,0,0,0,0,0,0,1,0,0,1,0,0,0,0,0,0,0,0,0,0,1,0,0,0,0,1,0,0,0,0,0,0,0,0,1,0,0,0,0,0,0,0,0,0,1,0,0,0,1,0,0,0,0,None,469.8275862,560,90.17241379
11,11,11,-0.299813727,-0.011188334,-0.439228154,-0.589500613,-0.370637337,-0.096002403,0.172095359,-0.146248879,-0.590680897,-0.815936773,-0.305862126,0,0,0,0,1,0,0,0,0,0,0,0,0,0,0,1,0,0,0,1,0,0,0,0,0,0,0,0,0,0,0,0,1,0,0,0,1,0,0,0,0,0,0,0,0,1,0,0,0,0,0,0,0,1,0,0,0,0,0,1,0,0,0,0,1.7,480,525,45
12,12,12,-0.423737991,-0.412509003,-0.439228154,-0.581374508,-0.370637337,-0.096002403,0.457150283,-0.146248879,-0.583218833,-1.413229764,-0.282373108,0,0,0,1,0,0,0,0,0,0,0,0,0,0,0,0,0,0,1,1,0,0,0,0,0,0,0,0,0,0,0,0,1,0,0,0,1,0,0,0,0,0,0,0,0,1,0,0,0,0,0,0,0,1,0,0,0,0,0,1,0,0,0,0,None,492,529,37
13,13,13,-0.423737991,-0.412509003,-0.439228154,-0.581374508,-0.370637337,-0.096002403,0.457150283,-0.146248879,-0.583218833,-0.815936773,-0.282373108,0,0,0,1,0,0,0,0,0,0,0,0,0,0,0,0,0,0,1,1,0,0,0,0,0,0,0,0,0,0,0,0,1,0,0,0,1,0,0,0,0,0,0,0,0,1,0,0,0,0,0,0,0,1,0,0,0,0,0,1,0,0,0,0,None,522,555,33
14,14,14,-0.423737991,-0.522689769,-0.439228154,-0.581374508,-0.370637337,-0.096002403,0.457150283,-0.146248879,-0.583218833,-0.815936773,-0.282373108,0,0,0,0,1,0,0,0,0,0,0,0,0,0,0,0,0,0,1,1,0,0,0,0,0,0,0,0,0,0,0,0,1,0,0,0,1,0,0,0,0,0,0,0,0,1,0,0,0,0,0,0,0,0,1,0,0,0,0,1,0,0,0,0,None,430,482,52
15,15,15,-0.423737991,0.134746455,-0.439228154,-0.425463463,0.314283865,-0.096002403,-0.444239613,-0.146248879,-0.351515422,-0.019546118,-0.308037035,0,0,0,1,0,0,0,0,0,0,0,0,0,0,0,1,0,0,0,1,0,0,0,0,0,0,0,0,0,0,0,0,0,1,0,0,0,0,0,0,0,1,0,0,0,1,0,0,0,0,0,0,0,1,0,0,0,0,0,1,0,0,0,0,3.6,492,554,62
16,16,16,-0.423737991,0.134746455,-0.439228154,-0.425463463,0.314283865,-0.096002403,-0.444239613,-0.146248879,-0.351515422,-0.019546118,-0.282373108,0,0,0,1,0,0,0,0,0,0,0,0,0,0,0,1,0,0,0,1,0,0,0,0,0,0,0,0,0,0,0,0,0,1,0,0,0,0,0,0,0,1,0,0,0,1,0,0,0,0,0,0,0,1,0,0,0,0,0,1,0,0,0,0,4.6,611,643,32
17,17,17,0.071959067,0.20771385,-0.439228154,-0.537369579,-0.370637337,-0.096002403,1.019555944,-0.146248879,-0.542809859,-0.815936773,-0.30673209,0,0,0,0,1,0,0,0,0,0,0,0,0,0,0,1,0,0,0,1,0,0,0,0,0,0,0,0,0,0,0,0,1,0,0,0,1,0,0,0,0,0,0,0,0,1,0,0,0,0,0,0,0,1,0,0,0,0,0,1,0,0,0,0,None,485,530,45
18,18,18,-0.423737991,-0.259277475,-0.439228154,-0.537369579,-0.370637337,-0.096002403,-0.112959566,-0.146248879,-0.542809859,-0.815936773,-0.30673209,0,0,0,0,1,0,0,0,0,0,0,0,0,0,0,1,0,0,0,1,0,0,0,0,0,0,0,0,0,0,0,0,1,0,0,0,1,0,0,0,0,0,0,0,0,1,0,0,0,0,0,0,0,1,0,0,0,0,0,1,0,0,0,0,None,505,530,25
19,19,19,-0.588970344,1.448159556,-0.323906014,-0.535647947,-0.370637337,-0.096002403,-0.675365227,-0.146248879,-0.541228914,-0.417741445,-0.295422563,0,1,0,0,0,0,0,0,0,0,0,1,0,0,0,0,0,0,0,0,0,0,1,0,0,0,0,0,0,0,0,1,0,0,0,0,1,0,0,0,0,0,0,0,0,1,0,1,0,0,0,0,0,0,0,0,0,0,0,1,0,0,0,0,2.5,601,633,32
20,20,20,-0.588970344,1.448159556,-0.323906014,-0.535647947,-0.370637337,-0.096002403,-0.675365227,-0.146248879,-0.541228914,0.776844537,-0.295422563,0,1,0,0,0,0,0,0,0,0,0,1,0,0,0,0,0,0,0,0,0,0,1,0,0,0,0,0,0,0,0,1,0,0,0,0,1,0,0,0,0,0,0,0,0,1,0,1,0,0,0,0,0,0,0,0,0,0,0,1,0,0,0,0,4.3,620,648.8333333,28.83333333
21,21,21,-0.588970344,1.448159556,-0.323906014,-0.535647947,-0.370637337,-0.096002403,-0.675365227,-0.146248879,-0.541228914,0.179551546,-0.295422563,0,1,0,0,0,0,0,0,0,0,0,1,0,0,0,0,0,0,0,0,0,0,1,0,0,0,0,0,0,0,0,1,0,0,0,0,1,0,0,0,0,0,0,0,0,1,0,1,0,0,0,0,0,0,0,0,0,0,0,1,0,0,0,0,4.5,623,648.8333333,25.83333333
23,23,23,-0.299813727,1.068729104,-0.439228154,-0.53399518,-0.370637337,-0.096002403,1.019555944,-0.146248879,-0.539711206,-0.417741445,-0.291072745,0,0,0,1,0,0,0,0,0,0,0,0,0,0,0,1,0,0,0,1,0,0,0,0,0,0,0,0,0,0,0,0,1,0,0,0,1,0,0,0,0,0,0,0,0,1,0,0,0,0,0,0,0,1,0,0,0,0,0,1,0,0,0,0,2.6,553,592,39
24,24,24,-0.299813727,0.426616033,-0.439228154,-0.53399518,-0.370637337,-0.096002403,1.019555944,-0.146248879,-0.539711206,-0.815936773,-0.282373108,0,0,0,1,0,0,0,0,0,0,0,0,0,0,0,1,0,0,0,1,0,0,0,0,0,0,0,0,0,0,0,0,1,0,0,0,1,0,0,0,0,0,0,0,0,1,0,0,0,0,0,0,0,1,0,0,0,0,0,1,0,0,0,0,2.48,560.0689655,600.5,40.43103448
25,25,25,-0.258505638,1.265741069,-0.439228154,-0.53399518,-0.370637337,-0.096002403,0.480262844,2.157960073,-0.539711206,-0.815936773,-0.282373108,0,0,0,1,0,0,0,0,0,0,0,0,0,0,0,1,0,0,0,1,0,0,0,0,0,0,0,0,0,0,0,0,1,0,0,0,1,0,0,0,0,0,0,0,0,1,0,0,0,0,0,0,0,1,0,0,0,0,0,0,0,0,0,1,3,490,560,70
26,26,26,0.782458183,0.017998624,-0.439228154,-0.508101826,-0.261919686,-0.096002403,-0.675365227,-0.146248879,-0.501452318,0.975942201,3.449770807,1,0,0,0,0,0,0,0,0,0,0,0,0,0,0,0,0,1,0,1,0,0,0,0,0,0,0,0,0,0,0,0,0,0,1,0,0,0,0,0,0,0,0,0,1,1,0,1,0,0,0,0,0,0,0,0,0,0,0,1,0,0,0,0,3.5,595,669.1666667,74.16666667
27,27,27,0.782458183,0.017998624,-0.439228154,-0.508101826,-0.261919686,-0.096002403,-0.675365227,-0.146248879,-0.501452318,1.573235192,3.449770807,1,0,0,0,0,0,0,0,0,0,0,0,0,0,0,0,0,1,0,1,0,0,0,0,0,0,0,0,0,0,0,0,0,0,1,0,0,0,0,0,0,0,0,0,1,1,0,1,0,0,0,0,0,0,0,0,0,0,0,1,0,0,0,0,4.6,650,712.3333333,62.33333333
28,28,28,-0.299813727,0.664489739,-0.439228154,-0.50569154,-0.370637337,-0.096002403,1.019555944,-0.146248879,-0.513720457,-1.015034436,-0.299772381,0,0,0,1,0,0,0,0,0,0,0,0,0,0,0,1,0,0,0,1,0,0,0,0,0,0,0,0,0,0,0,0,1,0,0,0,1,0,0,0,0,0,0,0,0,1,0,0,0,0,0,0,0,1,0,0,0,0,0,1,0,0,0,0,None,576,628,52
29,29,29,-0.299813727,0.664489739,-0.439228154,-0.50569154,-0.370637337,-0.096002403,1.019555944,-0.146248879,-0.513720457,-1.015034436,-0.299772381,0,0,0,1,0,0,0,0,0,0,0,0,0,0,0,1,0,0,0,1,0,0,0,0,0,0,0,0,0,0,0,0,1,0,0,0,1,0,0,0,0,0,0,0,0,1,0,0,0,0,0,0,0,0,1,0,0,0,0,1,0,0,0,0,7,478,518,40
30,30,30,-0.485700123,-0.157123123,-0.439228154,-0.503418985,-0.370637337,-0.096002403,0.172095359,-0.146248879,-0.511633609,-0.815936773,-0.282373108,0,0,0,1,0,0,0,0,0,0,0,0,0,0,1,0,0,0,0,1,0,0,0,0,0,0,0,0,0,0,0,0,1,0,0,0,1,0,0,0,0,0,0,0,0,1,0,0,0,0,0,0,0,1,0,0,0,0,0,1,0,0,0,0,3.2,560,604.1666667,44.16666667
31,31,31,-0.481569315,-0.157123123,-0.439228154,-0.503418985,-0.370637337,-0.096002403,0.172095359,-0.146248879,-0.511633609,-0.815936773,-0.291072745,0,0,0,1,0,0,0,0,0,0,0,0,0,0,1,0,0,0,0,1,0,0,0,0,0,0,0,0,0,0,0,0,1,0,0,0,1,0,0,0,0,0,0,0,0,1,0,0,0,0,0,0,0,1,0,0,0,0,0,1,0,0,0,0,2.9,573,618,45
32,32,32,-0.481569315,-0.157123123,-0.439228154,-0.503418985,-0.370637337,-0.096002403,0.172095359,-0.146248879,-0.511633609,-0.815936773,-0.291072745,0,0,0,1,0,0,0,0,0,0,0,0,0,0,1,0,0,0,0,1,0,0,0,0,0,0,0,0,0,0,0,0,1,0,0,0,1,0,0,0,0,0,0,0,0,1,0,0,0,0,0,0,0,1,0,0,0,0,0,1,0,0,0,0,3.2,573,616.8333333,43.83333333
33,33,33,-0.481569315,-0.157123123,-0.439228154,-0.503418985,-0.370637337,-0.096002403,0.172095359,-0.146248879,-0.511633609,-0.815936773,-0.291072745,0,0,0,1,0,0,0,0,0,0,0,0,0,0,1,0,0,0,0,1,0,0,0,0,0,0,0,0,0,0,0,0,1,0,0,0,1,0,0,0,0,0,0,0,0,1,0,0,0,0,0,0,0,1,0,0,0,0,0,1,0,0,0,0,3.2,573,616.8333333,43.83333333
34,34,34,-0.299813727,0.266087765,-0.439228154,-0.466782645,-0.370637337,-0.096002403,1.019555944,-0.146248879,-0.477991083,-0.815936773,-0.304122199,0,0,0,1,0,0,0,0,0,0,0,0,0,0,0,1,0,0,0,1,0,0,0,0,0,0,0,0,0,1,0,0,0,0,0,0,1,0,0,0,0,0,0,0,0,1,0,0,0,0,0,0,0,1,0,0,0,0,0,1,0,0,0,0,3.2,550,612,62
35,35,35,-0.588970344,-0.667894884,-0.400787441,-0.466782645,-0.345197407,-0.096002403,-0.61373173,-0.146248879,-0.474702716,0.37864921,-0.291072745,0,0,0,1,0,0,0,0,0,0,0,0,0,0,0,0,0,1,0,0,0,0,0,0,0,1,0,0,0,0,0,1,0,0,0,0,0,0,0,1,0,0,0,0,0,1,0,0,0,0,0,0,0,0,0,0,0,0,1,1,0,0,0,0,None,570,630,60
36,36,36,0.319807596,0.134746455,-0.439228154,-0.466782645,-0.296763693,-0.096002403,-0.675365227,-0.146248879,-0.468442171,-0.855756305,0.422297421,0,1,0,0,0,0,0,0,0,0,0,0,0,0,0,0,0,1,0,1,0,0,0,0,0,0,0,0,0,0,0,1,0,0,0,0,0,0,1,0,0,0,0,0,0,1,0,1,0,0,0,0,0,0,0,0,0,0,0,1,0,0,0,0,6.7,622,680,58
37,37,37,-0.341121815,-0.448992701,-0.439228154,-0.466782645,-0.128957999,-0.096002403,-0.675365227,-0.146248879,-0.446751595,-0.855756305,-0.304992163,0,1,0,0,0,0,0,0,0,0,0,0,0,0,0,0,0,1,0,1,0,0,0,0,0,0,0,0,0,0,0,1,0,0,0,0,0,0,0,0,0,1,0,0,0,1,0,1,0,0,0,0,0,0,0,0,0,0,0,1,0,0,0,0,1.5,445,568,123
38,38,38,0.319807596,0.134746455,-0.439228154,-0.466782645,-0.128957999,-0.096002403,-0.675365227,-0.146248879,-0.446751595,-0.855756305,-0.280633181,0,1,0,0,0,0,0,0,0,0,0,0,0,0,0,0,0,1,0,1,0,0,0,0,0,0,0,0,0,0,0,1,0,0,0,0,0,0,0,0,0,1,0,0,0,1,0,1,0,0,0,0,0,0,0,0,0,0,0,1,0,0,0,0,2.5,543,589,46
39,39,39,-0.299813727,0.426616033,-0.439228154,-0.32905204,1.097050953,-0.096002403,1.019555944,-0.146248879,-0.16180193,-0.815936773,-0.282373108,0,0,0,1,0,0,0,0,0,0,0,0,0,0,1,0,0,0,0,1,0,0,0,0,0,0,0,0,0,0,0,0,1,0,0,0,0,0,0,0,0,0,1,0,0,1,0,0,0,0,0,0,0,1,0,0,0,0,0,1,0,0,0,0,None,575,614.5,39.5
40,40,40,-0.423737991,-0.631411187,-0.439228154,-0.397917343,0.118592093,-0.096002403,-0.675365227,-0.146248879,-0.351515422,-0.218643781,-0.299772381,0,0,0,0,0,1,0,0,0,0,0,0,0,0,0,0,1,0,0,1,0,0,0,0,0,0,0,0,0,0,0,1,0,0,0,0,0,0,0,0,0,0,0,1,0,1,0,1,0,0,0,0,0,0,0,0,0,0,0,1,0,0,0,0,None,529,582,53
41,41,41,-0.423737991,-0.631411187,-0.439228154,-0.397917343,0.118592093,-0.096002403,-0.675365227,-0.146248879,-0.351515422,-0.218643781,-0.296292526,0,0,0,0,0,1,0,0,0,0,0,0,0,0,0,0,1,0,0,1,0,0,0,0,0,0,0,0,0,0,0,1,0,0,0,0,0,0,0,0,0,0,0,1,0,1,0,1,0,0,0,0,0,0,0,0,0,0,0,1,0,0,0,0,None,552,601,49
42,42,42,-0.423737991,-0.631411187,-0.439228154,-0.397917343,0.118592093,-0.096002403,-0.675365227,-0.146248879,-0.351515422,-0.218643781,-0.291072745,0,0,0,0,0,1,0,0,0,0,0,0,0,0,0,0,1,0,0,1,0,0,0,0,0,0,0,0,0,0,0,1,0,0,0,0,0,0,0,0,0,0,0,1,0,1,0,1,0,0,0,0,0,0,0,0,0,0,0,1,0,0,0,0,3.6,578,641,63
43,43,43,-0.423737991,-0.631411187,-0.439228154,-0.397917343,0.118592093,-0.096002403,-0.675365227,-0.146248879,-0.351515422,-0.218643781,-0.299772381,0,0,0,0,0,1,0,0,0,0,0,0,0,0,0,0,0,1,0,1,0,0,0,0,0,0,0,0,0,0,0,1,0,0,0,0,0,0,0,0,0,0,0,1,0,1,0,1,0,0,0,0,0,0,0,0,0,0,0,1,0,0,0,0,None,511,572,61
44,44,44,-0.423737991,-0.631411187,-0.439228154,-0.397917343,0.118592093,-0.096002403,-0.675365227,-0.146248879,-0.351515422,-0.218643781,-0.296292526,0,0,0,0,0,1,0,0,0,0,0,0,0,0,0,0,0,1,0,1,0,0,0,0,0,0,0,0,0,0,0,1,0,0,0,0,0,0,0,0,0,0,0,1,0,1,0,1,0,0,0,0,0,0,0,0,0,0,0,1,0,0,0,0,None,532,581,49
45,45,45,-0.423737991,-0.631411187,-0.439228154,-0.397917343,0.118592093,-0.096002403,-0.675365227,-0.146248879,-0.351515422,-0.218643781,-0.291072745,0,0,0,0,0,1,0,0,0,0,0,0,0,0,0,0,0,1,0,1,0,0,0,0,0,0,0,0,0,0,0,1,0,0,0,0,0,0,0,0,0,0,0,1,0,1,0,1,0,0,0,0,0,0,0,0,0,0,0,1,0,0,0,0,2.7,551,612,61
46,46,46,0.815504654,2.061085669,-0.439228154,-0.397917343,0.265360922,-0.096002403,2.714477116,-0.146248879,-0.335769202,-0.815936773,-0.30673209,0,0,0,1,0,0,0,0,0,0,0,0,0,0,0,1,0,0,0,1,0,0,0,0,0,0,0,0,0,0,0,0,1,0,0,0,0,0,0,0,0,0,0,1,0,1,0,0,0,0,0,0,0,1,0,0,0,0,0,1,0,0,0,0,2.2,444,514.6666667,70.66666667
47,47,47,-0.299813727,-0.740862279,-0.439228154,-0.33345942,-0.370637337,-0.096002403,-0.675365227,-0.146248879,-0.355562643,-0.815936773,-0.305862126,0,0,0,1,0,0,0,0,0,0,0,0,0,0,1,0,0,0,0,1,0,0,0,0,0,0,0,0,0,0,0,0,1,0,0,0,1,0,0,0,0,0,0,0,0,1,0,1,0,0,0,0,0,0,0,0,0,0,0,1,0,0,0,0,None,490,559.5,69.5
48,48,48,-0.299813727,-0.740862279,-0.439228154,-0.33345942,-0.370637337,-0.096002403,-0.675365227,-0.146248879,-0.355562643,-0.815936773,-0.204076383,0,0,0,1,0,0,0,0,0,0,0,0,0,0,1,0,0,0,0,1,0,0,0,0,0,0,0,0,0,0,0,0,1,0,0,0,1,0,0,0,0,0,0,0,0,1,0,1,0,0,0,0,0,0,0,0,0,0,0,1,0,0,0,0,2.5,550,597.1666667,47.16666667
49,49,49,-0.299813727,0.426616033,-0.439228154,-0.33345942,-0.370637337,-0.096002403,1.019555944,-0.146248879,-0.355562643,-0.815936773,-0.282373108,0,0,0,1,0,0,0,0,0,0,0,0,0,0,1,0,0,0,0,1,0,0,0,0,0,0,0,0,0,0,0,0,1,0,0,0,1,0,0,0,0,0,0,0,0,1,0,0,0,0,0,0,1,0,0,0,0,0,0,1,0,0,0,0,None,473,531,58
50,50,50,-0.299813727,0.441209512,-0.439228154,-0.33345942,-0.370637337,-0.096002403,1.019555944,-0.146248879,-0.355562643,-0.815936773,-0.282373108,0,0,1,0,0,0,0,0,0,0,0,0,0,0,1,0,0,0,0,1,0,0,0,0,0,0,0,0,0,0,0,0,1,0,0,0,1,0,0,0,0,0,0,0,0,1,0,0,0,0,0,0,0,1,0,0,0,0,0,1,0,0,0,0,3,562,601.1666667,39.16666667
51,51,51,-0.299813727,0.441209512,-0.439228154,-0.33345942,-0.370637337,-0.096002403,1.019555944,-0.146248879,-0.355562643,-0.815936773,-0.282373108,0,0,0,1,0,0,0,0,0,0,0,0,0,0,1,0,0,0,0,1,0,0,0,0,0,0,0,0,0,0,0,0,1,0,0,0,1,0,0,0,0,0,0,0,0,1,0,0,0,0,0,0,0,1,0,0,0,0,0,1,0,0,0,0,3.2,570,607,37
52,52,52,-0.299813727,0.426616033,-0.439228154,-0.33345942,-0.370637337,-0.096002403,1.019555944,-0.146248879,-0.355562643,-0.815936773,-0.282373108,0,0,0,1,0,0,0,0,0,0,0,0,0,0,1,0,0,0,0,1,0,0,0,0,0,0,0,0,0,0,0,0,1,0,0,0,1,0,0,0,0,0,0,0,0,1,0,0,0,0,0,0,0,1,0,0,0,0,0,1,0,0,0,0,None,570,607,37
53,53,53,-0.299813727,0.441209512,-0.439228154,-0.33345942,-0.370637337,-0.096002403,1.019555944,-0.146248879,-0.355562643,-0.815936773,-0.282373108,0,0,0,0,1,0,0,0,0,0,0,0,0,0,1,0,0,0,0,1,0,0,0,0,0,0,0,0,0,0,0,0,1,0,0,0,1,0,0,0,0,0,0,0,0,1,0,0,0,0,0,0,0,1,0,0,0,0,0,1,0,0,0,0,2.8,509,546.3333333,37.33333333
54,54,54,-0.299813727,0.426616033,-0.439228154,-0.33345942,-0.370637337,-0.096002403,1.019555944,-0.146248879,-0.355562643,-0.815936773,-0.282373108,0,0,0,1,0,0,0,0,0,0,0,0,0,0,1,0,0,0,0,1,0,0,0,0,0,0,0,0,0,0,0,0,1,0,0,0,1,0,0,0,0,0,0,0,0,1,0,0,0,0,0,0,0,0,1,0,0,0,0,1,0,0,0,0,None,423,507,84
55,55,55,0.055435832,0.266087765,-0.439228154,-0.32905204,-0.370637337,-0.096002403,-0.675365227,-0.146248879,-0.351515422,-0.019546118,-0.307602053,0,0,0,1,0,0,0,0,0,0,0,0,0,0,0,1,0,0,0,1,0,0,0,0,0,0,0,0,0,0,0,0,1,0,0,0,1,0,0,0,0,0,0,0,0,1,0,1,0,0,0,0,0,0,0,0,0,0,0,1,0,0,0,0,None,571,612.5,41.5
56,56,56,0.055435832,0.266087765,-0.439228154,-0.32905204,-0.370637337,-0.096002403,-0.675365227,-0.146248879,-0.351515422,-0.019546118,-0.282373108,0,0,0,1,0,0,0,0,0,0,0,0,0,0,0,1,0,0,0,1,0,0,0,0,0,0,0,0,0,0,0,0,1,0,0,0,1,0,0,0,0,0,0,0,0,1,0,1,0,0,0,0,0,0,0,0,0,0,0,1,0,0,0,0,None,602,621,19
57,57,57,-0.299813727,0.667408435,-0.439228154,-0.32905204,-0.370637337,-0.096002403,1.019555944,1.927539178,-0.351515422,-0.417741445,-0.2562742,0,0,0,1,0,0,0,0,0,0,0,0,0,0,0,1,0,0,0,1,0,0,0,0,0,0,0,0,0,0,0,0,1,0,0,0,1,0,0,0,0,0,0,0,0,1,0,0,0,0,0,0,0,1,0,0,0,0,0,0,1,0,0,0,2,420,494.8333333,74.83333333
58,58,58,-0.423737991,-0.682488363,-0.439228154,-0.32905204,-0.370637337,-0.096002403,1.019555944,5.383852607,-0.351515422,-0.815936773,-0.307602053,0,0,0,1,0,0,0,0,0,0,0,0,0,0,0,1,0,0,0,1,0,0,0,0,0,0,0,0,0,0,0,0,1,0,0,0,1,0,0,0,0,0,0,0,0,1,0,0,0,0,0,0,0,1,0,0,0,0,0,0,0,0,1,0,None,438,500.6666667,62.66666667
59,59,59,-0.423737991,-0.682488363,-0.439228154,-0.32905204,-0.370637337,-0.096002403,1.019555944,5.383852607,-0.351515422,-0.815936773,-0.305862126,0,0,0,1,0,0,0,0,0,0,0,0,0,0,0,1,0,0,0,1,0,0,0,0,0,0,0,0,0,0,0,0,1,0,0,0,1,0,0,0,0,0,0,0,0,1,0,0,0,0,0,0,0,1,0,0,0,0,0,0,0,0,1,0,None,460,541.6666667,81.66666667
60,60,60,-0.423737991,-0.682488363,-0.439228154,-0.32905204,-0.370637337,-0.096002403,1.019555944,5.383852607,-0.351515422,-0.815936773,-0.295422563,0,0,0,1,0,0,0,0,0,0,0,0,0,0,0,1,0,0,0,1,0,0,0,0,0,0,0,0,0,0,0,0,1,0,0,0,1,0,0,0,0,0,0,0,0,1,0,0,0,0,0,0,0,1,0,0,0,0,0,0,0,0,1,0,1.75,481,545.1666667,64.16666667
61,61,61,-0.588970344,-0.667894884,-0.439228154,-0.32905204,-0.370637337,-0.096002403,0.865472202,-0.146248879,-0.351515422,1.175039865,-0.2562742,0,0,0,1,0,0,0,0,0,0,0,0,0,0,0,0,0,1,0,1,0,0,0,0,0,0,0,0,0,0,0,0,0,0,1,0,1,0,0,0,0,0,0,0,0,1,0,0,0,0,0,0,0,0,0,0,1,0,0,1,0,0,0,0,2.3,423,485,62
62,62,62,-0.423737991,-0.631411187,-0.093261734,-0.32905204,0.006069324,-0.096002403,-0.675365227,-0.146248879,-0.346646109,-1.413229764,0.78768214,0,0,0,0,0,0,0,0,0,1,0,0,0,0,0,0,0,1,0,0,0,0,0,0,1,0,0,0,0,0,1,0,0,0,0,0,0,0,0,1,0,0,0,0,0,1,0,1,0,0,0,0,0,0,0,0,0,0,0,1,0,0,0,0,2,523,587.8333333,64.83333333
63,63,63,-0.423737991,-0.631411187,-0.093261734,-0.32905204,0.006069324,-0.096002403,-0.675365227,-0.146248879,-0.346646109,0.179551546,0.78768214,0,0,0,0,0,0,0,0,0,1,0,0,0,0,0,0,0,1,0,0,0,0,0,0,1,0,0,0,0,0,1,0,0,0,0,0,0,0,0,1,0,0,0,0,0,1,0,1,0,0,0,0,0,0,0,0,0,0,0,1,0,0,0,0,4.1,584,624.5,40.5
64,64,64,0.980737006,-0.631411187,-0.439228154,-0.32905204,0.118592093,-0.096002403,-0.675365227,-0.146248879,-0.288277591,1.573235192,-0.282373108,0,0,0,0,0,1,0,0,0,0,0,0,0,0,0,0,0,1,0,1,0,0,0,0,0,0,0,0,0,0,0,1,0,0,0,0,0,0,0,0,0,0,0,1,0,1,0,1,0,0,0,0,0,0,0,0,0,0,0,1,0,0,0,0,3,547,590,43
65,65,65,0.823766271,1.265741069,-0.439228154,-0.246551408,2.075509814,-0.096002403,-0.675365227,-0.146248879,0.040432652,-0.815936773,0.944275591,0,0,0,1,0,0,0,0,0,0,0,0,0,0,0,1,0,0,0,1,0,0,0,0,0,0,0,0,0,1,0,0,0,0,0,0,0,0,0,0,0,0,1,0,0,1,0,1,0,0,0,0,0,0,0,0,0,0,0,1,0,0,0,0,2.3,512,584.3333333,72.33333333
66,66,66,0.823766271,1.265741069,-0.439228154,-0.246551408,2.075509814,-0.096002403,-0.675365227,-0.146248879,0.040432652,-0.815936773,0.944275591,0,0,0,1,0,0,0,0,0,0,0,0,0,0,0,1,0,0,0,1,0,0,0,0,0,0,0,0,0,1,0,0,0,0,0,0,0,0,0,0,0,0,1,0,0,1,0,1,0,0,0,0,0,0,0,0,0,0,0,1,0,0,0,0,3.2,499,590,91
67,67,67,-0.423737991,-0.682488363,-0.439228154,-0.32905204,-0.370637337,-0.096002403,1.019555944,-0.146248879,-0.351515422,-0.815936773,-0.307602053,0,0,0,1,0,0,0,0,0,0,0,0,0,0,0,1,0,0,0,1,0,0,0,0,0,0,0,0,0,0,0,0,1,0,0,0,1,0,0,0,0,0,0,0,0,1,0,0,0,0,0,0,0,1,0,0,0,0,0,1,0,0,0,0,None,461,530.1666667,69.16666667
68,68,68,-0.423737991,-0.682488363,-0.439228154,-0.32905204,-0.370637337,-0.096002403,1.019555944,-0.146248879,-0.351515422,-0.815936773,-0.305862126,0,0,0,1,0,0,0,0,0,0,0,0,0,0,0,1,0,0,0,1,0,0,0,0,0,0,0,0,0,0,0,0,1,0,0,0,1,0,0,0,0,0,0,0,0,1,0,0,0,0,0,0,0,1,0,0,0,0,0,1,0,0,0,0,None,496,540.5,44.5
69,69,69,0.055435832,0.266087765,-0.439228154,-0.32905204,-0.370637337,-0.096002403,0.341587476,-0.146248879,-0.351515422,-0.019546118,-0.307602053,0,0,0,1,0,0,0,0,0,0,0,0,0,0,0,1,0,0,0,1,0,0,0,0,0,0,0,0,0,0,0,0,1,0,0,0,1,0,0,0,0,0,0,0,0,1,0,0,0,0,0,0,0,1,0,0,0,0,0,1,0,0,0,0,None,532,570.3333333,38.33333333
70,70,70,0.055435832,0.266087765,-0.439228154,-0.32905204,-0.370637337,-0.096002403,0.018011616,-0.146248879,-0.351515422,-0.019546118,-0.307602053,0,0,0,1,0,0,0,0,0,0,0,0,0,0,0,1,0,0,0,1,0,0,0,0,0,0,0,0,0,0,0,0,1,0,0,0,1,0,0,0,0,0,0,0,0,1,0,0,0,0,0,0,0,1,0,0,0,0,0,1,0,0,0,0,None,537,576.1666667,39.16666667
71,71,71,-0.423737991,-0.682488363,-0.439228154,-0.32905204,-0.370637337,-0.096002403,1.019555944,-0.146248879,-0.351515422,-0.815936773,-0.295422563,0,0,0,1,0,0,0,0,0,0,0,0,0,0,0,1,0,0,0,1,0,0,0,0,0,0,0,0,0,0,0,0,1,0,0,0,1,0,0,0,0,0,0,0,0,1,0,0,0,0,0,0,0,1,0,0,0,0,0,1,0,0,0,0,2.6,547,606.6666667,59.66666667
72,72,72,0.055435832,0.266087765,-0.439228154,-0.32905204,-0.370637337,-0.096002403,0.018011616,-0.146248879,-0.351515422,-0.019546118,-0.282373108,0,0,0,1,0,0,0,0,0,0,0,0,0,0,0,1,0,0,0,1,0,0,0,0,0,0,0,0,0,0,0,0,1,0,0,0,1,0,0,0,0,0,0,0,0,1,0,0,0,0,0,0,0,1,0,0,0,0,0,1,0,0,0,0,None,572,620.8333333,48.83333333
73,73,73,0.055435832,0.266087765,-0.439228154,-0.32905204,-0.370637337,-0.096002403,0.341587476,-0.146248879,-0.351515422,-0.019546118,-0.282373108,0,0,0,1,0,0,0,0,0,0,0,0,0,0,0,1,0,0,0,1,0,0,0,0,0,0,0,0,0,0,0,0,1,0,0,0,1,0,0,0,0,0,0,0,0,1,0,0,0,0,0,0,0,1,0,0,0,0,0,1,0,0,0,0,None,575,620.8333333,45.83333333
74,74,74,-0.299813727,0.667408435,-0.439228154,-0.32905204,-0.370637337,-0.096002403,1.019555944,-0.146248879,-0.351515422,-0.417741445,-0.2562742,0,0,0,1,0,0,0,0,0,0,0,0,0,0,0,1,0,0,0,1,0,0,0,0,0,0,0,0,0,0,0,0,1,0,0,0,1,0,0,0,0,0,0,0,0,1,0,0,0,0,0,0,0,1,0,0,0,0,0,1,0,0,0,0,4.3,590,625,35
75,75,75,0.071959067,0.280681244,-0.439228154,-0.32905204,-0.370637337,-0.096002403,0.018011616,-0.146248879,-0.351515422,-0.019546118,-0.308037035,0,0,0,1,0,0,0,0,0,0,0,0,0,0,0,1,0,0,0,1,0,0,0,0,0,0,0,0,0,0,0,0,1,0,0,0,1,0,0,0,0,0,0,0,0,1,0,0,0,0,0,0,0,1,0,0,0,0,0,1,0,0,0,0,2.1,536.5517241,576.1666667,39.61494253
76,76,76,0.071959067,0.280681244,-0.439228154,-0.32905204,-0.370637337,-0.096002403,0.018011616,-0.146248879,-0.351515422,-0.019546118,-0.299772381,0,0,0,1,0,0,0,0,0,0,0,0,0,0,0,1,0,0,0,1,0,0,0,0,0,0,0,0,0,0,0,0,1,0,0,0,1,0,0,0,0,0,0,0,0,1,0,0,0,0,0,0,0,1,0,0,0,0,0,1,0,0,0,0,3,554.862069,615.8333333,60.97126437
77,77,77,0.071959067,1.594094345,-0.439228154,-0.283600941,-0.370637337,-0.096002403,2.714477116,-0.146248879,-0.309778454,-1.612327427,-0.282373108,0,0,0,1,0,0,0,0,0,0,0,0,0,0,1,0,0,0,0,1,0,0,0,0,0,0,0,0,0,0,0,0,1,0,0,0,1,0,0,0,0,0,0,0,0,1,0,0,0,0,0,0,0,1,0,0,0,0,0,1,0,0,0,0,None,410,495.5,85.5
78,78,78,0.071959067,1.594094345,-0.439228154,-0.283600941,-0.370637337,-0.096002403,2.714477116,-0.146248879,-0.309778454,-1.612327427,-0.282373108,0,0,0,1,0,0,0,0,0,0,0,0,0,0,1,0,0,0,0,1,0,0,0,0,0,0,0,0,0,0,0,0,1,0,0,0,1,0,0,0,0,0,0,0,0,1,0,0,0,0,0,0,0,1,0,0,0,0,0,1,0,0,0,0,None,440,500.3333333,60.33333333
79,79,79,0.071959067,1.594094345,-0.439228154,-0.283600941,-0.370637337,-0.096002403,2.714477116,-0.146248879,-0.309778454,-1.2141321,-0.299772381,0,0,0,1,0,0,0,0,0,0,0,0,0,0,1,0,0,0,0,1,0,0,0,0,0,0,0,0,0,0,0,0,1,0,0,0,1,0,0,0,0,0,0,0,0,1,0,0,0,0,0,0,0,1,0,0,0,0,0,1,0,0,0,0,None,455,525.5,70.5
80,80,80,0.071959067,1.594094345,-0.439228154,-0.283600941,-0.370637337,-0.096002403,2.714477116,-0.146248879,-0.309778454,-1.2141321,-0.291072745,0,0,0,1,0,0,0,0,0,0,0,0,0,0,1,0,0,0,0,1,0,0,0,0,0,0,0,0,0,0,0,0,1,0,0,0,1,0,0,0,0,0,0,0,0,1,0,0,0,0,0,0,0,1,0,0,0,0,0,1,0,0,0,0,None,468,554.5,86.5
81,81,81,0.071959067,1.594094345,-0.439228154,-0.283600941,-0.370637337,-0.096002403,2.714477116,-0.146248879,-0.309778454,-1.2141321,-0.282373108,0,0,0,1,0,0,0,0,0,0,0,0,0,0,1,0,0,0,0,1,0,0,0,0,0,0,0,0,0,0,0,0,1,0,0,0,1,0,0,0,0,0,0,0,0,1,0,0,0,0,0,0,0,1,0,0,0,0,0,1,0,0,0,0,None,492,561.5,69.5
82,82,82,0.071959067,1.594094345,-0.439228154,-0.283600941,-0.370637337,-0.096002403,2.714477116,-0.146248879,-0.309778454,-0.815936773,-0.304122199,0,0,0,1,0,0,0,0,0,0,0,0,0,0,1,0,0,0,0,1,0,0,0,0,0,0,0,0,0,0,0,0,1,0,0,0,1,0,0,0,0,0,0,0,0,1,0,0,0,0,0,0,0,1,0,0,0,0,0,1,0,0,0,0,None,515,550.1666667,35.16666667
83,83,83,0.071959067,1.594094345,-0.439228154,-0.283600941,-0.370637337,-0.096002403,2.714477116,-0.146248879,-0.309778454,-0.815936773,-0.299772381,0,0,0,1,0,0,0,0,0,0,0,0,0,0,1,0,0,0,0,1,0,0,0,0,0,0,0,0,0,0,0,0,1,0,0,0,1,0,0,0,0,0,0,0,0,1,0,0,0,0,0,0,0,1,0,0,0,0,0,1,0,0,0,0,None,523,549.6666667,26.66666667
84,84,84,0.071959067,1.594094345,-0.439228154,-0.283600941,-0.370637337,-0.096002403,2.714477116,-0.146248879,-0.309778454,-0.815936773,-0.291072745,0,0,0,1,0,0,0,0,0,0,0,0,0,0,1,0,0,0,0,1,0,0,0,0,0,0,0,0,0,0,0,0,1,0,0,0,1,0,0,0,0,0,0,0,0,1,0,0,0,0,0,0,0,1,0,0,0,0,0,1,0,0,0,0,None,544,594,50
85,85,85,0.071959067,1.594094345,-0.439228154,-0.283600941,-0.370637337,-0.096002403,2.714477116,-0.146248879,-0.309778454,-0.815936773,-0.282373108,0,0,0,1,0,0,0,0,0,0,0,0,0,0,1,0,0,0,0,1,0,0,0,0,0,0,0,0,0,0,0,0,1,0,0,0,1,0,0,0,0,0,0,0,0,1,0,0,0,0,0,0,0,1,0,0,0,0,0,1,0,0,0,0,None,550,594,44
86,86,86,0.071959067,1.594094345,-0.439228154,-0.283600941,-0.370637337,-0.096002403,2.714477116,-0.146248879,-0.309778454,-0.019546118,-0.304122199,0,0,0,1,0,0,0,0,0,0,0,0,0,0,1,0,0,0,0,1,0,0,0,0,0,0,0,0,0,0,0,0,1,0,0,0,1,0,0,0,0,0,0,0,0,1,0,0,0,0,0,0,0,1,0,0,0,0,0,1,0,0,0,0,None,552,599.3333333,47.33333333
87,87,87,0.071959067,1.594094345,-0.439228154,-0.283600941,-0.370637337,-0.096002403,2.714477116,-0.146248879,-0.309778454,-0.019546118,-0.299772381,0,0,0,1,0,0,0,0,0,0,0,0,0,0,1,0,0,0,0,1,0,0,0,0,0,0,0,0,0,0,0,0,1,0,0,0,1,0,0,0,0,0,0,0,0,1,0,0,0,0,0,0,0,1,0,0,0,0,0,1,0,0,0,0,None,569,607.5,38.5
88,88,88,0.071959067,1.594094345,-0.439228154,-0.283600941,-0.370637337,-0.096002403,2.714477116,-0.146248879,-0.309778454,-0.019546118,-0.291072745,0,0,0,1,0,0,0,0,0,0,0,0,0,0,1,0,0,0,0,1,0,0,0,0,0,0,0,0,0,0,0,0,1,0,0,0,1,0,0,0,0,0,0,0,0,1,0,0,0,0,0,0,0,1,0,0,0,0,0,1,0,0,0,0,None,592,613,21
89,89,89,0.071959067,1.594094345,-0.439228154,-0.283600941,-0.370637337,-0.096002403,2.714477116,-0.146248879,-0.309778454,-0.019546118,-0.282373108,0,0,0,1,0,0,0,0,0,0,0,0,0,0,1,0,0,0,0,1,0,0,0,0,0,0,0,0,0,0,0,0,1,0,0,0,1,0,0,0,0,0,0,0,0,1,0,0,0,0,0,0,0,1,0,0,0,0,0,1,0,0,0,0,None,600,620.6666667,20.66666667
90,90,90,-0.588970344,-0.59492749,-0.435384083,-0.260186738,-0.345197407,-0.096002403,-0.66766104,-0.146248879,-0.284989224,0.179551546,-0.291072745,0,0,0,1,0,0,0,0,0,0,0,0,0,0,0,0,0,1,0,0,0,0,0,0,0,1,0,0,0,0,0,1,0,0,0,0,0,0,0,1,0,0,0,0,0,1,0,0,0,0,0,0,0,0,0,0,0,0,1,1,0,0,0,0,3.2,555,645,90
91,91,91,2.798292886,0.769562787,-0.439228154,0.091791473,2.564739244,-0.096002403,-0.675365227,-0.146248879,0.414421182,1.175039865,3.449770807,1,0,0,0,0,0,0,0,0,0,0,0,0,0,0,0,0,1,0,1,0,0,0,0,0,0,0,0,0,0,0,0,0,0,0,1,0,0,0,0,0,0,0,1,0,1,0,1,0,0,0,0,0,0,0,0,0,0,0,1,0,0,0,0,None,599,612,13
92,92,92,0.055435832,0.280681244,-0.439228154,-0.260186738,2.347303942,-0.096002403,-0.675365227,-0.146248879,0.064146838,0.975942201,3.449770807,1,0,0,0,0,0,0,0,0,0,0,0,0,0,0,0,0,1,0,1,0,0,0,0,0,0,0,0,0,0,0,0,0,0,1,0,0,0,0,0,0,0,0,0,1,1,0,1,0,0,0,0,0,0,0,0,0,0,0,1,0,0,0,0,2.52,520,605,85
93,93,93,0.055435832,-0.361431827,-0.439228154,-0.260186738,2.347303942,-0.096002403,-0.675365227,-0.146248879,0.064146838,0.975942201,3.449770807,1,0,0,0,0,0,0,0,0,0,0,0,0,0,0,0,0,1,0,1,0,0,0,0,0,0,0,0,0,0,0,0,0,0,1,0,0,0,0,0,0,0,0,0,1,1,0,1,0,0,0,0,0,0,0,0,0,0,0,1,0,0,0,0,2.6,530,610.3333333,80.33333333
94,94,94,0.055435832,0.280681244,-0.439228154,-0.260186738,2.347303942,-0.096002403,-0.675365227,-0.146248879,0.064146838,0.975942201,7.208013631,1,0,0,0,0,0,0,0,0,0,0,0,0,0,0,0,0,1,0,1,0,0,0,0,0,0,0,0,0,0,0,0,0,0,1,0,0,0,0,0,0,0,0,0,1,1,0,1,0,0,0,0,0,0,0,0,0,0,0,1,0,0,0,0,2.66,590,653.3333333,63.33333333
95,95,95,-0.506354167,-0.59492749,-0.170143161,-0.225754087,-0.27328068,-0.096002403,-0.213113999,-0.146248879,-0.244074348,-1.811425091,-0.282373108,0,0,0,1,0,0,0,0,0,0,0,0,0,0,0,0,0,1,0,0,0,0,1,0,0,0,0,0,0,0,0,1,0,0,0,0,0,0,0,0,1,0,0,0,0,1,0,0,1,0,0,0,0,0,0,0,0,0,0,1,0,0,0,0,None,408,500,92
96,96,96,-0.506354167,-0.59492749,-0.170143161,-0.225754087,-0.27328068,-0.096002403,-0.675365227,-0.146248879,-0.244074348,-1.811425091,-0.282373108,0,1,0,0,0,0,0,0,0,0,0,0,0,0,0,0,0,1,0,0,0,0,1,0,0,0,0,0,0,0,0,1,0,0,0,0,0,0,0,0,1,0,0,0,0,1,0,1,0,0,0,0,0,0,0,0,0,0,0,1,0,0,0,0,None,412,566.5,154.5
97,97,97,-0.506354167,-0.59492749,-0.170143161,-0.225754087,-0.27328068,-0.096002403,-0.675365227,-0.146248879,-0.244074348,-1.811425091,-0.307602053,0,1,0,0,0,0,0,0,0,0,0,0,0,0,0,0,0,1,0,0,0,0,1,0,0,0,0,0,0,0,0,1,0,0,0,0,0,0,0,0,1,0,0,0,0,1,0,1,0,0,0,0,0,0,0,0,0,0,0,1,0,0,0,0,None,419,566.5,147.5
98,98,98,-0.506354167,-0.59492749,-0.170143161,-0.225754087,-0.27328068,-0.096002403,-0.675365227,-0.146248879,-0.244074348,-1.413229764,-0.307602053,0,1,0,0,0,0,0,0,0,0,0,0,0,0,0,0,0,1,0,0,0,0,1,0,0,0,0,0,0,0,0,1,0,0,0,0,0,0,0,0,1,0,0,0,0,1,0,1,0,0,0,0,0,0,0,0,0,0,0,1,0,0,0,0,None,431,566.5,135.5
99,99,99,-0.506354167,-0.59492749,-0.170143161,-0.225754087,-0.27328068,-0.096002403,-0.675365227,-0.146248879,-0.244074348,-1.413229764,-0.282373108,0,1,0,0,0,0,0,0,0,0,0,0,0,0,0,0,0,1,0,0,0,0,1,0,0,0,0,0,0,0,0,1,0,0,0,0,0,0,0,0,1,0,0,0,0,1,0,1,0,0,0,0,0,0,0,0,0,0,0,1,0,0,0,0,None,432,566.5,134.5
100,100,100,-0.506354167,-0.59492749,-0.170143161,-0.225754087,-0.27328068,-0.096002403,-0.675365227,-0.146248879,-0.244074348,-1.015034436,-0.307602053,0,1,0,0,0,0,0,0,0,0,0,0,0,0,0,0,0,1,0,0,0,0,1,0,0,0,0,0,0,0,0,1,0,0,0,0,0,0,0,0,1,0,0,0,0,1,0,1,0,0,0,0,0,0,0,0,0,0,0,1,0,0,0,0,None,446,566.5,120.5
101,101,101,-0.506354167,-0.59492749,-0.170143161,-0.225754087,-0.27328068,-0.096002403,-0.675365227,-0.146248879,-0.244074348,-1.015034436,-0.282373108,0,1,0,0,0,0,0,0,0,0,0,0,0,0,0,0,0,1,0,0,0,0,1,0,0,0,0,0,0,0,0,1,0,0,0,0,0,0,0,0,1,0,0,0,0,1,0,1,0,0,0,0,0,0,0,0,0,0,0,1,0,0,0,0,None,468,584.6666667,116.6666667
102,102,102,-0.506354167,-0.59492749,-0.170143161,-0.225754087,-0.27328068,-0.096002403,-0.675365227,-0.146248879,-0.244074348,-1.811425091,-0.282373108,0,0,0,1,0,0,0,0,0,0,0,0,0,0,0,0,0,1,0,0,0,0,1,0,0,0,0,0,0,0,0,1,0,0,0,0,0,0,0,0,1,0,0,0,0,1,0,1,0,0,0,0,0,0,0,0,0,0,0,1,0,0,0,0,None,502,578.1666667,76.16666667
104,104,104,-0.341121815,-0.59492749,0.214263972,-0.225754087,-0.247351521,-0.096002403,-0.675365227,-0.146248879,-0.240722743,-1.413229764,-0.299772381,0,1,0,0,0,0,0,0,0,0,0,0,0,0,0,0,0,1,0,0,0,0,1,0,0,0,0,0,0,0,0,1,0,0,0,0,0,0,0,0,1,0,0,0,0,1,0,1,0,0,0,0,0,0,0,0,0,0,0,1,0,0,0,0,None,462,577.1666667,115.1666667
105,105,105,-0.341121815,-0.59492749,0.214263972,-0.225754087,-0.247351521,-0.096002403,-0.675365227,-0.146248879,-0.240722743,-0.815936773,-0.307602053,0,1,0,0,0,0,0,0,0,0,0,0,0,0,0,0,0,1,0,0,0,0,1,0,0,0,0,0,0,0,0,1,0,0,0,0,0,0,0,0,1,0,0,0,0,1,0,1,0,0,0,0,0,0,0,0,0,0,0,1,0,0,0,0,None,492,582.6666667,90.66666667
106,106,106,-0.341121815,-0.59492749,0.214263972,-0.225754087,-0.247351521,-0.096002403,-0.675365227,-0.146248879,-0.240722743,-1.413229764,-0.282373108,0,1,0,0,0,0,0,0,0,0,0,0,0,0,0,0,0,1,0,0,0,0,1,0,0,0,0,0,0,0,0,1,0,0,0,0,0,0,0,0,1,0,0,0,0,1,0,1,0,0,0,0,0,0,0,0,0,0,0,1,0,0,0,0,None,500,577.1666667,77.16666667
107,107,107,-0.341121815,-0.59492749,0.214263972,-0.225754087,-0.247351521,-0.096002403,-0.675365227,-0.146248879,-0.240722743,-1.413229764,-0.204076383,0,1,0,0,0,0,0,0,0,0,0,0,0,0,0,0,0,1,0,0,0,0,1,0,0,0,0,0,0,0,0,1,0,0,0,0,0,0,0,0,1,0,0,0,0,1,0,1,0,0,0,0,0,0,0,0,0,0,0,1,0,0,0,0,None,574,583.6666667,9.666666667
108,108,108,-0.341121815,-0.59492749,0.214263972,-0.225754087,-0.247351521,-0.096002403,-0.675365227,-0.146248879,-0.240722743,-0.815936773,-0.299772381,0,1,0,0,0,0,0,0,0,0,0,0,0,0,0,0,0,1,0,0,0,0,1,0,0,0,0,0,0,0,0,1,0,0,0,0,0,0,0,0,1,0,0,0,0,1,0,1,0,0,0,0,0,0,0,0,0,0,0,1,0,0,0,0,3.7,580,588,8
109,109,109,-0.341121815,-0.59492749,0.214263972,-0.225754087,-0.247351521,-0.096002403,-0.675365227,-0.146248879,-0.240722743,-0.815936773,-0.204076383,0,1,0,0,0,0,0,0,0,0,0,0,0,0,0,0,0,1,0,0,0,0,1,0,0,0,0,0,0,0,0,1,0,0,0,0,0,0,0,0,1,0,0,0,0,1,0,1,0,0,0,0,0,0,0,0,0,0,0,1,0,0,0,0,None,626,628.6666667,2.666666667
110,110,110,0.980737006,-0.521960095,2.347723562,-0.225754087,-0.079545826,-0.096002403,-0.675365227,-0.146248879,-0.219032167,-0.855756305,-0.308298024,0,1,0,0,0,0,0,0,0,0,0,0,0,0,0,0,0,1,0,0,0,0,1,0,0,0,0,0,0,0,0,1,0,0,0,0,0,0,0,0,1,0,0,0,0,1,0,1,0,0,0,0,0,0,0,0,0,0,0,1,0,0,0,0,None,476,582.6666667,106.6666667
111,111,111,0.980737006,-0.521960095,2.347723562,-0.225754087,-0.079545826,-0.096002403,-0.675365227,-0.146248879,-0.219032167,-0.855756305,-0.307602053,0,1,0,0,0,0,0,0,0,0,0,0,0,0,0,0,0,1,0,0,0,0,1,0,0,0,0,0,0,0,0,1,0,0,0,0,0,0,0,0,1,0,0,0,0,1,0,1,0,0,0,0,0,0,0,0,0,0,0,1,0,0,0,0,None,497,582.6666667,85.66666667
112,112,112,0.980737006,-0.521960095,2.520706772,-0.225754087,-0.079545826,-0.096002403,-0.675365227,-0.146248879,-0.219032167,-0.855756305,-0.308298024,0,1,0,0,0,0,0,0,0,0,0,0,0,0,0,0,0,1,0,0,0,0,1,0,0,0,0,0,0,0,0,1,0,0,0,0,0,0,0,0,1,0,0,0,0,1,0,1,0,0,0,0,0,0,0,0,0,0,0,1,0,0,0,0,None,498,582.6666667,84.66666667
113,113,113,0.980737006,-0.521960095,2.347723562,-0.225754087,-0.079545826,-0.096002403,-0.675365227,-0.146248879,-0.219032167,-0.855756305,-0.299772381,0,1,0,0,0,0,0,0,0,0,0,0,0,0,0,0,0,1,0,0,0,0,1,0,0,0,0,0,0,0,0,1,0,0,0,0,0,0,0,0,1,0,0,0,0,1,0,1,0,0,0,0,0,0,0,0,0,0,0,1,0,0,0,0,None,509,582.3333333,73.33333333
114,114,114,0.980737006,-0.521960095,2.347723562,-0.225754087,-0.079545826,-0.096002403,-0.675365227,-0.146248879,-0.219032167,-0.855756305,-0.282373108,0,1,0,0,0,0,0,0,0,0,0,0,0,0,0,0,0,1,0,0,0,0,1,0,0,0,0,0,0,0,0,1,0,0,0,0,0,0,0,0,1,0,0,0,0,1,0,1,0,0,0,0,0,0,0,0,0,0,0,1,0,0,0,0,None,518,577.6666667,59.66666667
115,115,115,0.980737006,-0.521960095,2.347723562,-0.225754087,-0.079545826,-0.096002403,-0.675365227,-0.146248879,-0.219032167,-0.855756305,-0.2562742,0,1,0,0,0,0,0,0,0,0,0,0,0,0,0,0,0,1,0,0,0,0,1,0,0,0,0,0,0,0,0,1,0,0,0,0,0,0,0,0,1,0,0,0,0,1,0,1,0,0,0,0,0,0,0,0,0,0,0,1,0,0,0,0,None,520,577.6666667,57.66666667
116,116,116,0.980737006,-0.521960095,2.520706772,-0.225754087,-0.079545826,-0.096002403,-0.675365227,-0.146248879,-0.219032167,-0.855756305,-0.307602053,0,1,0,0,0,0,0,0,0,0,0,0,0,0,0,0,0,1,0,0,0,0,1,0,0,0,0,0,0,0,0,1,0,0,0,0,0,0,0,0,1,0,0,0,0,1,0,1,0,0,0,0,0,0,0,0,0,0,0,1,0,0,0,0,None,530,581.5,51.5
117,117,117,0.980737006,-0.521960095,2.520706772,-0.225754087,-0.079545826,-0.096002403,-0.675365227,-0.146248879,-0.219032167,-0.855756305,-0.291072745,0,1,0,0,0,0,0,0,0,0,0,0,0,0,0,0,0,1,0,0,0,0,1,0,0,0,0,0,0,0,0,1,0,0,0,0,0,0,0,0,1,0,0,0,0,1,0,1,0,0,0,0,0,0,0,0,0,0,0,1,0,0,0,0,None,590,603,13
118,118,118,0.980737006,-0.521960095,2.520706772,-0.225754087,-0.079545826,-0.096002403,-0.675365227,-0.146248879,-0.219032167,-0.855756305,-0.2562742,0,1,0,0,0,0,0,0,0,0,0,0,0,0,0,0,0,1,0,0,0,0,1,0,0,0,0,0,0,0,0,1,0,0,0,0,0,0,0,0,1,0,0,0,0,1,0,1,0,0,0,0,0,0,0,0,0,0,0,1,0,0,0,0,None,625,643.6666667,18.66666667
119,119,119,0.980737006,-0.521960095,2.712910338,-0.225754087,-0.078567367,-0.096002403,-0.675365227,-0.146248879,-0.218905691,-0.855756305,-0.308298024,0,1,0,0,0,0,0,0,0,0,0,0,0,0,0,0,0,1,0,0,0,0,1,0,0,0,0,0,0,0,0,1,0,0,0,0,0,0,0,0,1,0,0,0,0,1,0,1,0,0,0,0,0,0,0,0,0,0,0,1,0,0,0,0,None,491,587.8333333,96.83333333
120,120,120,0.980737006,-0.521960095,2.712910338,-0.225754087,-0.078567367,-0.096002403,-0.675365227,-0.146248879,-0.218905691,-0.855756305,-0.307602053,0,1,0,0,0,0,0,0,0,0,0,0,0,0,0,0,0,1,0,0,0,0,1,0,0,0,0,0,0,0,0,1,0,0,0,0,0,0,0,0,1,0,0,0,0,1,0,1,0,0,0,0,0,0,0,0,0,0,0,1,0,0,0,0,None,522,585.6666667,63.66666667
121,121,121,0.980737006,-0.521960095,2.712910338,-0.225754087,-0.078567367,-0.096002403,-0.675365227,-0.146248879,-0.218905691,-0.855756305,-0.299772381,0,1,0,0,0,0,0,0,0,0,0,0,0,0,0,0,0,1,0,0,0,0,1,0,0,0,0,0,0,0,0,1,0,0,0,0,0,0,0,0,1,0,0,0,0,1,0,1,0,0,0,0,0,0,0,0,0,0,0,1,0,0,0,0,None,613,643.3333333,30.33333333
122,122,122,-0.588970344,-0.667894884,-0.343895185,-0.208537761,-0.370637337,-0.096002403,-0.598323356,-0.146248879,-0.240849219,1.573235192,-0.299772381,0,1,0,0,0,0,0,0,0,0,0,0,0,0,0,0,0,1,0,0,0,0,0,1,0,0,0,0,0,0,0,1,0,0,0,0,1,0,0,0,0,0,0,0,0,1,0,0,0,0,0,0,0,0,0,0,1,0,0,1,0,0,0,0,None,470,530,60
123,123,123,-0.588970344,-0.667894884,-0.336207042,-0.208537761,-0.370637337,-0.096002403,-0.598323356,-0.146248879,-0.240849219,1.573235192,-0.299772381,0,1,0,0,0,0,0,0,0,0,0,0,0,0,0,0,0,1,0,0,0,0,0,1,0,0,0,0,0,0,0,1,0,0,0,0,1,0,0,0,0,0,0,0,0,1,0,0,0,0,0,0,0,0,0,0,1,0,0,1,0,0,0,0,None,460,518,58
124,124,124,-0.588970344,-0.667894884,-0.3285189,-0.208537761,-0.370637337,-0.096002403,-0.598323356,-0.146248879,-0.240849219,1.573235192,-0.299772381,0,1,0,0,0,0,0,0,0,0,0,0,0,0,0,0,0,1,0,0,0,0,0,1,0,0,0,0,0,0,0,1,0,0,0,0,1,0,0,0,0,0,0,0,0,1,0,0,0,0,0,0,0,0,0,0,1,0,0,1,0,0,0,0,None,457,522,65
125,125,125,-0.588970344,-0.667894884,-0.320830757,-0.208537761,-0.370637337,-0.096002403,-0.598323356,-0.146248879,-0.240849219,1.573235192,-0.299772381,0,1,0,0,0,0,0,0,0,0,0,0,0,0,0,0,0,1,0,0,0,0,0,1,0,0,0,0,0,0,0,1,0,0,0,0,1,0,0,0,0,0,0,0,0,1,0,0,0,0,0,0,0,0,0,0,1,0,0,1,0,0,0,0,None,456,525,69
126,126,126,-0.588970344,-0.667894884,-0.089417663,-0.208537761,-0.370637337,-0.096002403,-0.598323356,-0.146248879,-0.240849219,1.573235192,-0.299772381,0,1,0,0,0,0,0,0,0,0,0,0,0,0,0,0,0,1,0,0,0,0,0,1,0,0,0,0,0,0,0,1,0,0,0,0,1,0,0,0,0,0,0,0,0,1,0,0,0,0,0,0,0,0,0,0,1,0,0,1,0,0,0,0,None,455,507,52
127,127,127,-0.580708726,-0.667894884,-0.323906014,-0.191321436,-0.370637337,-0.096002403,-0.675365227,-0.146248879,-0.225039761,0.975942201,-0.099680749,0,0,0,0,0,0,0,0,1,0,0,0,0,0,0,0,0,1,0,0,0,0,1,0,0,0,0,0,0,0,0,1,0,0,0,0,1,0,0,0,0,0,0,0,0,1,0,1,0,0,0,0,0,0,0,0,0,0,0,1,0,0,0,0,8.3,532,590,58
128,128,128,-0.580708726,-0.667894884,-0.323906014,-0.191321436,-0.370637337,-0.096002403,-0.675365227,-0.146248879,-0.225039761,0.975942201,-0.204076383,0,0,0,0,0,0,0,0,1,0,0,0,0,0,0,0,0,1,0,0,0,0,1,0,0,0,0,0,0,0,0,1,0,0,0,0,1,0,0,0,0,0,0,0,0,1,0,1,0,0,0,0,0,0,0,0,0,0,0,1,0,0,0,0,None,549,600.8333333,51.83333333
129,129,129,-0.580708726,-0.667894884,-0.323906014,-0.191321436,-0.370637337,-0.096002403,-0.675365227,-0.146248879,-0.225039761,0.975942201,-0.2562742,0,0,0,0,0,0,0,0,1,0,0,0,0,0,0,0,0,1,0,0,0,0,1,0,0,0,0,0,0,0,0,1,0,0,0,0,1,0,0,0,0,0,0,0,0,1,0,1,0,0,0,0,0,0,0,0,0,0,0,1,0,0,0,0,None,562,604.1666667,42.16666667
130,130,130,-0.580708726,-0.667894884,-0.323906014,-0.191321436,-0.370637337,-0.096002403,-0.675365227,-0.146248879,-0.225039761,0.975942201,-0.303252235,0,0,0,0,0,0,0,0,1,0,0,0,0,0,0,0,0,1,0,0,0,0,1,0,0,0,0,0,0,0,0,1,0,0,0,0,1,0,0,0,0,0,0,0,0,1,0,1,0,0,0,0,0,0,0,0,0,0,0,1,0,0,0,0,None,570,606.6666667,36.66666667
131,131,131,-0.605493579,-0.682488363,-0.3392823,-0.191321436,-0.339815883,-0.096002403,-0.675365227,-0.146248879,-0.221055778,-0.417741445,-0.282373108,0,1,0,0,0,0,0,0,0,0,0,0,0,0,0,0,0,1,0,0,0,0,1,0,0,0,0,0,0,0,0,1,0,0,0,0,0,0,0,0,1,0,0,0,0,1,0,1,0,0,0,0,0,0,0,0,0,0,0,1,0,0,0,0,2.1,460,590,130
132,132,132,-0.588970344,-0.704378581,-0.323906014,-0.150002255,-0.370637337,-0.096002403,-0.675365227,-0.146248879,-0.187097063,0.975942201,-0.304122199,0,1,0,0,0,0,0,0,0,0,0,0,0,0,0,0,0,1,0,0,0,1,0,0,0,0,0,0,0,0,0,1,0,0,0,0,1,0,0,0,0,0,0,0,0,1,0,1,0,0,0,0,0,0,0,0,0,0,0,1,0,0,0,0,None,571,590.1666667,19.16666667
133,133,133,-0.588970344,-0.704378581,-0.323906014,-0.150002255,-0.370637337,-0.096002403,-0.675365227,-0.146248879,-0.187097063,0.975942201,-0.295422563,0,1,0,0,0,0,0,0,0,0,0,0,0,0,0,0,0,1,0,0,0,1,0,0,0,0,0,0,0,0,0,1,0,0,0,0,1,0,0,0,0,0,0,0,0,1,0,1,0,0,0,0,0,0,0,0,0,0,0,1,0,0,0,0,None,574,597,23
134,134,134,-0.588970344,-0.704378581,-0.323906014,-0.150002255,-0.370637337,-0.096002403,-0.675365227,-0.146248879,-0.187097063,0.975942201,-0.282373108,0,1,0,0,0,0,0,0,0,0,0,0,0,0,0,0,0,1,0,0,0,1,0,0,0,0,0,0,0,0,0,1,0,0,0,0,1,0,0,0,0,0,0,0,0,1,0,1,0,0,0,0,0,0,0,0,0,0,0,1,0,0,0,0,None,574,597,23
135,135,135,-0.588970344,-0.704378581,-0.323906014,-0.150002255,-0.370637337,-0.096002403,-0.675365227,-0.146248879,-0.187097063,0.975942201,-0.151878566,0,1,0,0,0,0,0,0,0,0,0,0,0,0,0,0,0,1,0,0,0,1,0,0,0,0,0,0,0,0,0,1,0,0,0,0,1,0,0,0,0,0,0,0,0,1,0,1,0,0,0,0,0,0,0,0,0,0,0,1,0,0,0,0,None,575,597,22
136,136,136,-0.341121815,-0.59492749,0.118162189,-0.150002255,-0.370637337,-0.096002403,-0.675365227,-0.146248879,-0.187097063,1.274588696,-0.301512308,0,1,0,0,0,0,0,0,0,0,1,0,0,0,0,0,0,0,0,0,0,0,1,0,0,0,0,0,0,0,0,1,0,0,0,0,1,0,0,0,0,0,0,0,0,1,0,1,0,0,0,0,0,0,0,0,0,0,0,1,0,0,0,0,None,537,583.3333333,46.33333333
137,137,137,-0.588970344,-0.704378581,-0.323906014,-0.150002255,-0.370637337,-0.096002403,-0.675365227,-0.146248879,-0.187097063,0.975942201,-0.304122199,0,1,0,0,0,0,0,0,0,0,0,0,0,0,0,0,0,1,0,0,0,0,1,0,0,0,0,0,0,0,0,1,0,0,0,0,1,0,0,0,0,0,0,0,0,1,0,1,0,0,0,0,0,0,0,0,0,0,0,1,0,0,0,0,None,500,567.3333333,67.33333333
138,138,138,-0.588970344,-0.704378581,-0.323906014,-0.150002255,-0.370637337,-0.096002403,-0.675365227,-0.146248879,-0.187097063,0.975942201,-0.304122199,0,1,0,0,0,0,0,0,0,0,0,0,0,0,0,0,0,1,0,0,0,0,1,0,0,0,0,0,0,0,0,1,0,0,0,0,1,0,0,0,0,0,0,0,0,1,0,1,0,0,0,0,0,0,0,0,0,0,0,1,0,0,0,0,None,510,567.5,57.5
139,139,139,-0.588970344,-0.704378581,-0.323906014,-0.150002255,-0.370637337,-0.096002403,-0.675365227,-0.146248879,-0.187097063,0.975942201,-0.295422563,0,1,0,0,0,0,0,0,0,0,0,0,0,0,0,0,0,1,0,0,0,0,1,0,0,0,0,0,0,0,0,1,0,0,0,0,1,0,0,0,0,0,0,0,0,1,0,1,0,0,0,0,0,0,0,0,0,0,0,1,0,0,0,0,None,531,577.5,46.5
140,140,140,-0.588970344,-0.704378581,-0.323906014,-0.150002255,-0.370637337,-0.096002403,-0.675365227,-0.146248879,-0.187097063,0.975942201,-0.282373108,0,1,0,0,0,0,0,0,0,0,0,0,0,0,0,0,0,1,0,0,0,0,1,0,0,0,0,0,0,0,0,1,0,0,0,0,1,0,0,0,0,0,0,0,0,1,0,1,0,0,0,0,0,0,0,0,0,0,0,1,0,0,0,0,None,538,589,51
141,141,141,-0.588970344,-0.704378581,-0.323906014,-0.150002255,-0.370637337,-0.096002403,-0.675365227,-0.146248879,-0.187097063,0.975942201,-0.295422563,0,1,0,0,0,0,0,0,0,0,0,0,0,0,0,0,0,1,0,0,0,0,1,0,0,0,0,0,0,0,0,1,0,0,0,0,1,0,0,0,0,0,0,0,0,1,0,1,0,0,0,0,0,0,0,0,0,0,0,1,0,0,0,0,None,540,590,50
142,142,142,-0.588970344,-0.704378581,-0.323906014,-0.150002255,-0.370637337,-0.096002403,-0.675365227,-0.146248879,-0.187097063,0.975942201,-0.282373108,0,1,0,0,0,0,0,0,0,0,0,0,0,0,0,0,0,1,0,0,0,0,1,0,0,0,0,0,0,0,0,1,0,0,0,0,1,0,0,0,0,0,0,0,0,1,0,1,0,0,0,0,0,0,0,0,0,0,0,1,0,0,0,0,None,548,590.3333333,42.33333333
143,143,143,-0.588970344,-0.704378581,-0.323906014,-0.150002255,-0.370637337,-0.096002403,-0.675365227,-0.146248879,-0.187097063,0.975942201,-0.151878566,0,1,0,0,0,0,0,0,0,0,0,0,0,0,0,0,0,1,0,0,0,0,1,0,0,0,0,0,0,0,0,1,0,0,0,0,1,0,0,0,0,0,0,0,0,1,0,1,0,0,0,0,0,0,0,0,0,0,0,1,0,0,0,0,None,550,591.3333333,41.33333333
144,144,144,-0.588970344,-0.704378581,-0.323906014,-0.150002255,-0.370637337,-0.096002403,-0.675365227,-0.146248879,-0.187097063,0.975942201,-0.151878566,0,1,0,0,0,0,0,0,0,0,0,0,0,0,0,0,0,1,0,0,0,0,1,0,0,0,0,0,0,0,0,1,0,0,0,0,1,0,0,0,0,0,0,0,0,1,0,1,0,0,0,0,0,0,0,0,0,0,0,1,0,0,0,0,None,550,591.3333333,41.33333333
145,145,145,-0.588970344,-0.704378581,-0.266244944,-0.150002255,-0.370637337,-0.096002403,-0.675365227,-0.146248879,-0.187097063,0.975942201,-0.295422563,0,1,0,0,0,0,0,0,0,0,0,0,0,0,0,0,0,1,0,0,0,0,1,0,0,0,0,0,0,0,0,1,0,0,0,0,1,0,0,0,0,0,0,0,0,1,0,1,0,0,0,0,0,0,0,0,0,0,0,1,0,0,0,0,None,580,602.1666667,22.16666667
146,146,146,-0.588970344,-0.704378581,-0.266244944,-0.150002255,-0.370637337,-0.096002403,-0.675365227,-0.146248879,-0.187097063,0.975942201,-0.282373108,0,1,0,0,0,0,0,0,0,0,0,0,0,0,0,0,0,1,0,0,0,0,1,0,0,0,0,0,0,0,0,1,0,0,0,0,1,0,0,0,0,0,0,0,0,1,0,1,0,0,0,0,0,0,0,0,0,0,0,1,0,0,0,0,None,580,602.1666667,22.16666667
147,147,147,-0.588970344,-0.704378581,-0.266244944,-0.150002255,-0.370637337,-0.096002403,-0.675365227,-0.146248879,-0.187097063,0.975942201,-0.204076383,0,1,0,0,0,0,0,0,0,0,0,0,0,0,0,0,0,1,0,0,0,0,1,0,0,0,0,0,0,0,0,1,0,0,0,0,1,0,0,0,0,0,0,0,0,1,0,1,0,0,0,0,0,0,0,0,0,0,0,1,0,0,0,0,None,592,602.1666667,10.16666667
148,148,148,-0.341121815,-0.59492749,0.118162189,-0.150002255,-0.370637337,-0.096002403,-0.675365227,-0.146248879,-0.187097063,1.274588696,-0.301512308,0,1,0,0,0,0,0,0,0,0,0,0,0,0,0,0,0,1,0,0,0,0,1,0,0,0,0,0,0,0,0,1,0,0,0,0,1,0,0,0,0,0,0,0,0,1,0,1,0,0,0,0,0,0,0,0,0,0,0,1,0,0,0,0,None,537,584,47
149,149,149,-0.588970344,-0.704378581,-0.323906014,-0.150002255,-0.370637337,-0.096002403,-0.675365227,-0.146248879,-0.187097063,0.975942201,-0.304122199,0,1,0,0,0,0,0,0,0,0,0,0,0,0,0,0,0,1,0,0,0,0,0,0,1,0,0,0,0,0,0,1,0,0,0,0,1,0,0,0,0,0,0,0,0,1,0,1,0,0,0,0,0,0,0,0,0,0,0,1,0,0,0,0,None,500,558.6666667,58.66666667
150,150,150,-0.588970344,-0.704378581,-0.323906014,-0.150002255,-0.370637337,-0.096002403,-0.675365227,-0.146248879,-0.187097063,0.975942201,-0.295422563,0,1,0,0,0,0,0,0,0,0,0,0,0,0,0,0,0,1,0,0,0,0,0,0,1,0,0,0,0,0,0,1,0,0,0,0,1,0,0,0,0,0,0,0,0,1,0,1,0,0,0,0,0,0,0,0,0,0,0,1,0,0,0,0,None,539,589.8333333,50.83333333
151,151,151,-0.588970344,-0.704378581,-0.323906014,-0.150002255,-0.370637337,-0.096002403,-0.675365227,-0.146248879,-0.187097063,0.975942201,-0.282373108,0,1,0,0,0,0,0,0,0,0,0,0,0,0,0,0,0,1,0,0,0,0,0,0,1,0,0,0,0,0,0,1,0,0,0,0,1,0,0,0,0,0,0,0,0,1,0,1,0,0,0,0,0,0,0,0,0,0,0,1,0,0,0,0,None,549,591.1666667,42.16666667
152,152,152,-0.588970344,-0.704378581,-0.323906014,-0.150002255,-0.370637337,-0.096002403,-0.675365227,-0.146248879,-0.187097063,0.975942201,-0.151878566,0,1,0,0,0,0,0,0,0,0,0,0,0,0,0,0,0,1,0,0,0,0,0,0,1,0,0,0,0,0,0,1,0,0,0,0,1,0,0,0,0,0,0,0,0,1,0,1,0,0,0,0,0,0,0,0,0,0,0,1,0,0,0,0,None,551,591.1666667,40.16666667
153,153,153,-0.588970344,-0.704378581,-0.323906014,-0.150002255,-0.370637337,-0.096002403,-0.675365227,-0.146248879,-0.187097063,0.975942201,-0.304122199,0,1,0,0,0,0,0,0,0,0,0,0,0,0,0,0,0,1,0,0,0,0,0,0,0,1,0,0,0,0,0,1,0,0,0,0,1,0,0,0,0,0,0,0,0,1,0,1,0,0,0,0,0,0,0,0,0,0,0,1,0,0,0,0,None,496,553.6666667,57.66666667
154,154,154,-0.588970344,-0.704378581,-0.323906014,-0.150002255,-0.370637337,-0.096002403,-0.675365227,-0.146248879,-0.187097063,0.975942201,-0.295422563,0,1,0,0,0,0,0,0,0,0,0,0,0,0,0,0,0,1,0,0,0,0,0,0,0,1,0,0,0,0,0,1,0,0,0,0,1,0,0,0,0,0,0,0,0,1,0,1,0,0,0,0,0,0,0,0,0,0,0,1,0,0,0,0,None,509,553.6666667,44.66666667
155,155,155,-0.588970344,-0.704378581,-0.323906014,-0.150002255,-0.370637337,-0.096002403,-0.675365227,-0.146248879,-0.187097063,0.975942201,-0.282373108,0,1,0,0,0,0,0,0,0,0,0,0,0,0,0,0,0,1,0,0,0,0,0,0,0,1,0,0,0,0,0,1,0,0,0,0,1,0,0,0,0,0,0,0,0,1,0,1,0,0,0,0,0,0,0,0,0,0,0,1,0,0,0,0,None,518,564.1666667,46.16666667
156,156,156,-0.588970344,-0.704378581,-0.323906014,-0.150002255,-0.370637337,-0.096002403,-0.675365227,-0.146248879,-0.187097063,0.975942201,-0.151878566,0,1,0,0,0,0,0,0,0,0,0,0,0,0,0,0,0,1,0,0,0,0,0,0,0,1,0,0,0,0,0,1,0,0,0,0,1,0,0,0,0,0,0,0,0,1,0,1,0,0,0,0,0,0,0,0,0,0,0,1,0,0,0,0,None,538,580.8333333,42.83333333
157,157,157,-0.341121815,-0.59492749,-0.439228154,-0.150002255,-0.370637337,-0.096002403,-0.490464736,-0.146248879,-0.187097063,1.274588696,-0.301512308,0,1,0,0,0,0,0,0,0,0,0,0,0,0,0,0,0,1,0,1,0,0,0,0,0,0,0,0,0,0,0,1,0,0,0,0,1,0,0,0,0,0,0,0,0,1,0,0,0,0,1,0,0,0,0,0,0,0,0,1,0,0,0,0,None,545,580,35
158,158,158,-0.588970344,-0.667894884,-0.420007798,-0.122456134,-0.370637337,-0.096002403,-0.598323356,-0.146248879,-0.161043076,1.573235192,-0.282373108,0,0,0,0,0,1,0,0,0,0,0,0,0,0,0,0,0,1,0,0,1,0,0,0,0,0,0,0,0,0,0,1,0,0,0,0,1,0,0,0,0,0,0,0,0,1,0,0,0,0,0,0,0,0,0,0,0,1,0,1,0,0,0,0,2.3,436,481,45
159,159,159,1.195539065,0.718485611,-0.439228154,-0.122456134,0.03542309,-0.096002403,-0.675365227,-0.146248879,-0.109314531,0.975942201,0.683286506,0,0,0,1,0,0,0,0,0,0,0,0,0,0,0,0,0,1,0,1,0,0,0,0,0,0,0,0,0,0,0,0,0,0,1,0,0,0,0,0,0,0,0,0,1,1,0,1,0,0,0,0,0,0,0,0,0,0,0,1,0,0,0,0,5,633,653,20
160,160,160,-0.588970344,-0.667894884,-0.439228154,-0.088023483,-0.370637337,-0.096002403,-0.598323356,-0.146248879,-0.130183015,1.573235192,-0.291072745,0,0,0,0,0,1,0,0,0,0,0,0,0,0,0,0,0,1,0,1,0,0,0,0,0,0,0,0,0,0,0,1,0,0,0,0,1,0,0,0,0,0,0,0,0,1,0,0,0,0,0,0,0,0,0,0,0,1,0,1,0,0,0,0,None,500,550,50
161,161,161,-0.588970344,-0.521960095,-0.323906014,-0.079759646,-0.370637337,-0.096002403,-0.675365227,-0.146248879,-0.122594475,1.374137528,-0.282373108,0,1,0,0,0,0,0,0,0,0,0,1,0,0,0,0,0,0,0,0,0,0,1,0,0,0,0,0,0,0,0,1,0,0,0,0,1,0,0,0,0,0,0,0,0,1,0,1,0,0,0,0,0,0,0,0,0,0,0,1,0,0,0,0,None,631,645.5,14.5
162,162,162,-0.390691521,-0.573037271,-0.054821021,-0.053590831,-0.370637337,-0.096002403,-0.675365227,-0.146248879,-0.0985641,1.772332856,-0.299772381,0,1,0,0,0,0,0,0,0,0,0,0,0,0,0,0,0,1,0,0,0,0,0,1,0,0,0,0,0,0,0,1,0,0,0,0,1,0,0,0,0,0,0,0,0,1,0,1,0,0,0,0,0,0,0,0,0,0,0,1,0,0,0,0,3.2,543.5517241,584.3333333,40.7816092
163,163,163,-0.423737991,-0.521960095,-0.308529729,-0.053590831,-0.270834533,-0.096002403,-0.444239613,-0.146248879,-0.085663582,-0.218643781,-0.291072745,0,0,0,1,0,0,0,0,0,0,0,0,0,0,0,0,0,1,0,0,0,0,0,1,0,0,0,0,0,0,0,1,0,0,0,0,0,0,0,0,0,1,0,0,0,1,0,0,0,0,0,0,0,0,0,0,0,0,1,1,0,0,0,0,1.95,595,620,25
164,164,164,-0.506354167,-0.667894884,-0.208583874,0.015274471,-0.370637337,-0.096002403,-0.675365227,-0.146248879,-0.035326269,1.573235192,-0.291072745,0,1,0,0,0,0,0,0,0,0,0,0,0,0,0,0,0,1,0,0,0,0,1,0,0,0,0,0,0,0,0,1,0,0,0,0,1,0,0,0,0,0,0,0,0,1,0,1,0,0,0,0,0,0,0,0,0,0,0,1,0,0,0,0,4,525,558,33
165,165,165,-0.588970344,-0.667894884,-0.323906014,0.015274471,-0.370637337,-0.096002403,-0.575210795,-0.146248879,-0.035326269,1.573235192,-0.299772381,0,1,0,0,0,0,0,0,0,0,0,0,0,0,0,0,0,1,0,0,0,0,0,1,0,0,0,0,0,0,0,1,0,0,0,0,1,0,0,0,0,0,0,0,0,1,0,0,0,0,0,0,0,0,0,0,1,0,0,1,0,0,0,0,None,460,480,20
166,166,166,-0.506354167,-0.667894884,-0.208583874,0.015274471,-0.126022622,-0.096002403,-0.675365227,-0.146248879,-0.003707354,1.175039865,-0.291072745,0,1,0,0,0,0,0,0,0,0,0,0,0,0,0,0,0,1,0,0,0,0,0,0,1,0,0,0,0,0,0,1,0,0,0,0,0,0,0,0,0,0,0,1,0,1,0,1,0,0,0,0,0,0,0,0,0,0,0,1,0,0,0,0,2.5,580,607,27
167,167,167,-0.506354167,-0.667894884,-0.208583874,0.015274471,-0.126022622,-0.096002403,-0.675365227,-0.146248879,-0.003707354,1.175039865,-0.291072745,0,1,0,0,0,0,0,0,0,0,0,0,0,0,0,0,0,1,0,0,0,0,0,0,1,0,0,0,0,0,0,1,0,0,0,0,0,0,0,0,0,0,0,1,0,1,0,1,0,0,0,0,0,0,0,0,0,0,0,1,0,0,0,0,3.26,584,615,31
168,168,168,-0.547662256,-0.667894884,-0.266244944,0.015274471,0.118592093,-0.096002403,-0.675365227,-0.146248879,0.027911561,1.672784024,-0.30673209,0,1,0,0,0,0,0,0,0,0,0,0,0,0,0,0,0,1,0,0,0,0,0,0,1,0,0,0,0,0,0,1,0,0,0,0,0,0,0,0,0,0,0,1,0,1,0,1,0,0,0,0,0,0,0,0,0,0,0,1,0,0,0,0,1.8,472,569.6666667,97.66666667
169,169,169,-0.547662256,-0.667894884,-0.266244944,0.015274471,0.118592093,-0.096002403,-0.675365227,-0.146248879,0.027911561,1.672784024,-0.295422563,0,1,0,0,0,0,0,0,0,0,0,0,0,0,0,0,0,1,0,0,0,0,0,0,1,0,0,0,0,0,0,1,0,0,0,0,0,0,0,0,0,0,0,1,0,1,0,1,0,0,0,0,0,0,0,0,0,0,0,1,0,0,0,0,None,486,579.6666667,93.66666667
170,170,170,-0.547662256,-0.667894884,-0.266244944,0.015274471,0.118592093,-0.096002403,-0.675365227,-0.146248879,0.027911561,1.672784024,-0.151878566,0,1,0,0,0,0,0,0,0,0,0,0,0,0,0,0,0,1,0,0,0,0,0,0,1,0,0,0,0,0,0,1,0,0,0,0,0,0,0,0,0,0,0,1,0,1,0,1,0,0,0,0,0,0,0,0,0,0,0,1,0,0,0,0,None,499,579.6666667,80.66666667
171,171,171,-0.175889462,-0.448992701,0.252704686,0.015274471,0.118592093,-0.096002403,0.24913723,10.91395409,0.027911561,0.37864921,-0.2562742,0,1,0,0,0,0,0,0,0,0,0,0,0,0,0,0,0,1,0,0,0,1,0,0,0,0,0,0,0,0,0,1,0,0,0,0,0,0,0,0,0,0,0,1,0,1,0,0,0,0,0,1,0,0,0,0,0,0,0,0,0,1,0,0,2,430,477,47
172,172,172,-0.175889462,-0.448992701,0.252704686,0.015274471,0.118592093,-0.096002403,0.24913723,-0.146248879,0.027911561,0.37864921,-0.2562742,0,1,0,0,0,0,0,0,0,0,0,0,0,0,0,0,0,1,0,0,0,1,0,0,0,0,0,0,0,0,0,1,0,0,0,0,0,0,0,0,0,0,0,1,0,1,0,0,0,0,0,0,0,0,0,0,1,0,0,1,0,0,0,0,2,430,477,47
173,173,173,2.633060533,0.718485611,5.134675278,0.024915613,-0.370637337,-0.096002403,-0.675365227,-0.146248879,0.280862884,1.672784024,-0.291072745,0,1,0,0,0,0,0,0,0,0,0,0,0,0,0,0,0,1,0,0,0,0,0,1,0,0,0,0,0,0,0,1,0,0,0,0,1,0,0,0,0,0,0,0,0,1,0,1,0,0,0,0,0,0,0,0,0,0,0,1,0,0,0,0,3.1,555,595,40
174,174,174,-0.299813727,0.426616033,-0.439228154,0.084139773,-0.370637337,-0.096002403,1.019555944,-0.146248879,0.027911561,-1.413229764,-0.282373108,0,0,0,1,0,0,0,0,0,0,0,0,0,0,1,0,0,0,0,1,0,0,0,0,0,0,0,0,0,0,0,0,1,0,0,0,1,0,0,0,0,0,0,0,0,1,0,0,0,0,0,0,1,0,0,0,0,0,0,1,0,0,0,0,None,478,538,60
175,175,175,-0.299813727,0.426616033,-0.439228154,0.084139773,-0.370637337,-0.096002403,1.019555944,-0.146248879,0.027911561,-1.413229764,-0.282373108,0,0,0,1,0,0,0,0,0,0,0,0,0,0,1,0,0,0,0,1,0,0,0,0,0,0,0,0,0,0,0,0,1,0,0,0,1,0,0,0,0,0,0,0,0,1,0,0,0,0,0,0,0,1,0,0,0,0,0,1,0,0,0,0,None,568,606,38
176,176,176,-0.299813727,0.426616033,-0.439228154,0.084139773,-0.370637337,-0.096002403,1.019555944,-0.146248879,0.027911561,-1.413229764,-0.282373108,0,0,0,1,0,0,0,0,0,0,0,0,0,0,1,0,0,0,0,1,0,0,0,0,0,0,0,0,0,0,0,0,1,0,0,0,1,0,0,0,0,0,0,0,0,1,0,0,0,0,0,0,0,0,1,0,0,0,0,1,0,0,0,0,None,428,502,74
177,177,177,1.253370388,1.448159556,-0.439228154,0.084139773,0.118592093,-0.096002403,-0.675365227,-0.146248879,0.091149392,0.577746873,3.449770807,0,0,0,0,0,0,1,0,0,0,0,0,0,0,0,0,0,1,0,1,0,0,0,0,0,0,0,0,0,0,0,0,0,0,1,0,0,0,0,0,0,0,0,0,1,1,0,1,0,0,0,0,0,0,0,0,0,0,0,1,0,0,0,0,2.6,517,600,83
178,178,178,1.253370388,1.448159556,-0.439228154,0.084139773,0.118592093,-0.096002403,-0.675365227,-0.146248879,0.091149392,0.776844537,3.449770807,0,0,0,0,0,0,1,0,0,0,0,0,0,0,0,0,0,1,0,1,0,0,0,0,0,0,0,0,0,0,0,0,0,0,1,0,0,0,0,0,0,0,0,0,1,1,0,1,0,0,0,0,0,0,0,0,0,0,0,1,0,0,0,0,3,577,646,69
179,179,179,1.253370388,1.448159556,-0.439228154,0.084139773,0.118592093,-0.096002403,-0.675365227,-0.146248879,0.091149392,0.975942201,3.449770807,0,0,0,0,0,0,1,0,0,0,0,0,0,0,0,0,0,1,0,1,0,0,0,0,0,0,0,0,0,0,0,0,0,0,1,0,0,0,0,0,0,0,0,0,1,1,0,1,0,0,0,0,0,0,0,0,0,0,0,1,0,0,0,0,3.5,590,677,87
180,180,180,1.253370388,1.448159556,-0.439228154,0.084139773,0.118592093,-0.096002403,-0.675365227,-0.146248879,0.091149392,1.175039865,3.449770807,0,0,0,0,0,0,1,0,0,0,0,0,0,0,0,0,0,1,0,1,0,0,0,0,0,0,0,0,0,0,0,0,0,0,1,0,0,0,0,0,0,0,0,0,1,1,0,1,0,0,0,0,0,0,0,0,0,0,0,1,0,0,0,0,4.2,626,729,103
181,181,181,1.253370388,1.448159556,-0.439228154,0.084139773,0.118592093,-0.096002403,-0.675365227,-0.146248879,0.091149392,1.374137528,3.449770807,0,0,0,0,0,0,1,0,0,0,0,0,0,0,0,0,0,1,0,1,0,0,0,0,0,0,0,0,0,0,0,0,0,0,1,0,0,0,0,0,0,0,0,0,1,1,0,1,0,0,0,0,0,0,0,0,0,0,0,1,0,0,0,0,4.8,689,765,76
182,182,182,1.253370388,1.448159556,-0.439228154,0.084139773,0.118592093,-0.096002403,-0.675365227,-0.146248879,0.091149392,1.573235192,3.449770807,0,0,0,0,0,0,1,0,0,0,0,0,0,0,0,0,0,1,0,1,0,0,0,0,0,0,0,0,0,0,0,0,0,0,1,0,0,0,0,0,0,0,0,0,1,1,0,1,0,0,0,0,0,0,0,0,0,0,0,1,0,0,0,0,6,729,775,46
183,183,183,-0.299813727,0.426616033,-0.266244944,0.084139773,1.097050953,-0.096002403,1.019555944,-0.146248879,0.217625053,-1.413229764,-0.282373108,0,0,0,1,0,0,0,0,0,0,0,0,0,0,1,0,0,0,0,0,0,0,1,0,0,0,0,0,0,0,0,1,0,0,0,0,0,0,0,0,0,1,0,0,0,1,0,0,0,0,0,0,1,0,0,0,0,0,0,1,0,0,0,0,None,439,502,63
184,184,184,-0.299813727,0.426616033,0.079721476,0.084139773,1.097050953,-0.096002403,1.019555944,-0.146248879,0.217625053,-1.413229764,-0.282373108,0,0,0,1,0,0,0,0,0,0,0,0,0,0,1,0,0,0,0,0,0,0,1,0,0,0,0,0,0,0,0,1,0,0,0,0,0,0,0,0,0,1,0,0,0,1,0,0,0,0,0,0,1,0,0,0,0,0,0,1,0,0,0,0,None,448,501,53
185,185,185,-0.299813727,0.426616033,0.079721476,0.084139773,1.097050953,-0.096002403,1.019555944,-0.146248879,0.217625053,-1.413229764,-0.282373108,0,0,0,1,0,0,0,0,0,0,0,0,0,0,1,0,0,0,0,0,0,0,1,0,0,0,0,0,0,0,0,1,0,0,0,0,0,0,0,0,0,1,0,0,0,1,0,0,0,0,0,0,0,1,0,0,0,0,0,1,0,0,0,0,None,508,555,47
186,186,186,-0.299813727,0.426616033,-0.266244944,0.084139773,1.097050953,-0.096002403,1.019555944,-0.146248879,0.217625053,-1.413229764,-0.282373108,0,0,0,1,0,0,0,0,0,0,0,0,0,0,1,0,0,0,0,0,0,0,1,0,0,0,0,0,0,0,0,1,0,0,0,0,0,0,0,0,0,1,0,0,0,1,0,0,0,0,0,0,0,1,0,0,0,0,0,1,0,0,0,0,None,515,551,36
187,187,187,-0.299813727,0.426616033,-0.266244944,0.084139773,1.097050953,-0.096002403,1.019555944,-0.146248879,0.217625053,-1.413229764,-0.282373108,0,0,0,1,0,0,0,0,0,0,0,0,0,0,1,0,0,0,0,0,0,0,1,0,0,0,0,0,0,0,0,1,0,0,0,0,0,0,0,0,0,1,0,0,0,1,0,0,0,0,0,0,0,0,1,0,0,0,0,1,0,0,0,0,None,405,470,65
188,188,188,-0.299813727,0.426616033,0.079721476,0.084139773,1.097050953,-0.096002403,1.019555944,-0.146248879,0.217625053,-1.413229764,-0.282373108,0,0,0,1,0,0,0,0,0,0,0,0,0,0,1,0,0,0,0,0,0,0,1,0,0,0,0,0,0,0,0,1,0,0,0,0,0,0,0,0,0,1,0,0,0,1,0,0,0,0,0,0,0,0,1,0,0,0,0,1,0,0,0,0,None,416,475,59
189,189,189,0.319807596,-0.297950194,0.944637526,0.153005075,-0.370637337,-0.096002403,-0.675365227,-0.146248879,0.091149392,0.179551546,-0.304122199,0,1,0,0,0,0,0,0,0,0,0,0,0,0,0,0,0,1,0,0,0,0,1,0,0,0,0,0,0,0,0,1,0,0,0,0,1,0,0,0,0,0,0,0,0,1,0,1,0,0,0,0,0,0,0,0,0,0,0,1,0,0,0,0,None,512,554,42
190,190,190,0.319807596,-0.297950194,0.944637526,0.153005075,-0.370637337,-0.096002403,-0.675365227,-0.146248879,0.091149392,0.179551546,-0.295422563,0,1,0,0,0,0,0,0,0,0,0,0,0,0,0,0,0,1,0,0,0,0,0,1,0,0,0,0,0,0,0,1,0,0,0,0,1,0,0,0,0,0,0,0,0,1,0,1,0,0,0,0,0,0,0,0,0,0,0,1,0,0,0,0,None,512,558,46
191,191,191,0.319807596,-0.297950194,0.944637526,0.153005075,-0.370637337,-0.096002403,-0.675365227,-0.146248879,0.091149392,0.179551546,-0.304122199,0,1,0,0,0,0,0,0,0,0,0,0,0,0,0,0,0,1,0,0,0,0,0,0,1,0,0,0,0,0,0,1,0,0,0,0,1,0,0,0,0,0,0,0,0,1,0,1,0,0,0,0,0,0,0,0,0,0,0,1,0,0,0,0,None,502,548,46
192,192,192,0.319807596,-0.297950194,0.944637526,0.153005075,-0.370637337,-0.096002403,-0.675365227,-0.146248879,0.091149392,0.179551546,-0.295422563,0,1,0,0,0,0,0,0,0,0,0,0,0,0,0,0,0,1,0,0,0,0,0,0,0,1,0,0,0,0,0,1,0,0,0,0,1,0,0,0,0,0,0,0,0,1,0,1,0,0,0,0,0,0,0,0,0,0,0,1,0,0,0,0,None,498,542,44
193,193,193,-0.506354167,-0.602224229,-0.208583874,0.359600982,-0.370637337,-0.096002403,-0.675365227,-0.146248879,0.280862884,-0.417741445,-0.295422563,0,1,0,0,0,0,0,0,0,0,0,1,0,0,0,0,0,0,0,0,0,0,1,0,0,0,0,0,0,0,0,1,0,0,0,0,1,0,0,0,0,0,0,0,0,1,0,1,0,0,0,0,0,0,0,0,0,0,0,1,0,0,0,0,None,548,593,45
194,194,194,-0.506354167,-0.602224229,-0.208583874,0.359600982,-0.370637337,-0.096002403,-0.675365227,-0.146248879,0.280862884,0.37864921,-0.304122199,0,1,0,0,0,0,0,0,0,0,0,1,0,0,0,0,0,0,0,0,0,0,1,0,0,0,0,0,0,0,0,1,0,0,0,0,1,0,0,0,0,0,0,0,0,1,0,1,0,0,0,0,0,0,0,0,0,0,0,1,0,0,0,0,None,570,607.5,37.5
195,195,195,-0.506354167,-0.602224229,-0.208583874,0.359600982,-0.370637337,-0.096002403,-0.675365227,-0.146248879,0.280862884,-0.019546118,-0.295422563,0,1,0,0,0,0,0,0,0,0,0,1,0,0,0,0,0,0,0,0,0,0,1,0,0,0,0,0,0,0,0,1,0,0,0,0,1,0,0,0,0,0,0,0,0,1,0,1,0,0,0,0,0,0,0,0,0,0,0,1,0,0,0,0,None,570,598.8333333,28.83333333
196,196,196,-0.506354167,-0.602224229,-0.208583874,0.359600982,-0.370637337,-0.096002403,-0.675365227,-0.146248879,0.280862884,0.37864921,-0.291072745,0,1,0,0,0,0,0,0,0,0,0,1,0,0,0,0,0,0,0,0,0,0,1,0,0,0,0,0,0,0,0,1,0,0,0,0,1,0,0,0,0,0,0,0,0,1,0,1,0,0,0,0,0,0,0,0,0,0,0,1,0,0,0,0,None,590,610,20
197,197,197,-0.506354167,-0.602224229,-0.208583874,0.359600982,-0.370637337,-0.096002403,-0.675365227,-0.146248879,0.280862884,0.776844537,-0.295422563,0,1,0,0,0,0,0,0,0,0,0,1,0,0,0,0,0,0,0,0,0,0,1,0,0,0,0,0,0,0,0,1,0,0,0,0,1,0,0,0,0,0,0,0,0,1,0,1,0,0,0,0,0,0,0,0,0,0,0,1,0,0,0,0,None,600,635.8333333,35.83333333
198,198,198,-0.506354167,-0.602224229,-0.208583874,0.359600982,-0.370637337,-0.096002403,-0.675365227,-0.146248879,0.280862884,0.37864921,-0.29716249,0,1,0,0,0,0,0,0,0,0,0,1,0,0,0,0,0,0,0,0,0,0,1,0,0,0,0,0,0,0,0,1,0,0,0,0,1,0,0,0,0,0,0,0,0,1,0,1,0,0,0,0,0,0,0,0,0,0,0,1,0,0,0,0,None,620,661.6666667,41.66666667
199,199,199,-0.258505638,-0.448992701,-0.439228154,0.359600982,-0.209191625,-0.096002403,-0.29015587,-0.146248879,0.301731368,0.179551546,-0.299337399,0,0,0,1,0,0,0,0,0,0,0,0,0,0,0,0,0,1,0,1,0,0,0,0,0,0,0,0,0,0,0,1,0,0,0,0,0,0,0,0,0,1,0,0,0,1,0,0,0,0,0,0,0,0,0,0,0,0,1,1,0,0,0,0,None,463,572,109
200,200,200,-0.258505638,-0.448992701,-0.439228154,0.359600982,-0.209191625,-0.096002403,-0.29015587,-0.146248879,0.301731368,0.179551546,-0.273673472,0,0,0,1,0,0,0,0,0,0,0,0,0,0,0,0,0,1,0,1,0,0,0,0,0,0,0,0,0,0,0,1,0,0,0,0,0,0,0,0,0,1,0,0,0,1,0,0,0,0,0,0,0,0,0,0,0,0,1,1,0,0,0,0,None,476,591,115
201,201,201,-0.258505638,-0.303057912,-0.439228154,0.359600982,-0.209191625,10.37718165,-0.29015587,-0.146248879,0.318679106,0.179551546,-0.299772381,0,0,0,1,0,0,0,0,0,0,0,0,0,0,0,0,0,1,0,1,0,0,0,0,0,0,0,0,0,0,0,1,0,0,0,0,0,0,0,0,0,1,0,0,0,0,1,0,0,0,0,0,0,0,0,0,0,0,1,1,0,0,0,0,None,462,522,60
202,202,202,-0.258505638,-0.303057912,-0.439228154,0.359600982,-0.209191625,10.45533974,-0.29015587,-0.146248879,0.318805582,0.179551546,-0.273673472,0,0,0,1,0,0,0,0,0,0,0,0,0,0,0,0,0,1,0,1,0,0,0,0,0,0,0,0,0,0,0,1,0,0,0,0,0,0,0,0,0,1,0,0,0,0,1,0,0,0,0,0,0,0,0,0,0,0,1,1,0,0,0,0,None,505,574,69
203,203,203,-0.547662256,-0.653301405,-0.439228154,0.428466284,0.607821523,-0.096002403,-0.675365227,-0.146248879,0.470576375,1.672784024,-0.299772381,0,0,0,0,0,0,0,1,0,0,0,0,0,0,0,0,0,1,0,1,0,0,0,0,0,0,0,0,0,0,0,1,0,0,0,0,0,0,0,0,0,0,0,1,0,1,0,1,0,0,0,0,0,0,0,0,0,0,0,1,0,0,0,0,None,480,578.1666667,98.16666667
204,204,204,2.633060533,0.718485611,5.134675278,0.497331586,-0.370637337,-0.096002403,-0.675365227,-0.146248879,0.407338545,1.274588696,-0.291072745,0,1,0,0,0,0,0,0,0,0,0,0,0,0,0,0,0,1,0,0,0,0,1,0,0,0,0,0,0,0,0,1,0,0,0,0,1,0,0,0,0,0,0,0,0,1,0,1,0,0,0,0,0,0,0,0,0,0,0,1,0,0,0,0,2.4,530,579,49
205,205,205,-0.258505638,-0.376025306,0.137382546,1.461445817,1.097050953,-0.096002403,1.635890916,-0.146248879,1.482381664,-0.218643781,-0.2562742,0,1,0,0,0,0,0,0,0,0,0,0,1,0,0,0,0,0,0,0,0,0,0,0,0,1,0,0,0,0,0,1,0,0,0,0,0,1,0,0,0,0,0,0,0,1,0,0,0,1,0,0,0,0,0,0,0,0,0,1,0,0,0,0,None,473,551.8333333,78.83333333
206,206,206,-0.258505638,-0.376025306,0.137382546,1.461445817,1.097050953,-0.096002403,1.635890916,-0.146248879,1.482381664,0.179551546,-0.2562742,0,1,0,0,0,0,0,0,0,0,0,0,1,0,0,0,0,0,0,0,0,0,0,0,0,1,0,0,0,0,0,1,0,0,0,0,0,1,0,0,0,0,0,0,0,1,0,0,0,1,0,0,0,0,0,0,0,0,0,1,0,0,0,0,None,524,569.3333333,45.33333333
207,207,207,-0.258505638,-0.376025306,0.137382546,1.461445817,1.097050953,-0.096002403,1.635890916,-0.146248879,1.482381664,0.577746873,-0.2562742,0,1,0,0,0,0,0,0,0,0,0,0,1,0,0,0,0,0,0,0,0,0,0,0,0,1,0,0,0,0,0,1,0,0,0,0,0,1,0,0,0,0,0,0,0,1,0,0,0,1,0,0,0,0,0,0,0,0,0,1,0,0,0,0,None,538,588.3333333,50.33333333
208,208,208,-0.258505638,-0.376025306,0.137382546,1.461445817,1.097050953,-0.096002403,1.635890916,-0.146248879,1.482381664,0.577746873,-0.099680749,0,1,0,0,0,0,0,0,0,0,0,0,1,0,0,0,0,0,0,0,0,0,0,0,0,1,0,0,0,0,0,1,0,0,0,0,0,1,0,0,0,0,0,0,0,1,0,0,0,1,0,0,0,0,0,0,0,0,0,1,0,0,0,0,3.5,562,618,56
209,209,209,-0.258505638,-0.376025306,0.137382546,1.461445817,1.097050953,-0.096002403,1.635890916,-0.146248879,1.482381664,0.975942201,-0.2562742,0,1,0,0,0,0,0,0,0,0,0,0,1,0,0,0,0,0,0,0,0,0,0,0,0,1,0,0,0,0,0,1,0,0,0,0,0,1,0,0,0,0,0,0,0,1,0,0,0,1,0,0,0,0,0,0,0,0,0,1,0,0,0,0,None,576,621.8333333,45.83333333
210,210,210,-0.258505638,-0.376025306,0.137382546,1.461445817,1.097050953,-0.096002403,1.635890916,-0.146248879,1.482381664,1.374137528,-0.2562742,0,1,0,0,0,0,0,0,0,0,0,0,1,0,0,0,0,0,0,0,0,0,0,0,0,1,0,0,0,0,0,1,0,0,0,0,0,1,0,0,0,0,0,0,0,1,0,0,0,1,0,0,0,0,0,0,0,0,0,1,0,0,0,0,None,578,614.3333333,36.33333333
211,211,211,-0.093273286,-0.485476398,0.368026826,2.081233537,-0.370637337,-0.096002403,-0.675365227,-0.146248879,1.861808648,0.975942201,-0.151878566,0,1,0,0,0,0,0,0,0,0,0,0,0,0,0,0,0,1,0,0,0,0,0,0,1,0,0,0,0,0,0,1,0,0,0,0,1,0,0,0,0,0,0,0,0,1,0,1,0,0,0,0,0,0,0,0,0,0,0,1,0,0,0,0,2.7,532,591,59
212,212,212,1.80689877,0.353648639,3.020436045,2.425560048,1.097050953,-0.096002403,-0.675365227,-0.146248879,2.367711292,0.776844537,-0.2562742,0,1,0,0,0,0,0,0,0,0,0,0,0,0,0,0,0,1,0,0,0,0,0,1,0,0,0,0,0,0,0,1,0,0,0,0,0,0,0,0,0,0,0,1,0,1,0,1,0,0,0,0,0,0,0,0,0,0,0,1,0,0,0,0,2.4,529.9655172,591.5,61.53448276
213,213,213,7.590031113,6.555877169,-0.439228154,2.769886559,9.413951266,-0.096002403,-0.675365227,-0.146248879,3.758943565,-1.811425091,2.197023199,0,0,0,1,0,0,0,0,0,0,0,0,0,1,0,0,0,0,0,1,0,0,0,0,0,0,1,0,0,0,0,0,0,0,0,0,0,0,0,0,0,0,0,1,0,1,0,1,0,0,0,0,0,0,0,0,0,0,0,1,0,0,0,0,5,587,633.1666667,46.16666667
214,214,214,0.154575243,-0.37675498,0.713993246,4.491519115,-0.370637337,-0.096002403,-0.675365227,-0.146248879,4.075132718,0.975942201,-0.151878566,0,1,0,0,0,0,0,0,0,0,0,0,0,0,0,0,0,1,0,0,0,0,1,0,0,0,0,0,0,0,0,1,0,0,0,0,1,0,0,0,0,0,0,0,0,1,0,1,0,0,0,0,0,0,0,0,0,0,0,1,0,0,0,0,4,585,630,45
215,215,215,7.590031113,7.504453297,-0.439228154,5.524498648,-0.370637337,-0.096002403,-0.675365227,-0.146248879,5.023700176,-1.2141321,-0.204076383,0,0,0,1,0,0,0,0,0,0,0,0,0,1,0,0,0,0,0,1,0,0,0,0,0,0,0,0,1,0,0,0,0,0,0,0,1,0,0,0,0,0,0,0,0,1,0,1,0,0,0,0,0,0,0,0,0,0,0,1,0,0,0,0,None,465,550,85
216,216,216,2.633060533,0.718485611,4.173657445,6.21315167,4.521656965,-0.096002403,-0.675365227,-0.146248879,6.288456787,0.776844537,-0.307602053,0,1,0,0,0,0,0,0,0,0,0,0,0,0,0,0,0,1,0,0,0,0,0,0,1,0,0,0,0,0,0,1,0,0,0,0,0,0,0,0,0,0,0,1,0,1,0,1,0,0,0,0,0,0,0,0,0,0,0,1,0,0,0,0,None,465,584.8333333,119.8333333
217,217,217,2.633060533,0.718485611,4.173657445,6.21315167,4.521656965,-0.096002403,-0.675365227,-0.146248879,6.288456787,0.776844537,-0.291072745,0,1,0,0,0,0,0,0,0,0,0,0,0,0,0,0,0,1,0,0,0,0,0,0,1,0,0,0,0,0,0,1,0,0,0,0,0,0,0,0,0,0,0,1,0,1,0,1,0,0,0,0,0,0,0,0,0,0,0,1,0,0,0,0,None,495,594.8333333,99.83333333
218,218,218,2.633060533,0.718485611,4.173657445,6.21315167,4.521656965,-0.096002403,-0.675365227,-0.146248879,6.288456787,0.776844537,-0.273673472,0,1,0,0,0,0,0,0,0,0,0,0,0,0,0,0,0,1,0,0,0,0,0,0,1,0,0,0,0,0,0,1,0,0,0,0,0,0,0,0,0,0,0,1,0,1,0,1,0,0,0,0,0,0,0,0,0,0,0,1,0,0,0,0,2.7,500,594.8333333,94.83333333
