,Unnamed: 0,Unnamed: 0.1,Unnamed: 0.1.1,in_amount_mmol,p_amount_mmol,ligand_amount_mmol,first_sol_amount_ml,second_sol_amount_ml,third_sol_amount_ml,other_1_amount_mmol,other_2_amount_mmol,total_volume_ml,temp_c,time_min,x0_chloroindium oxalate,x0_indium acetate,x0_indium bromide,x0_indium chloride,x0_indium iodide,x0_indium myristate,x0_indium oxalate,x0_indium palmitate,x0_indium trifluoroacetate,"x0_indium tris(N,N-diisopropylacetamidinato)",x1_bis(trimethylsilyl)phosphine,x1_phosphine gas,x1_phosphorus trichloride,x1_sodium phosphide,x1_tris(diethylamino)phosphine,x1_tris(dimethylamino)phosphine,x1_tris(trimethylgermyl)phosphine,x1_tris(trimethylsilyl)phosphine,x1_white phosphorus,x2_None,x2_dodecanethiol,x2_lauric acid,x2_myristic acid,x2_oleic acid,x2_palmitic acid,x2_stearic acid,x3_4-ethylpyridine,x3_None,x3_dimethylformamide,x3_dodecylamine,x3_mesitylene,x3_octadecene,x3_oleylamine,x3_trioctylamine,x3_trioctylphosphine,x3_trioctylphosphine oxide,x4_None,x4_dioctyl ether,x4_dioctylamine,x4_hexadecylamine,x4_octylamine,x4_oleylamine,x4_toluene,x4_trioctylphosphine,x4_trioctylphosphine oxide,x5_None,x5_trioctylphosphine,x6_None,x6_acetic acid,x6_superhydride,x6_tetrabutylammonium myristate,x6_zinc acetate,x6_zinc bromide,x6_zinc chloride,x6_zinc iodide,x6_zinc octanoate,x6_zinc oleate,x6_zinc stearate,x6_zinc undecylenate,x7_None,x7_copper bromide,x7_oleic acid,x7_water,x7_zinc iodide,diameter_nm,abs_nm,emission_nm,Unnamed: 81
1,1,1,1,0.195883331,0.280681244,-0.439228154,-0.658075151,-0.370637337,-0.096002403,-0.675365227,-0.146248879,-0.653602539,0.975942201,3.449770807,1,0,0,0,0,0,0,0,0,0,0,0,0,0,0,0,0,1,0,1,0,0,0,0,0,0,0,0,0,0,0,0,0,0,0,1,1,0,0,0,0,0,0,0,0,1,0,1,0,0,0,0,0,0,0,0,0,0,0,1,0,0,0,0,2.61,610.0,653.0,43.0
10,11,11,11,-0.299813727,-0.011188334,-0.439228154,-0.589500613,-0.370637337,-0.096002403,0.172095359,-0.146248879,-0.590680897,-0.815936773,-0.305862126,0,0,0,0,1,0,0,0,0,0,0,0,0,0,0,1,0,0,0,1,0,0,0,0,0,0,0,0,0,0,0,0,1,0,0,0,1,0,0,0,0,0,0,0,0,1,0,0,0,0,0,0,0,1,0,0,0,0,0,1,0,0,0,0,1.7,480.0,525.0,45.0
14,15,15,15,-0.423737991,0.134746455,-0.439228154,-0.425463463,0.314283865,-0.096002403,-0.444239613,-0.146248879,-0.351515422,-0.019546118,-0.308037035,0,0,0,1,0,0,0,0,0,0,0,0,0,0,0,1,0,0,0,1,0,0,0,0,0,0,0,0,0,0,0,0,0,1,0,0,0,0,0,0,0,1,0,0,0,1,0,0,0,0,0,0,0,1,0,0,0,0,0,1,0,0,0,0,3.6,492.0,554.0,62.0
15,16,16,16,-0.423737991,0.134746455,-0.439228154,-0.425463463,0.314283865,-0.096002403,-0.444239613,-0.146248879,-0.351515422,-0.019546118,-0.282373108,0,0,0,1,0,0,0,0,0,0,0,0,0,0,0,1,0,0,0,1,0,0,0,0,0,0,0,0,0,0,0,0,0,1,0,0,0,0,0,0,0,1,0,0,0,1,0,0,0,0,0,0,0,1,0,0,0,0,0,1,0,0,0,0,4.6,611.0,643.0,32.0
18,19,19,19,-0.588970344,1.448159556,-0.323906014,-0.535647947,-0.370637337,-0.096002403,-0.675365227,-0.146248879,-0.541228914,-0.417741445,-0.295422563,0,1,0,0,0,0,0,0,0,0,0,1,0,0,0,0,0,0,0,0,0,0,1,0,0,0,0,0,0,0,0,1,0,0,0,0,1,0,0,0,0,0,0,0,0,1,0,1,0,0,0,0,0,0,0,0,0,0,0,1,0,0,0,0,2.5,601.0,633.0,32.0
19,20,20,20,-0.588970344,1.448159556,-0.323906014,-0.535647947,-0.370637337,-0.096002403,-0.675365227,-0.146248879,-0.541228914,0.776844537,-0.295422563,0,1,0,0,0,0,0,0,0,0,0,1,0,0,0,0,0,0,0,0,0,0,1,0,0,0,0,0,0,0,0,1,0,0,0,0,1,0,0,0,0,0,0,0,0,1,0,1,0,0,0,0,0,0,0,0,0,0,0,1,0,0,0,0,4.3,620.0,648.8333333,28.83333333
20,21,21,21,-0.588970344,1.448159556,-0.323906014,-0.535647947,-0.370637337,-0.096002403,-0.675365227,-0.146248879,-0.541228914,0.179551546,-0.295422563,0,1,0,0,0,0,0,0,0,0,0,1,0,0,0,0,0,0,0,0,0,0,1,0,0,0,0,0,0,0,0,1,0,0,0,0,1,0,0,0,0,0,0,0,0,1,0,1,0,0,0,0,0,0,0,0,0,0,0,1,0,0,0,0,4.5,623.0,648.8333333,25.83333333
21,23,23,23,-0.299813727,1.068729104,-0.439228154,-0.53399518,-0.370637337,-0.096002403,1.019555944,-0.146248879,-0.539711206,-0.417741445,-0.291072745,0,0,0,1,0,0,0,0,0,0,0,0,0,0,0,1,0,0,0,1,0,0,0,0,0,0,0,0,0,0,0,0,1,0,0,0,1,0,0,0,0,0,0,0,0,1,0,0,0,0,0,0,0,1,0,0,0,0,0,1,0,0,0,0,2.6,553.0,592.0,39.0
22,24,24,24,-0.299813727,0.426616033,-0.439228154,-0.53399518,-0.370637337,-0.096002403,1.019555944,-0.146248879,-0.539711206,-0.815936773,-0.282373108,0,0,0,1,0,0,0,0,0,0,0,0,0,0,0,1,0,0,0,1,0,0,0,0,0,0,0,0,0,0,0,0,1,0,0,0,1,0,0,0,0,0,0,0,0,1,0,0,0,0,0,0,0,1,0,0,0,0,0,1,0,0,0,0,2.48,560.0689655,600.5,40.43103448
23,25,25,25,-0.258505638,1.265741069,-0.439228154,-0.53399518,-0.370637337,-0.096002403,0.480262844,2.157960073,-0.539711206,-0.815936773,-0.282373108,0,0,0,1,0,0,0,0,0,0,0,0,0,0,0,1,0,0,0,1,0,0,0,0,0,0,0,0,0,0,0,0,1,0,0,0,1,0,0,0,0,0,0,0,0,1,0,0,0,0,0,0,0,1,0,0,0,0,0,0,0,0,0,1,3,490.0,560.0,70.0
24,26,26,26,0.782458183,0.017998624,-0.439228154,-0.508101826,-0.261919686,-0.096002403,-0.675365227,-0.146248879,-0.501452318,0.975942201,3.449770807,1,0,0,0,0,0,0,0,0,0,0,0,0,0,0,0,0,1,0,1,0,0,0,0,0,0,0,0,0,0,0,0,0,0,1,0,0,0,0,0,0,0,0,0,1,1,0,1,0,0,0,0,0,0,0,0,0,0,0,1,0,0,0,0,3.5,595.0,669.1666667,74.16666667
25,27,27,27,0.782458183,0.017998624,-0.439228154,-0.508101826,-0.261919686,-0.096002403,-0.675365227,-0.146248879,-0.501452318,1.573235192,3.449770807,1,0,0,0,0,0,0,0,0,0,0,0,0,0,0,0,0,1,0,1,0,0,0,0,0,0,0,0,0,0,0,0,0,0,1,0,0,0,0,0,0,0,0,0,1,1,0,1,0,0,0,0,0,0,0,0,0,0,0,1,0,0,0,0,4.6,650.0,712.3333333,62.33333333
27,29,29,29,-0.299813727,0.664489739,-0.439228154,-0.50569154,-0.370637337,-0.096002403,1.019555944,-0.146248879,-0.513720457,-1.015034436,-0.299772381,0,0,0,1,0,0,0,0,0,0,0,0,0,0,0,1,0,0,0,1,0,0,0,0,0,0,0,0,0,0,0,0,1,0,0,0,1,0,0,0,0,0,0,0,0,1,0,0,0,0,0,0,0,0,1,0,0,0,0,1,0,0,0,0,7,478.0,518.0,40.0
28,30,30,30,-0.485700123,-0.157123123,-0.439228154,-0.503418985,-0.370637337,-0.096002403,0.172095359,-0.146248879,-0.511633609,-0.815936773,-0.282373108,0,0,0,1,0,0,0,0,0,0,0,0,0,0,1,0,0,0,0,1,0,0,0,0,0,0,0,0,0,0,0,0,1,0,0,0,1,0,0,0,0,0,0,0,0,1,0,0,0,0,0,0,0,1,0,0,0,0,0,1,0,0,0,0,3.2,560.0,604.1666667,44.16666667
29,31,31,31,-0.481569315,-0.157123123,-0.439228154,-0.503418985,-0.370637337,-0.096002403,0.172095359,-0.146248879,-0.511633609,-0.815936773,-0.291072745,0,0,0,1,0,0,0,0,0,0,0,0,0,0,1,0,0,0,0,1,0,0,0,0,0,0,0,0,0,0,0,0,1,0,0,0,1,0,0,0,0,0,0,0,0,1,0,0,0,0,0,0,0,1,0,0,0,0,0,1,0,0,0,0,2.9,573.0,618.0,45.0
30,32,32,32,-0.481569315,-0.157123123,-0.439228154,-0.503418985,-0.370637337,-0.096002403,0.172095359,-0.146248879,-0.511633609,-0.815936773,-0.291072745,0,0,0,1,0,0,0,0,0,0,0,0,0,0,1,0,0,0,0,1,0,0,0,0,0,0,0,0,0,0,0,0,1,0,0,0,1,0,0,0,0,0,0,0,0,1,0,0,0,0,0,0,0,1,0,0,0,0,0,1,0,0,0,0,3.2,573.0,616.8333333,43.83333333
31,33,33,33,-0.481569315,-0.157123123,-0.439228154,-0.503418985,-0.370637337,-0.096002403,0.172095359,-0.146248879,-0.511633609,-0.815936773,-0.291072745,0,0,0,1,0,0,0,0,0,0,0,0,0,0,1,0,0,0,0,1,0,0,0,0,0,0,0,0,0,0,0,0,1,0,0,0,1,0,0,0,0,0,0,0,0,1,0,0,0,0,0,0,0,1,0,0,0,0,0,1,0,0,0,0,3.2,573.0,616.8333333,43.83333333
32,34,34,34,-0.299813727,0.266087765,-0.439228154,-0.466782645,-0.370637337,-0.096002403,1.019555944,-0.146248879,-0.477991083,-0.815936773,-0.304122199,0,0,0,1,0,0,0,0,0,0,0,0,0,0,0,1,0,0,0,1,0,0,0,0,0,0,0,0,0,1,0,0,0,0,0,0,1,0,0,0,0,0,0,0,0,1,0,0,0,0,0,0,0,1,0,0,0,0,0,1,0,0,0,0,3.2,550.0,612.0,62.0
34,36,36,36,0.319807596,0.134746455,-0.439228154,-0.466782645,-0.296763693,-0.096002403,-0.675365227,-0.146248879,-0.468442171,-0.855756305,0.422297421,0,1,0,0,0,0,0,0,0,0,0,0,0,0,0,0,0,1,0,1,0,0,0,0,0,0,0,0,0,0,0,1,0,0,0,0,0,0,1,0,0,0,0,0,0,1,0,1,0,0,0,0,0,0,0,0,0,0,0,1,0,0,0,0,6.7,622.0,680.0,58.0
35,37,37,37,-0.341121815,-0.448992701,-0.439228154,-0.466782645,-0.128957999,-0.096002403,-0.675365227,-0.146248879,-0.446751595,-0.855756305,-0.304992163,0,1,0,0,0,0,0,0,0,0,0,0,0,0,0,0,0,1,0,1,0,0,0,0,0,0,0,0,0,0,0,1,0,0,0,0,0,0,0,0,0,1,0,0,0,1,0,1,0,0,0,0,0,0,0,0,0,0,0,1,0,0,0,0,1.5,445.0,568.0,123.0
36,38,38,38,0.319807596,0.134746455,-0.439228154,-0.466782645,-0.128957999,-0.096002403,-0.675365227,-0.146248879,-0.446751595,-0.855756305,-0.280633181,0,1,0,0,0,0,0,0,0,0,0,0,0,0,0,0,0,1,0,1,0,0,0,0,0,0,0,0,0,0,0,1,0,0,0,0,0,0,0,0,0,1,0,0,0,1,0,1,0,0,0,0,0,0,0,0,0,0,0,1,0,0,0,0,2.5,543.0,589.0,46.0
40,42,42,42,-0.423737991,-0.631411187,-0.439228154,-0.397917343,0.118592093,-0.096002403,-0.675365227,-0.146248879,-0.351515422,-0.218643781,-0.291072745,0,0,0,0,0,1,0,0,0,0,0,0,0,0,0,0,1,0,0,1,0,0,0,0,0,0,0,0,0,0,0,1,0,0,0,0,0,0,0,0,0,0,0,1,0,1,0,1,0,0,0,0,0,0,0,0,0,0,0,1,0,0,0,0,3.6,578.0,641.0,63.0
43,45,45,45,-0.423737991,-0.631411187,-0.439228154,-0.397917343,0.118592093,-0.096002403,-0.675365227,-0.146248879,-0.351515422,-0.218643781,-0.291072745,0,0,0,0,0,1,0,0,0,0,0,0,0,0,0,0,0,1,0,1,0,0,0,0,0,0,0,0,0,0,0,1,0,0,0,0,0,0,0,0,0,0,0,1,0,1,0,1,0,0,0,0,0,0,0,0,0,0,0,1,0,0,0,0,2.7,551.0,612.0,61.0
44,46,46,46,0.815504654,2.061085669,-0.439228154,-0.397917343,0.265360922,-0.096002403,2.714477116,-0.146248879,-0.335769202,-0.815936773,-0.30673209,0,0,0,1,0,0,0,0,0,0,0,0,0,0,0,1,0,0,0,1,0,0,0,0,0,0,0,0,0,0,0,0,1,0,0,0,0,0,0,0,0,0,0,1,0,1,0,0,0,0,0,0,0,1,0,0,0,0,0,1,0,0,0,0,2.2,444.0,514.6666667,70.66666667
46,48,48,48,-0.299813727,-0.740862279,-0.439228154,-0.33345942,-0.370637337,-0.096002403,-0.675365227,-0.146248879,-0.355562643,-0.815936773,-0.204076383,0,0,0,1,0,0,0,0,0,0,0,0,0,0,1,0,0,0,0,1,0,0,0,0,0,0,0,0,0,0,0,0,1,0,0,0,1,0,0,0,0,0,0,0,0,1,0,1,0,0,0,0,0,0,0,0,0,0,0,1,0,0,0,0,2.5,550.0,597.1666667,47.16666667
48,50,50,50,-0.299813727,0.441209512,-0.439228154,-0.33345942,-0.370637337,-0.096002403,1.019555944,-0.146248879,-0.355562643,-0.815936773,-0.282373108,0,0,1,0,0,0,0,0,0,0,0,0,0,0,1,0,0,0,0,1,0,0,0,0,0,0,0,0,0,0,0,0,1,0,0,0,1,0,0,0,0,0,0,0,0,1,0,0,0,0,0,0,0,1,0,0,0,0,0,1,0,0,0,0,3,562.0,601.1666667,39.16666667
49,51,51,51,-0.299813727,0.441209512,-0.439228154,-0.33345942,-0.370637337,-0.096002403,1.019555944,-0.146248879,-0.355562643,-0.815936773,-0.282373108,0,0,0,1,0,0,0,0,0,0,0,0,0,0,1,0,0,0,0,1,0,0,0,0,0,0,0,0,0,0,0,0,1,0,0,0,1,0,0,0,0,0,0,0,0,1,0,0,0,0,0,0,0,1,0,0,0,0,0,1,0,0,0,0,3.2,570.0,607.0,37.0
51,53,53,53,-0.299813727,0.441209512,-0.439228154,-0.33345942,-0.370637337,-0.096002403,1.019555944,-0.146248879,-0.355562643,-0.815936773,-0.282373108,0,0,0,0,1,0,0,0,0,0,0,0,0,0,1,0,0,0,0,1,0,0,0,0,0,0,0,0,0,0,0,0,1,0,0,0,1,0,0,0,0,0,0,0,0,1,0,0,0,0,0,0,0,1,0,0,0,0,0,1,0,0,0,0,2.8,509.0,546.3333333,37.33333333
55,57,57,57,-0.299813727,0.667408435,-0.439228154,-0.32905204,-0.370637337,-0.096002403,1.019555944,1.927539178,-0.351515422,-0.417741445,-0.2562742,0,0,0,1,0,0,0,0,0,0,0,0,0,0,0,1,0,0,0,1,0,0,0,0,0,0,0,0,0,0,0,0,1,0,0,0,1,0,0,0,0,0,0,0,0,1,0,0,0,0,0,0,0,1,0,0,0,0,0,0,1,0,0,0,2,420.0,494.8333333,74.83333333
58,60,60,60,-0.423737991,-0.682488363,-0.439228154,-0.32905204,-0.370637337,-0.096002403,1.019555944,5.383852607,-0.351515422,-0.815936773,-0.295422563,0,0,0,1,0,0,0,0,0,0,0,0,0,0,0,1,0,0,0,1,0,0,0,0,0,0,0,0,0,0,0,0,1,0,0,0,1,0,0,0,0,0,0,0,0,1,0,0,0,0,0,0,0,1,0,0,0,0,0,0,0,0,1,0,1.75,481.0,545.1666667,64.16666667
59,61,61,61,-0.588970344,-0.667894884,-0.439228154,-0.32905204,-0.370637337,-0.096002403,0.865472202,-0.146248879,-0.351515422,1.175039865,-0.2562742,0,0,0,1,0,0,0,0,0,0,0,0,0,0,0,0,0,1,0,1,0,0,0,0,0,0,0,0,0,0,0,0,0,0,1,0,1,0,0,0,0,0,0,0,0,1,0,0,0,0,0,0,0,0,0,0,1,0,0,1,0,0,0,0,2.3,423.0,485.0,62.0
60,62,62,62,-0.423737991,-0.631411187,-0.093261734,-0.32905204,0.006069324,-0.096002403,-0.675365227,-0.146248879,-0.346646109,-1.413229764,0.78768214,0,0,0,0,0,0,0,0,0,1,0,0,0,0,0,0,0,1,0,0,0,0,0,0,1,0,0,0,0,0,1,0,0,0,0,0,0,0,0,1,0,0,0,0,0,1,0,1,0,0,0,0,0,0,0,0,0,0,0,1,0,0,0,0,2,523.0,587.8333333,64.83333333
61,63,63,63,-0.423737991,-0.631411187,-0.093261734,-0.32905204,0.006069324,-0.096002403,-0.675365227,-0.146248879,-0.346646109,0.179551546,0.78768214,0,0,0,0,0,0,0,0,0,1,0,0,0,0,0,0,0,1,0,0,0,0,0,0,1,0,0,0,0,0,1,0,0,0,0,0,0,0,0,1,0,0,0,0,0,1,0,1,0,0,0,0,0,0,0,0,0,0,0,1,0,0,0,0,4.1,584.0,624.5,40.5
62,64,64,64,0.980737006,-0.631411187,-0.439228154,-0.32905204,0.118592093,-0.096002403,-0.675365227,-0.146248879,-0.288277591,1.573235192,-0.282373108,0,0,0,0,0,1,0,0,0,0,0,0,0,0,0,0,0,1,0,1,0,0,0,0,0,0,0,0,0,0,0,1,0,0,0,0,0,0,0,0,0,0,0,1,0,1,0,1,0,0,0,0,0,0,0,0,0,0,0,1,0,0,0,0,3,547.0,590.0,43.0
63,65,65,65,0.823766271,1.265741069,-0.439228154,-0.246551408,2.075509814,-0.096002403,-0.675365227,-0.146248879,0.040432652,-0.815936773,0.944275591,0,0,0,1,0,0,0,0,0,0,0,0,0,0,0,1,0,0,0,1,0,0,0,0,0,0,0,0,0,1,0,0,0,0,0,0,0,0,0,0,0,0,1,0,0,1,0,1,0,0,0,0,0,0,0,0,0,0,0,1,0,0,0,0,2.3,512.0,584.3333333,72.33333333
64,66,66,66,0.823766271,1.265741069,-0.439228154,-0.246551408,2.075509814,-0.096002403,-0.675365227,-0.146248879,0.040432652,-0.815936773,0.944275591,0,0,0,1,0,0,0,0,0,0,0,0,0,0,0,1,0,0,0,1,0,0,0,0,0,0,0,0,0,1,0,0,0,0,0,0,0,0,0,0,0,0,1,0,0,1,0,1,0,0,0,0,0,0,0,0,0,0,0,1,0,0,0,0,3.2,499.0,590.0,91.0
69,71,71,71,-0.423737991,-0.682488363,-0.439228154,-0.32905204,-0.370637337,-0.096002403,1.019555944,-0.146248879,-0.351515422,-0.815936773,-0.295422563,0,0,0,1,0,0,0,0,0,0,0,0,0,0,0,1,0,0,0,1,0,0,0,0,0,0,0,0,0,0,0,0,1,0,0,0,1,0,0,0,0,0,0,0,0,1,0,0,0,0,0,0,0,1,0,0,0,0,0,1,0,0,0,0,2.6,547.0,606.6666667,59.66666667
72,74,74,74,-0.299813727,0.667408435,-0.439228154,-0.32905204,-0.370637337,-0.096002403,1.019555944,-0.146248879,-0.351515422,-0.417741445,-0.2562742,0,0,0,1,0,0,0,0,0,0,0,0,0,0,0,1,0,0,0,1,0,0,0,0,0,0,0,0,0,0,0,0,1,0,0,0,1,0,0,0,0,0,0,0,0,1,0,0,0,0,0,0,0,1,0,0,0,0,0,1,0,0,0,0,4.3,590.0,625.0,35.0
73,75,75,75,0.071959067,0.280681244,-0.439228154,-0.32905204,-0.370637337,-0.096002403,0.018011616,-0.146248879,-0.351515422,-0.019546118,-0.308037035,0,0,0,1,0,0,0,0,0,0,0,0,0,0,0,1,0,0,0,1,0,0,0,0,0,0,0,0,0,0,0,0,1,0,0,0,1,0,0,0,0,0,0,0,0,1,0,0,0,0,0,0,0,1,0,0,0,0,0,1,0,0,0,0,2.1,536.5517241,576.1666667,39.61494253
74,76,76,76,0.071959067,0.280681244,-0.439228154,-0.32905204,-0.370637337,-0.096002403,0.018011616,-0.146248879,-0.351515422,-0.019546118,-0.299772381,0,0,0,1,0,0,0,0,0,0,0,0,0,0,0,1,0,0,0,1,0,0,0,0,0,0,0,0,0,0,0,0,1,0,0,0,1,0,0,0,0,0,0,0,0,1,0,0,0,0,0,0,0,1,0,0,0,0,0,1,0,0,0,0,3,554.862069,615.8333333,60.97126437
88,90,90,90,-0.588970344,-0.59492749,-0.435384083,-0.260186738,-0.345197407,-0.096002403,-0.66766104,-0.146248879,-0.284989224,0.179551546,-0.291072745,0,0,0,1,0,0,0,0,0,0,0,0,0,0,0,0,0,1,0,0,0,0,0,0,0,1,0,0,0,0,0,1,0,0,0,0,0,0,0,1,0,0,0,0,0,1,0,0,0,0,0,0,0,0,0,0,0,0,1,1,0,0,0,0,3.2,555.0,645.0,90.0
90,92,92,92,0.055435832,0.280681244,-0.439228154,-0.260186738,2.347303942,-0.096002403,-0.675365227,-0.146248879,0.064146838,0.975942201,3.449770807,1,0,0,0,0,0,0,0,0,0,0,0,0,0,0,0,0,1,0,1,0,0,0,0,0,0,0,0,0,0,0,0,0,0,1,0,0,0,0,0,0,0,0,0,1,1,0,1,0,0,0,0,0,0,0,0,0,0,0,1,0,0,0,0,2.52,520.0,605.0,85.0
91,93,93,93,0.055435832,-0.361431827,-0.439228154,-0.260186738,2.347303942,-0.096002403,-0.675365227,-0.146248879,0.064146838,0.975942201,3.449770807,1,0,0,0,0,0,0,0,0,0,0,0,0,0,0,0,0,1,0,1,0,0,0,0,0,0,0,0,0,0,0,0,0,0,1,0,0,0,0,0,0,0,0,0,1,1,0,1,0,0,0,0,0,0,0,0,0,0,0,1,0,0,0,0,2.6,530.0,610.3333333,80.33333333
92,94,94,94,0.055435832,0.280681244,-0.439228154,-0.260186738,2.347303942,-0.096002403,-0.675365227,-0.146248879,0.064146838,0.975942201,7.208013631,1,0,0,0,0,0,0,0,0,0,0,0,0,0,0,0,0,1,0,1,0,0,0,0,0,0,0,0,0,0,0,0,0,0,1,0,0,0,0,0,0,0,0,0,1,1,0,1,0,0,0,0,0,0,0,0,0,0,0,1,0,0,0,0,2.66,590.0,653.3333333,63.33333333
105,108,108,108,-0.341121815,-0.59492749,0.214263972,-0.225754087,-0.247351521,-0.096002403,-0.675365227,-0.146248879,-0.240722743,-0.815936773,-0.299772381,0,1,0,0,0,0,0,0,0,0,0,0,0,0,0,0,0,1,0,0,0,0,1,0,0,0,0,0,0,0,0,1,0,0,0,0,0,0,0,0,1,0,0,0,0,1,0,1,0,0,0,0,0,0,0,0,0,0,0,1,0,0,0,0,3.7,580.0,588.0,8.0
124,127,127,127,-0.580708726,-0.667894884,-0.323906014,-0.191321436,-0.370637337,-0.096002403,-0.675365227,-0.146248879,-0.225039761,0.975942201,-0.099680749,0,0,0,0,0,0,0,0,1,0,0,0,0,0,0,0,0,1,0,0,0,0,1,0,0,0,0,0,0,0,0,1,0,0,0,0,1,0,0,0,0,0,0,0,0,1,0,1,0,0,0,0,0,0,0,0,0,0,0,1,0,0,0,0,8.3,532.0,590.0,58.0
128,131,131,131,-0.605493579,-0.682488363,-0.3392823,-0.191321436,-0.339815883,-0.096002403,-0.675365227,-0.146248879,-0.221055778,-0.417741445,-0.282373108,0,1,0,0,0,0,0,0,0,0,0,0,0,0,0,0,0,1,0,0,0,0,1,0,0,0,0,0,0,0,0,1,0,0,0,0,0,0,0,0,1,0,0,0,0,1,0,1,0,0,0,0,0,0,0,0,0,0,0,1,0,0,0,0,2.1,460.0,590.0,130.0
155,158,158,158,-0.588970344,-0.667894884,-0.420007798,-0.122456134,-0.370637337,-0.096002403,-0.598323356,-0.146248879,-0.161043076,1.573235192,-0.282373108,0,0,0,0,0,1,0,0,0,0,0,0,0,0,0,0,0,1,0,0,1,0,0,0,0,0,0,0,0,0,0,1,0,0,0,0,1,0,0,0,0,0,0,0,0,1,0,0,0,0,0,0,0,0,0,0,0,1,0,1,0,0,0,0,2.3,436.0,481.0,45.0
156,159,159,159,1.195539065,0.718485611,-0.439228154,-0.122456134,0.03542309,-0.096002403,-0.675365227,-0.146248879,-0.109314531,0.975942201,0.683286506,0,0,0,1,0,0,0,0,0,0,0,0,0,0,0,0,0,1,0,1,0,0,0,0,0,0,0,0,0,0,0,0,0,0,1,0,0,0,0,0,0,0,0,0,1,1,0,1,0,0,0,0,0,0,0,0,0,0,0,1,0,0,0,0,5,633.0,653.0,20.0
159,162,162,162,-0.390691521,-0.573037271,-0.054821021,-0.053590831,-0.370637337,-0.096002403,-0.675365227,-0.146248879,-0.0985641,1.772332856,-0.299772381,0,1,0,0,0,0,0,0,0,0,0,0,0,0,0,0,0,1,0,0,0,0,0,1,0,0,0,0,0,0,0,1,0,0,0,0,1,0,0,0,0,0,0,0,0,1,0,1,0,0,0,0,0,0,0,0,0,0,0,1,0,0,0,0,3.2,543.5517241,584.3333333,40.7816092
160,163,163,163,-0.423737991,-0.521960095,-0.308529729,-0.053590831,-0.270834533,-0.096002403,-0.444239613,-0.146248879,-0.085663582,-0.218643781,-0.291072745,0,0,0,1,0,0,0,0,0,0,0,0,0,0,0,0,0,1,0,0,0,0,0,1,0,0,0,0,0,0,0,1,0,0,0,0,0,0,0,0,0,1,0,0,0,1,0,0,0,0,0,0,0,0,0,0,0,0,1,1,0,0,0,0,1.95,595.0,620.0,25.0
161,164,164,164,-0.506354167,-0.667894884,-0.208583874,0.015274471,-0.370637337,-0.096002403,-0.675365227,-0.146248879,-0.035326269,1.573235192,-0.291072745,0,1,0,0,0,0,0,0,0,0,0,0,0,0,0,0,0,1,0,0,0,0,1,0,0,0,0,0,0,0,0,1,0,0,0,0,1,0,0,0,0,0,0,0,0,1,0,1,0,0,0,0,0,0,0,0,0,0,0,1,0,0,0,0,4,525.0,558.0,33.0
163,166,166,166,-0.506354167,-0.667894884,-0.208583874,0.015274471,-0.126022622,-0.096002403,-0.675365227,-0.146248879,-0.003707354,1.175039865,-0.291072745,0,1,0,0,0,0,0,0,0,0,0,0,0,0,0,0,0,1,0,0,0,0,0,0,1,0,0,0,0,0,0,1,0,0,0,0,0,0,0,0,0,0,0,1,0,1,0,1,0,0,0,0,0,0,0,0,0,0,0,1,0,0,0,0,2.5,580.0,607.0,27.0
164,167,167,167,-0.506354167,-0.667894884,-0.208583874,0.015274471,-0.126022622,-0.096002403,-0.675365227,-0.146248879,-0.003707354,1.175039865,-0.291072745,0,1,0,0,0,0,0,0,0,0,0,0,0,0,0,0,0,1,0,0,0,0,0,0,1,0,0,0,0,0,0,1,0,0,0,0,0,0,0,0,0,0,0,1,0,1,0,1,0,0,0,0,0,0,0,0,0,0,0,1,0,0,0,0,3.26,584.0,615.0,31.0
165,168,168,168,-0.547662256,-0.667894884,-0.266244944,0.015274471,0.118592093,-0.096002403,-0.675365227,-0.146248879,0.027911561,1.672784024,-0.30673209,0,1,0,0,0,0,0,0,0,0,0,0,0,0,0,0,0,1,0,0,0,0,0,0,1,0,0,0,0,0,0,1,0,0,0,0,0,0,0,0,0,0,0,1,0,1,0,1,0,0,0,0,0,0,0,0,0,0,0,1,0,0,0,0,1.8,472.0,569.6666667,97.66666667
168,171,171,171,-0.175889462,-0.448992701,0.252704686,0.015274471,0.118592093,-0.096002403,0.24913723,10.91395409,0.027911561,0.37864921,-0.2562742,0,1,0,0,0,0,0,0,0,0,0,0,0,0,0,0,0,1,0,0,0,1,0,0,0,0,0,0,0,0,0,1,0,0,0,0,0,0,0,0,0,0,0,1,0,1,0,0,0,0,0,1,0,0,0,0,0,0,0,0,0,1,0,0,2,430.0,477.0,47.0
169,172,172,172,-0.175889462,-0.448992701,0.252704686,0.015274471,0.118592093,-0.096002403,0.24913723,-0.146248879,0.027911561,0.37864921,-0.2562742,0,1,0,0,0,0,0,0,0,0,0,0,0,0,0,0,0,1,0,0,0,1,0,0,0,0,0,0,0,0,0,1,0,0,0,0,0,0,0,0,0,0,0,1,0,1,0,0,0,0,0,0,0,0,0,0,1,0,0,1,0,0,0,0,2,430.0,477.0,47.0
170,173,173,173,2.633060533,0.718485611,5.134675278,0.024915613,-0.370637337,-0.096002403,-0.675365227,-0.146248879,0.280862884,1.672784024,-0.291072745,0,1,0,0,0,0,0,0,0,0,0,0,0,0,0,0,0,1,0,0,0,0,0,1,0,0,0,0,0,0,0,1,0,0,0,0,1,0,0,0,0,0,0,0,0,1,0,1,0,0,0,0,0,0,0,0,0,0,0,1,0,0,0,0,3.1,555.0,595.0,40.0
174,177,177,177,1.253370388,1.448159556,-0.439228154,0.084139773,0.118592093,-0.096002403,-0.675365227,-0.146248879,0.091149392,0.577746873,3.449770807,0,0,0,0,0,0,1,0,0,0,0,0,0,0,0,0,0,1,0,1,0,0,0,0,0,0,0,0,0,0,0,0,0,0,1,0,0,0,0,0,0,0,0,0,1,1,0,1,0,0,0,0,0,0,0,0,0,0,0,1,0,0,0,0,2.6,517.0,600.0,83.0
175,178,178,178,1.253370388,1.448159556,-0.439228154,0.084139773,0.118592093,-0.096002403,-0.675365227,-0.146248879,0.091149392,0.776844537,3.449770807,0,0,0,0,0,0,1,0,0,0,0,0,0,0,0,0,0,1,0,1,0,0,0,0,0,0,0,0,0,0,0,0,0,0,1,0,0,0,0,0,0,0,0,0,1,1,0,1,0,0,0,0,0,0,0,0,0,0,0,1,0,0,0,0,3,577.0,646.0,69.0
176,179,179,179,1.253370388,1.448159556,-0.439228154,0.084139773,0.118592093,-0.096002403,-0.675365227,-0.146248879,0.091149392,0.975942201,3.449770807,0,0,0,0,0,0,1,0,0,0,0,0,0,0,0,0,0,1,0,1,0,0,0,0,0,0,0,0,0,0,0,0,0,0,1,0,0,0,0,0,0,0,0,0,1,1,0,1,0,0,0,0,0,0,0,0,0,0,0,1,0,0,0,0,3.5,590.0,677.0,87.0
177,180,180,180,1.253370388,1.448159556,-0.439228154,0.084139773,0.118592093,-0.096002403,-0.675365227,-0.146248879,0.091149392,1.175039865,3.449770807,0,0,0,0,0,0,1,0,0,0,0,0,0,0,0,0,0,1,0,1,0,0,0,0,0,0,0,0,0,0,0,0,0,0,1,0,0,0,0,0,0,0,0,0,1,1,0,1,0,0,0,0,0,0,0,0,0,0,0,1,0,0,0,0,4.2,626.0,729.0,103.0
178,181,181,181,1.253370388,1.448159556,-0.439228154,0.084139773,0.118592093,-0.096002403,-0.675365227,-0.146248879,0.091149392,1.374137528,3.449770807,0,0,0,0,0,0,1,0,0,0,0,0,0,0,0,0,0,1,0,1,0,0,0,0,0,0,0,0,0,0,0,0,0,0,1,0,0,0,0,0,0,0,0,0,1,1,0,1,0,0,0,0,0,0,0,0,0,0,0,1,0,0,0,0,4.8,689.0,765.0,76.0
179,182,182,182,1.253370388,1.448159556,-0.439228154,0.084139773,0.118592093,-0.096002403,-0.675365227,-0.146248879,0.091149392,1.573235192,3.449770807,0,0,0,0,0,0,1,0,0,0,0,0,0,0,0,0,0,1,0,1,0,0,0,0,0,0,0,0,0,0,0,0,0,0,1,0,0,0,0,0,0,0,0,0,1,1,0,1,0,0,0,0,0,0,0,0,0,0,0,1,0,0,0,0,6,729.0,775.0,46.0
201,204,204,204,2.633060533,0.718485611,5.134675278,0.497331586,-0.370637337,-0.096002403,-0.675365227,-0.146248879,0.407338545,1.274588696,-0.291072745,0,1,0,0,0,0,0,0,0,0,0,0,0,0,0,0,0,1,0,0,0,0,1,0,0,0,0,0,0,0,0,1,0,0,0,0,1,0,0,0,0,0,0,0,0,1,0,1,0,0,0,0,0,0,0,0,0,0,0,1,0,0,0,0,2.4,530.0,579.0,49.0
205,208,208,208,-0.258505638,-0.376025306,0.137382546,1.461445817,1.097050953,-0.096002403,1.635890916,-0.146248879,1.482381664,0.577746873,-0.099680749,0,1,0,0,0,0,0,0,0,0,0,0,1,0,0,0,0,0,0,0,0,0,0,0,0,1,0,0,0,0,0,1,0,0,0,0,0,1,0,0,0,0,0,0,0,1,0,0,0,1,0,0,0,0,0,0,0,0,0,1,0,0,0,0,3.5,562.0,618.0,56.0
208,211,211,211,-0.093273286,-0.485476398,0.368026826,2.081233537,-0.370637337,-0.096002403,-0.675365227,-0.146248879,1.861808648,0.975942201,-0.151878566,0,1,0,0,0,0,0,0,0,0,0,0,0,0,0,0,0,1,0,0,0,0,0,0,1,0,0,0,0,0,0,1,0,0,0,0,1,0,0,0,0,0,0,0,0,1,0,1,0,0,0,0,0,0,0,0,0,0,0,1,0,0,0,0,2.7,532.0,591.0,59.0
209,212,212,212,1.80689877,0.353648639,3.020436045,2.425560048,1.097050953,-0.096002403,-0.675365227,-0.146248879,2.367711292,0.776844537,-0.2562742,0,1,0,0,0,0,0,0,0,0,0,0,0,0,0,0,0,1,0,0,0,0,0,1,0,0,0,0,0,0,0,1,0,0,0,0,0,0,0,0,0,0,0,1,0,1,0,1,0,0,0,0,0,0,0,0,0,0,0,1,0,0,0,0,2.4,529.9655172,591.5,61.53448276
210,213,213,213,7.590031113,6.555877169,-0.439228154,2.769886559,9.413951266,-0.096002403,-0.675365227,-0.146248879,3.758943565,-1.811425091,2.197023199,0,0,0,1,0,0,0,0,0,0,0,0,0,1,0,0,0,0,0,1,0,0,0,0,0,0,1,0,0,0,0,0,0,0,0,0,0,0,0,0,0,0,0,1,0,1,0,1,0,0,0,0,0,0,0,0,0,0,0,1,0,0,0,0,5,587.0,633.1666667,46.16666667
211,214,214,214,0.154575243,-0.37675498,0.713993246,4.491519115,-0.370637337,-0.096002403,-0.675365227,-0.146248879,4.075132718,0.975942201,-0.151878566,0,1,0,0,0,0,0,0,0,0,0,0,0,0,0,0,0,1,0,0,0,0,1,0,0,0,0,0,0,0,0,1,0,0,0,0,1,0,0,0,0,0,0,0,0,1,0,1,0,0,0,0,0,0,0,0,0,0,0,1,0,0,0,0,4,585.0,630.0,45.0
215,218,218,218,2.633060533,0.718485611,4.173657445,6.21315167,4.521656965,-0.096002403,-0.675365227,-0.146248879,6.288456787,0.776844537,-0.273673472,0,1,0,0,0,0,0,0,0,0,0,0,0,0,0,0,0,1,0,0,0,0,0,0,1,0,0,0,0,0,0,1,0,0,0,0,0,0,0,0,0,0,0,1,0,1,0,1,0,0,0,0,0,0,0,0,0,0,0,1,0,0,0,0,2.7,500.0,594.8333333,94.83333333
