,Unnamed: 0,Unnamed: 0.1,in_amount_mmol,p_amount_mmol,sol_amount_ml,TOP_amount_mmol,acid_amount_mmol,amine_amount_mmol,thiol_amount_mmol,zinc_amount_mmol,other_amount_mmol,total_volume_ml,temp_c,time_min,x0_chloroindium oxalate,x0_indium acetate,x0_indium bromide,x0_indium chloride,x0_indium iodide,x0_indium myristate,x0_indium oxalate,x0_indium palmitate,x0_indium trifluoroacetate,"x0_indium tris(N,N-diisopropylacetamidinato)",x1_bis(trimethylsilyl)phosphine,x1_phosphine gas,x1_phosphorus trichloride,x1_sodium phosphide,x1_tris(diethylamino)phosphine,x1_tris(dimethylamino)phosphine,x1_tris(trimethylgermyl)phosphine,x1_tris(trimethylsilyl)phosphine,x1_white phosphorus,x2_4-ethylpyridine,x2_None,x2_dimethylformamide,x2_mesitylene,x2_octadecene,x2_toluene,x3_None,x3_trioctylphosphine,x4_None,x4_lauric acid,x4_myristic acid,x4_oleic acid,x4_palmitic acid,x4_stearic acid,x5_None,x5_dioctylamine,x5_dodecylamine,x5_hexadecylamine,x5_octylamine,x5_oleylamine,x6_None,x6_dodecanethiol,x7_None,x7_zinc acetate,x7_zinc bromide,x7_zinc chloride,x7_zinc iodide,x7_zinc octanoate,x7_zinc oleate,x7_zinc stearate,x7_zinc undecylenate,x8_None,x8_acetic acid,x8_copper bromide,x8_oleic acid,x8_superhydride,x8_tetrabutylammonium myristate,x8_trioctylamine,x8_trioctylphosphine oxide,x8_water,x8_zinc iodide,diameter_nm,abs_nm,emission_nm,
0,0,0,2.798292886,0.769562787,-0.528015198,1.951881111,-0.431076632,-0.641826903,-0.197117053,-0.629015021,8.009708158,0.412626349,1.175039865,3.449768678,1,0,0,0,0,0,0,0,0,0,0,0,0,0,0,0,0,1,0,0,1,0,0,0,0,0,1,1,0,0,0,0,0,1,0,0,0,0,0,1,0,1,0,0,0,0,0,0,0,0,0,0,0,0,0,0,0,1,0,0,None,599,612,13
1,1,1,0.055435832,-0.361431827,-0.528015198,1.958217168,-0.431076632,-0.641826903,-0.197117053,-0.629015021,3.87305151,0.063283859,0.975942201,3.449768678,1,0,0,0,0,0,0,0,0,0,0,0,0,0,0,0,0,1,0,0,1,0,0,0,0,0,1,1,0,0,0,0,0,1,0,0,0,0,0,1,0,1,0,0,0,0,0,0,0,0,0,0,0,0,0,0,0,1,0,0,2.6,530,613,83
2,2,2,0.782458183,0.017998624,-0.528015198,0.600490514,-0.431076632,-0.641826903,-0.197117053,-0.629015021,-0.098138874,-0.500810603,0.975942201,3.449768678,1,0,0,0,0,0,0,0,0,0,0,0,0,0,0,0,0,1,0,0,1,0,0,0,0,0,1,1,0,0,0,0,0,1,0,0,0,0,0,1,0,1,0,0,0,0,0,0,0,0,0,0,0,0,0,0,0,1,0,0,3.5,595,610,15
4,4,4,0.055435832,0.280681244,-0.528015198,1.958217168,-0.431076632,-0.641826903,-0.197117053,-0.629015021,3.87305151,0.063283859,0.975942201,3.449768678,1,0,0,0,0,0,0,0,0,0,0,0,0,0,0,0,0,1,0,0,1,0,0,0,0,0,1,1,0,0,0,0,0,1,0,0,0,0,0,1,0,1,0,0,0,0,0,0,0,0,0,0,0,0,0,0,0,1,0,0,2.52,520,612,92
5,5,5,0.055435832,0.280681244,-0.528015198,1.958217168,-0.431076632,-0.641826903,-0.197117053,-0.629015021,3.87305151,0.063283859,0.975942201,7.207881521,1,0,0,0,0,0,0,0,0,0,0,0,0,0,0,0,0,1,0,0,1,0,0,0,0,0,1,1,0,0,0,0,0,1,0,0,0,0,0,1,0,1,0,0,0,0,0,0,0,0,0,0,0,0,0,0,0,1,0,0,2.66,590,612,22
6,6,6,0.195883331,0.280681244,-0.528015198,-0.30466059,-0.431076632,-0.641826903,-0.197117053,-0.629015021,-0.098138874,-0.652556049,0.975942201,3.449768678,1,0,0,0,0,0,0,0,0,0,0,0,0,0,0,0,0,1,0,0,1,0,0,0,0,1,0,1,0,0,0,0,0,1,0,0,0,0,0,1,0,1,0,0,0,0,0,0,0,0,0,0,0,0,0,0,0,1,0,0,2.61,610,635,25
7,7,7,-0.258505638,-0.376025306,1.691836289,-0.30466059,0.144142814,-0.641826903,-0.197117053,-0.629015021,1.970189451,1.534571383,0.577746873,-0.099560119,0,1,0,0,0,0,0,0,0,0,0,0,1,0,0,0,0,0,0,0,0,0,0,1,0,1,0,0,0,0,0,0,1,1,0,0,0,0,0,1,0,1,0,0,0,0,0,0,0,0,0,0,0,0,1,0,0,0,0,0,3.5,562,618,56
8,8,8,-0.258505638,-0.376025306,1.691836289,-0.30466059,0.144142814,-0.641826903,-0.197117053,-0.629015021,1.970189451,1.534571383,-0.218643781,-0.256148154,0,1,0,0,0,0,0,0,0,0,0,0,1,0,0,0,0,0,0,0,0,0,0,1,0,1,0,0,0,0,0,0,1,1,0,0,0,0,0,1,0,1,0,0,0,0,0,0,0,0,0,0,0,0,1,0,0,0,0,0,None,473,558,85
9,9,9,-0.258505638,-0.376025306,1.691836289,-0.30466059,0.144142814,-0.641826903,-0.197117053,-0.629015021,1.970189451,1.534571383,0.179551546,-0.256148154,0,1,0,0,0,0,0,0,0,0,0,0,1,0,0,0,0,0,0,0,0,0,0,1,0,1,0,0,0,0,0,0,1,1,0,0,0,0,0,1,0,1,0,0,0,0,0,0,0,0,0,0,0,0,1,0,0,0,0,0,None,524,567.6666667,43.66666667
10,10,10,-0.258505638,-0.376025306,1.691836289,-0.30466059,0.144142814,-0.641826903,-0.197117053,-0.629015021,1.970189451,1.534571383,0.577746873,-0.256148154,0,1,0,0,0,0,0,0,0,0,0,0,1,0,0,0,0,0,0,0,0,0,0,1,0,1,0,0,0,0,0,0,1,1,0,0,0,0,0,1,0,1,0,0,0,0,0,0,0,0,0,0,0,0,1,0,0,0,0,0,None,538,591.3333333,53.33333333
11,11,11,-0.258505638,-0.376025306,1.691836289,-0.30466059,0.144142814,-0.641826903,-0.197117053,-0.629015021,1.970189451,1.534571383,0.975942201,-0.256148154,0,1,0,0,0,0,0,0,0,0,0,0,1,0,0,0,0,0,0,0,0,0,0,1,0,1,0,0,0,0,0,0,1,1,0,0,0,0,0,1,0,1,0,0,0,0,0,0,0,0,0,0,0,0,1,0,0,0,0,0,None,576,608.6666667,32.66666667
12,12,12,-0.258505638,-0.376025306,1.691836289,-0.30466059,0.144142814,-0.641826903,-0.197117053,-0.629015021,1.970189451,1.534571383,1.374137528,-0.256148154,0,1,0,0,0,0,0,0,0,0,0,0,1,0,0,0,0,0,0,0,0,0,0,1,0,1,0,0,0,0,0,0,1,1,0,0,0,0,0,1,0,1,0,0,0,0,0,0,0,0,0,0,0,0,1,0,0,0,0,0,None,578,608.6666667,30.66666667
13,13,13,-0.341121815,-0.59492749,-0.103631826,-0.30466059,0.22083874,-0.429942678,-0.197117053,-0.629015021,-0.263605139,-0.240774661,-0.815936773,-0.29964483,0,1,0,0,0,0,0,0,0,0,0,0,0,0,0,0,0,1,0,0,0,0,0,1,0,1,0,0,0,1,0,0,0,0,0,0,0,1,0,1,0,1,0,0,0,0,0,0,0,0,1,0,0,0,0,0,0,0,0,0,3.7,580,588,8
14,14,14,-0.341121815,-0.59492749,-0.103631826,-0.30466059,0.22083874,-0.429942678,-0.197117053,-0.629015021,-0.263605139,-0.240774661,-0.815936773,-0.307474232,0,1,0,0,0,0,0,0,0,0,0,0,0,0,0,0,0,1,0,0,0,0,0,1,0,1,0,0,0,1,0,0,0,0,0,0,0,1,0,1,0,1,0,0,0,0,0,0,0,0,1,0,0,0,0,0,0,0,0,0,None,492,576.6666667,84.66666667
15,15,15,-0.341121815,-0.59492749,-0.103631826,-0.30466059,0.22083874,-0.429942678,-0.197117053,-0.629015021,-0.263605139,-0.240774661,-1.413229764,-0.307474232,0,1,0,0,0,0,0,0,0,0,0,0,0,0,0,0,0,1,0,0,0,0,0,1,0,1,0,0,0,1,0,0,0,0,0,0,0,1,0,1,0,1,0,0,0,0,0,0,0,0,1,0,0,0,0,0,0,0,0,0,None,397,569.3333333,172.3333333
16,16,16,-0.341121815,-0.59492749,-0.103631826,-0.30466059,0.22083874,-0.429942678,-0.197117053,-0.629015021,-0.263605139,-0.240774661,-1.413229764,-0.29964483,0,1,0,0,0,0,0,0,0,0,0,0,0,0,0,0,0,1,0,0,0,0,0,1,0,1,0,0,0,1,0,0,0,0,0,0,0,1,0,1,0,1,0,0,0,0,0,0,0,0,1,0,0,0,0,0,0,0,0,0,None,462,569.3333333,107.3333333
17,17,17,-0.341121815,-0.59492749,-0.103631826,-0.30466059,0.22083874,-0.429942678,-0.197117053,-0.629015021,-0.263605139,-0.240774661,-1.413229764,-0.28224616,0,1,0,0,0,0,0,0,0,0,0,0,0,0,0,0,0,1,0,0,0,0,0,1,0,1,0,0,0,1,0,0,0,0,0,0,0,1,0,1,0,1,0,0,0,0,0,0,0,0,1,0,0,0,0,0,0,0,0,0,None,500,576.3333333,76.33333333
18,18,18,-0.341121815,-0.59492749,-0.103631826,-0.30466059,0.22083874,-0.429942678,-0.197117053,-0.629015021,-0.263605139,-0.240774661,-0.815936773,-0.203952142,0,1,0,0,0,0,0,0,0,0,0,0,0,0,0,0,0,1,0,0,0,0,0,1,0,1,0,0,0,1,0,0,0,0,0,0,0,1,0,1,0,1,0,0,0,0,0,0,0,0,1,0,0,0,0,0,0,0,0,0,None,626,680,54
19,19,19,-0.341121815,-0.59492749,-0.103631826,-0.30466059,0.22083874,-0.429942678,-0.197117053,-0.629015021,-0.263605139,-0.240774661,-1.413229764,-0.203952142,0,1,0,0,0,0,0,0,0,0,0,0,0,0,0,0,0,1,0,0,0,0,0,1,0,1,0,0,0,1,0,0,0,0,0,0,0,1,0,1,0,1,0,0,0,0,0,0,0,0,1,0,0,0,0,0,0,0,0,0,None,574,598,24
20,20,20,0.154575243,-0.011188334,-0.462725449,-0.30466059,-0.431076632,-0.641826903,5.132344018,0.962232404,-0.263605139,-0.595982622,-0.815936773,-0.256148154,0,1,0,0,0,0,0,0,0,0,0,0,0,0,0,0,0,1,0,0,0,0,0,1,0,1,0,1,0,0,0,0,0,1,0,0,0,0,0,0,1,0,0,0,0,0,1,0,0,0,1,0,0,0,0,0,0,0,0,0,None,466.3333333,500,33.66666667
21,21,21,0.154575243,-0.011188334,-0.462725449,-0.30466059,-0.431076632,-0.641826903,5.132344018,0.962232404,-0.263605139,-0.595982622,-0.815936773,-0.203952142,0,1,0,0,0,0,0,0,0,0,0,0,0,0,0,0,0,1,0,0,0,0,0,1,0,1,0,1,0,0,0,0,0,1,0,0,0,0,0,0,1,0,0,0,0,0,1,0,0,0,1,0,0,0,0,0,0,0,0,0,None,466.3333333,520,53.66666667
22,22,22,0.154575243,-0.011188334,-0.462725449,-0.30466059,-0.431076632,-0.641826903,5.132344018,0.962232404,-0.263605139,-0.595982622,-0.815936773,-0.099560119,0,1,0,0,0,0,0,0,0,0,0,0,0,0,0,0,0,1,0,0,0,0,0,1,0,1,0,1,0,0,0,0,0,1,0,0,0,0,0,0,1,0,0,0,0,0,1,0,0,0,1,0,0,0,0,0,0,0,0,0,None,466.3333333,538,71.66666667
23,23,23,0.154575243,-0.011188334,-0.462725449,-0.30466059,-0.431076632,-0.641826903,5.132344018,0.962232404,-0.263605139,-0.595982622,-0.417741445,-0.243099151,0,1,0,0,0,0,0,0,0,0,0,0,0,0,0,0,0,1,0,0,0,0,0,1,0,1,0,1,0,0,0,0,0,1,0,0,0,0,0,0,1,0,0,0,0,0,1,0,0,0,1,0,0,0,0,0,0,0,0,0,None,466.3333333,540,73.66666667
24,24,24,0.154575243,-0.011188334,-0.462725449,-0.30466059,-0.431076632,-0.641826903,5.132344018,0.962232404,-0.263605139,-0.595982622,1.175039865,-0.28224616,0,1,0,0,0,0,0,0,0,0,0,0,0,0,0,0,0,1,0,0,0,0,0,1,0,1,0,1,0,0,0,0,0,1,0,0,0,0,0,0,1,0,0,0,0,0,1,0,0,0,1,0,0,0,0,0,0,0,0,0,None,466.3333333,590,123.6666667
25,25,25,0.154575243,-0.011188334,-0.462725449,-0.30466059,-0.431076632,-0.641826903,5.132344018,0.962232404,-0.263605139,-0.595982622,1.175039865,-0.203952142,0,1,0,0,0,0,0,0,0,0,0,0,0,0,0,0,0,1,0,0,0,0,0,1,0,1,0,1,0,0,0,0,0,1,0,0,0,0,0,0,1,0,0,0,0,0,1,0,0,0,1,0,0,0,0,0,0,0,0,0,None,466.3333333,600,133.6666667
26,26,26,0.154575243,-0.011188334,-0.462725449,-0.30466059,-0.431076632,-0.641826903,5.132344018,0.962232404,-0.263605139,-0.595982622,0.179551546,-0.28224616,0,1,0,0,0,0,0,0,0,0,0,0,0,0,0,0,0,1,0,0,0,0,0,1,0,1,0,1,0,0,0,0,0,1,0,0,0,0,0,0,1,0,0,0,0,0,1,0,0,0,1,0,0,0,0,0,0,0,0,0,None,466.3333333,560,93.66666667
27,27,27,1.80689877,0.353648639,2.410023535,0.82361026,3.020240045,-0.641826903,-0.197117053,-0.629015021,-0.263605139,2.360720014,0.776844537,-0.256148154,0,1,0,0,0,0,0,0,0,0,0,0,0,0,0,0,0,1,0,0,0,0,0,1,0,0,1,0,0,0,1,0,0,1,0,0,0,0,0,1,0,1,0,0,0,0,0,0,0,0,1,0,0,0,0,0,0,0,0,0,2.4,514.3333333,577,62.66666667
28,28,28,-0.588970344,1.448159556,-0.397435699,-0.30466059,-0.316032743,-0.641826903,-0.197117053,-0.629015021,-0.263605139,-0.540481378,-0.417741445,-0.295295163,0,1,0,0,0,0,0,0,0,0,0,1,0,0,0,0,0,0,0,0,0,0,0,1,0,1,0,0,0,1,0,0,0,1,0,0,0,0,0,1,0,1,0,0,0,0,0,0,0,0,1,0,0,0,0,0,0,0,0,0,2.5,601,609.3333333,8.333333333
29,29,29,-0.588970344,1.448159556,-0.397435699,-0.30466059,-0.316032743,-0.641826903,-0.197117053,-0.629015021,-0.263605139,-0.540481378,0.776844537,-0.295295163,0,1,0,0,0,0,0,0,0,0,0,1,0,0,0,0,0,0,0,0,0,0,0,1,0,1,0,0,0,1,0,0,0,1,0,0,0,0,0,1,0,1,0,0,0,0,0,0,0,0,1,0,0,0,0,0,0,0,0,0,4.3,620,646,26
30,30,30,-0.588970344,-0.667894884,-0.087309388,-0.30466059,-0.082110168,-0.641826903,-0.197117053,-0.549452649,-0.263605139,-0.2409008,1.573235192,-0.29964483,0,1,0,0,0,0,0,0,0,0,0,0,0,0,0,0,0,1,0,0,0,0,0,1,0,1,0,0,0,0,1,0,0,1,0,0,0,0,0,1,0,0,0,0,0,0,0,1,0,0,1,0,0,0,0,0,0,0,0,0,None,455,507,52
31,31,31,-0.588970344,-0.667894884,-0.087309388,-0.30466059,-0.328304091,-0.641826903,-0.197117053,-0.549452649,-0.263605139,-0.2409008,1.573235192,-0.29964483,0,1,0,0,0,0,0,0,0,0,0,0,0,0,0,0,0,1,0,0,0,0,0,1,0,1,0,0,0,0,1,0,0,1,0,0,0,0,0,1,0,0,0,0,0,0,0,1,0,0,1,0,0,0,0,0,0,0,0,0,None,460,518,58
32,32,32,-0.588970344,-0.667894884,-0.087309388,-0.30466059,-0.320634499,-0.641826903,-0.197117053,-0.549452649,-0.263605139,-0.2409008,1.573235192,-0.29964483,0,1,0,0,0,0,0,0,0,0,0,0,0,0,0,0,0,1,0,0,0,0,0,1,0,1,0,0,0,0,1,0,0,1,0,0,0,0,0,1,0,0,0,0,0,0,0,1,0,0,1,0,0,0,0,0,0,0,0,0,None,457,522,65
33,33,33,-0.588970344,-0.667894884,-0.087309388,-0.30466059,-0.312964906,-0.641826903,-0.197117053,-0.549452649,-0.263605139,-0.2409008,1.573235192,-0.29964483,0,1,0,0,0,0,0,0,0,0,0,0,0,0,0,0,0,1,0,0,0,0,0,1,0,1,0,0,0,0,1,0,0,1,0,0,0,0,0,1,0,0,0,0,0,0,0,1,0,0,1,0,0,0,0,0,0,0,0,0,None,456,525,69
34,34,34,-0.588970344,-0.667894884,-0.087309388,-0.30466059,-0.335973684,-0.641826903,-0.197117053,-0.549452649,-0.263605139,-0.2409008,1.573235192,-0.29964483,0,1,0,0,0,0,0,0,0,0,0,0,0,0,0,0,0,1,0,0,0,0,0,1,0,1,0,0,0,0,1,0,0,1,0,0,0,0,0,1,0,0,0,0,0,0,0,1,0,0,1,0,0,0,0,0,0,0,0,0,None,470,530,60
35,35,35,-0.506354167,-0.667894884,0.124882298,-0.30466059,-0.200988854,-0.641826903,-0.197117053,-0.629015021,-0.263605139,-0.035924614,1.573235192,-0.290945495,0,1,0,0,0,0,0,0,0,0,0,0,0,0,0,0,0,1,0,0,0,0,0,1,0,1,0,0,0,1,0,0,0,1,0,0,0,0,0,1,0,1,0,0,0,0,0,0,0,0,1,0,0,0,0,0,0,0,0,0,4,525,558,33
36,36,36,-0.547662256,-0.667894884,0.124882298,0.071429693,-0.258510798,-0.641826903,-0.197117053,-0.629015021,-0.263605139,0.027144981,1.672784024,-0.306604298,0,1,0,0,0,0,0,0,0,0,0,0,0,0,0,0,0,1,0,0,0,0,0,1,0,0,1,0,0,0,0,1,0,1,0,0,0,0,0,1,0,1,0,0,0,0,0,0,0,0,1,0,0,0,0,0,0,0,0,0,1.8,472,592.3333333,120.3333333
37,37,37,-0.547662256,-0.667894884,0.124882298,0.071429693,-0.258510798,-0.641826903,-0.197117053,-0.629015021,-0.263605139,0.027144981,1.672784024,-0.295295163,0,1,0,0,0,0,0,0,0,0,0,0,0,0,0,0,0,1,0,0,0,0,0,1,0,0,1,0,0,0,0,1,0,1,0,0,0,0,0,1,0,1,0,0,0,0,0,0,0,0,1,0,0,0,0,0,0,0,0,0,None,486,592.3333333,106.3333333
38,38,38,-0.547662256,-0.667894884,0.124882298,0.071429693,-0.258510798,-0.641826903,-0.197117053,-0.629015021,-0.263605139,0.027144981,1.672784024,-0.15175613,0,1,0,0,0,0,0,0,0,0,0,0,0,0,0,0,0,1,0,0,0,0,0,1,0,0,1,0,0,0,0,1,0,1,0,0,0,0,0,1,0,1,0,0,0,0,0,0,0,0,1,0,0,0,0,0,0,0,0,0,None,499,592.3333333,93.33333333
39,39,39,2.633060533,0.718485611,0.581910545,-0.30466059,5.129378015,-0.641826903,-0.197117053,-0.629015021,-0.263605139,0.405562554,1.274588696,-0.290945495,0,1,0,0,0,0,0,0,0,0,0,0,0,0,0,0,0,1,0,0,0,0,0,1,0,1,0,0,0,1,0,0,0,1,0,0,0,0,0,1,0,1,0,0,0,0,0,0,0,0,1,0,0,0,0,0,0,0,0,0,2.4,530,579,49
40,40,40,2.633060533,0.718485611,0.134022863,-0.30466059,5.129378015,-0.641826903,-0.197117053,-0.629015021,-0.263605139,0.279423363,1.672784024,-0.290945495,0,1,0,0,0,0,0,0,0,0,0,0,0,0,0,0,0,1,0,0,0,0,0,1,0,1,0,0,0,0,1,0,0,1,0,0,0,0,0,1,0,1,0,0,0,0,0,0,0,0,1,0,0,0,0,0,0,0,0,0,3.1,555,595,40
41,41,41,-0.175889462,-0.448992701,0.124882298,0.071429693,0.259186703,-0.641826903,-0.197117053,0.325733434,1.523430533,0.027144981,0.37864921,-0.256148154,0,1,0,0,0,0,0,0,0,0,0,0,0,0,0,0,0,1,0,0,0,0,0,1,0,0,1,0,1,0,0,0,0,1,0,0,0,0,0,1,0,0,1,0,0,0,0,0,0,0,0,0,0,1,0,0,0,0,0,0,2,430,477,47
42,42,42,-0.390691521,-0.573037271,0.059592548,-0.30466059,-0.047597001,-0.641826903,-0.197117053,-0.629015021,-0.263605139,-0.09899421,1.772332856,-0.29964483,0,1,0,0,0,0,0,0,0,0,0,0,0,0,0,0,0,1,0,0,0,0,0,1,0,1,0,0,0,0,1,0,0,1,0,0,0,0,0,1,0,1,0,0,0,0,0,0,0,0,1,0,0,0,0,0,0,0,0,0,3.2,530.6666667,568.3333333,37.66666667
43,43,43,0.319807596,-0.297950194,0.255461797,-0.30466059,0.949450039,-0.641826903,-0.197117053,-0.629015021,-0.263605139,0.090214577,0.179551546,-0.295295163,0,1,0,0,0,0,0,0,0,0,0,0,0,0,0,0,0,1,0,0,0,0,0,1,0,1,0,0,0,0,0,0,1,1,0,0,0,0,0,1,0,1,0,0,0,0,0,0,0,0,1,0,0,0,0,0,0,0,0,0,None,498,542,44
44,44,44,0.319807596,-0.297950194,0.255461797,-0.30466059,0.949450039,-0.641826903,-0.197117053,-0.629015021,-0.263605139,0.090214577,0.179551546,-0.303994498,0,1,0,0,0,0,0,0,0,0,0,0,0,0,0,0,0,1,0,0,0,0,0,1,0,1,0,0,0,0,0,1,0,1,0,0,0,0,0,1,0,1,0,0,0,0,0,0,0,0,1,0,0,0,0,0,0,0,0,0,None,502,548,46
45,45,45,0.319807596,-0.297950194,0.255461797,-0.30466059,0.949450039,-0.641826903,-0.197117053,-0.629015021,-0.263605139,0.090214577,0.179551546,-0.303994498,0,1,0,0,0,0,0,0,0,0,0,0,0,0,0,0,0,1,0,0,0,0,0,1,0,1,0,0,0,1,0,0,0,1,0,0,0,0,0,1,0,1,0,0,0,0,0,0,0,0,1,0,0,0,0,0,0,0,0,0,None,512,554,42
46,46,46,0.319807596,-0.297950194,0.255461797,-0.30466059,0.949450039,-0.641826903,-0.197117053,-0.629015021,-0.263605139,0.090214577,0.179551546,-0.295295163,0,1,0,0,0,0,0,0,0,0,0,0,0,0,0,0,0,1,0,0,0,0,0,1,0,1,0,0,0,0,1,0,0,1,0,0,0,0,0,1,0,1,0,0,0,0,0,0,0,0,1,0,0,0,0,0,0,0,0,0,None,512,558,46
47,47,47,-0.506354167,-0.667894884,0.124882298,-0.116615448,-0.200988854,-0.641826903,-0.197117053,-0.629015021,-0.263605139,-0.004389817,1.175039865,-0.290945495,0,1,0,0,0,0,0,0,0,0,0,0,0,0,0,0,0,1,0,0,0,0,0,1,0,0,1,0,0,0,0,1,0,1,0,0,0,0,0,1,0,1,0,0,0,0,0,0,0,0,1,0,0,0,0,0,0,0,0,0,2.5,580,615,35
48,48,48,-0.506354167,-0.667894884,0.124882298,-0.116615448,-0.200988854,-0.641826903,-0.197117053,-0.629015021,-0.263605139,-0.004389817,1.175039865,-0.290945495,0,1,0,0,0,0,0,0,0,0,0,0,0,0,0,0,0,1,0,0,0,0,0,1,0,0,1,0,0,0,0,1,0,1,0,0,0,0,0,1,0,1,0,0,0,0,0,0,0,0,1,0,0,0,0,0,0,0,0,0,3.26,584,615,31
49,49,49,-0.588970344,-0.667894884,0.124882298,-0.30466059,-0.316032743,-0.641826903,-0.197117053,-0.525583938,-0.263605139,-0.035924614,1.573235192,-0.29964483,0,1,0,0,0,0,0,0,0,0,0,0,0,0,0,0,0,1,0,0,0,0,0,1,0,1,0,0,0,0,1,0,0,1,0,0,0,0,0,1,0,0,0,0,0,0,0,1,0,0,1,0,0,0,0,0,0,0,0,0,None,460,480,20
50,50,50,-0.341121815,-0.59492749,-0.031813101,-0.30466059,0.124968832,-0.641826903,-0.197117053,-0.629015021,-0.263605139,-0.187291644,1.274588696,-0.301384697,0,1,0,0,0,0,0,0,0,0,1,0,0,0,0,0,0,0,0,0,0,0,0,1,0,1,0,0,0,1,0,0,0,1,0,0,0,0,0,1,0,1,0,0,0,0,0,0,0,0,1,0,0,0,0,0,0,0,0,0,None,537,590.6666667,53.66666667
51,51,51,-0.341121815,-0.59492749,-0.031813101,-0.30466059,0.124968832,-0.641826903,-0.197117053,-0.629015021,-0.263605139,-0.187291644,1.274588696,-0.301384697,0,1,0,0,0,0,0,0,0,0,0,0,0,0,0,0,0,1,0,0,0,0,0,1,0,1,0,0,0,1,0,0,0,1,0,0,0,0,0,1,0,1,0,0,0,0,0,0,0,0,1,0,0,0,0,0,0,0,0,0,None,537,577.6666667,40.66666667
52,52,52,-0.341121815,-0.59492749,-0.031813101,-0.30466059,-0.431076632,-0.641826903,-0.197117053,-0.629015021,-0.084901572,-0.187291644,1.274588696,-0.301384697,0,1,0,0,0,0,0,0,0,0,0,0,0,0,0,0,0,1,0,0,0,0,0,1,0,1,0,1,0,0,0,0,0,1,0,0,0,0,0,1,0,1,0,0,0,0,0,0,0,0,0,0,0,0,0,1,0,0,0,0,None,545,577.3333333,32.33333333
53,53,53,-0.588970344,-0.521960095,0.034782443,-0.30466059,-0.316032743,-0.641826903,-0.197117053,-0.629015021,-0.263605139,-0.122960656,1.374137528,-0.28224616,0,1,0,0,0,0,0,0,0,0,0,1,0,0,0,0,0,0,0,0,0,0,0,1,0,1,0,0,0,1,0,0,0,1,0,0,0,0,0,1,0,1,0,0,0,0,0,0,0,0,1,0,0,0,0,0,0,0,0,0,None,631,680,49
54,54,54,0.980737006,-0.521960095,-0.103631826,-0.30466059,2.521716525,-0.139995844,-0.197117053,-0.629015021,-0.263605139,-0.219141789,-0.855756305,-0.308170179,0,1,0,0,0,0,0,0,0,0,0,0,0,0,0,0,0,1,0,0,0,0,0,1,0,1,0,0,0,1,0,0,0,0,0,0,0,1,0,1,0,1,0,0,0,0,0,0,0,0,1,0,0,0,0,0,0,0,0,0,None,498,563.3333333,65.33333333
55,55,55,0.980737006,-0.521960095,-0.103631826,-0.30466059,2.349150691,-0.139995844,-0.197117053,-0.629015021,-0.263605139,-0.219141789,-0.855756305,-0.308170179,0,1,0,0,0,0,0,0,0,0,0,0,0,0,0,0,0,1,0,0,0,0,0,1,0,1,0,0,0,1,0,0,0,0,0,0,0,1,0,1,0,1,0,0,0,0,0,0,0,0,1,0,0,0,0,0,0,0,0,0,None,476,563.3333333,87.33333333
56,56,56,0.980737006,-0.521960095,-0.103631826,-0.30466059,2.713456341,-0.138601869,-0.197117053,-0.629015021,-0.263605139,-0.21901565,-0.855756305,-0.308170179,0,1,0,0,0,0,0,0,0,0,0,0,0,0,0,0,0,1,0,0,0,0,0,1,0,1,0,0,0,1,0,0,0,0,0,0,0,1,0,1,0,1,0,0,0,0,0,0,0,0,1,0,0,0,0,0,0,0,0,0,None,491,563.3333333,72.33333333
57,57,57,0.980737006,-0.521960095,-0.103631826,-0.30466059,2.521716525,-0.139995844,-0.197117053,-0.629015021,-0.263605139,-0.219141789,-0.855756305,-0.307474232,0,1,0,0,0,0,0,0,0,0,0,0,0,0,0,0,0,1,0,0,0,0,0,1,0,1,0,0,0,1,0,0,0,0,0,0,0,1,0,1,0,1,0,0,0,0,0,0,0,0,1,0,0,0,0,0,0,0,0,0,None,530,569.6666667,39.66666667
58,58,58,0.980737006,-0.521960095,-0.103631826,-0.30466059,2.349150691,-0.139995844,-0.197117053,-0.629015021,-0.263605139,-0.219141789,-0.855756305,-0.307474232,0,1,0,0,0,0,0,0,0,0,0,0,0,0,0,0,0,1,0,0,0,0,0,1,0,1,0,0,0,1,0,0,0,0,0,0,0,1,0,1,0,1,0,0,0,0,0,0,0,0,1,0,0,0,0,0,0,0,0,0,None,497,563.3333333,66.33333333
59,59,59,0.980737006,-0.521960095,-0.103631826,-0.30466059,2.713456341,-0.138601869,-0.197117053,-0.629015021,-0.263605139,-0.21901565,-0.855756305,-0.307474232,0,1,0,0,0,0,0,0,0,0,0,0,0,0,0,0,0,1,0,0,0,0,0,1,0,1,0,0,0,1,0,0,0,0,0,0,0,1,0,1,0,1,0,0,0,0,0,0,0,0,1,0,0,0,0,0,0,0,0,0,None,522,569.6666667,47.66666667
60,60,60,0.980737006,-0.521960095,-0.103631826,-0.30466059,2.349150691,-0.139995844,-0.197117053,-0.629015021,-0.263605139,-0.219141789,-0.855756305,-0.29964483,0,1,0,0,0,0,0,0,0,0,0,0,0,0,0,0,0,1,0,0,0,0,0,1,0,1,0,0,0,1,0,0,0,0,0,0,0,1,0,1,0,1,0,0,0,0,0,0,0,0,1,0,0,0,0,0,0,0,0,0,None,509,563.3333333,54.33333333
61,61,61,0.980737006,-0.521960095,-0.103631826,-0.30466059,2.713456341,-0.138601869,-0.197117053,-0.629015021,-0.263605139,-0.21901565,-0.855756305,-0.29964483,0,1,0,0,0,0,0,0,0,0,0,0,0,0,0,0,0,1,0,0,0,0,0,1,0,1,0,0,0,1,0,0,0,0,0,0,0,1,0,1,0,1,0,0,0,0,0,0,0,0,1,0,0,0,0,0,0,0,0,0,None,613,650,37
62,62,62,0.980737006,-0.521960095,-0.103631826,-0.30466059,2.521716525,-0.139995844,-0.197117053,-0.629015021,-0.263605139,-0.219141789,-0.855756305,-0.290945495,0,1,0,0,0,0,0,0,0,0,0,0,0,0,0,0,0,1,0,0,0,0,0,1,0,1,0,0,0,1,0,0,0,0,0,0,0,1,0,1,0,1,0,0,0,0,0,0,0,0,1,0,0,0,0,0,0,0,0,0,None,590,598,8
63,63,63,0.980737006,-0.521960095,-0.103631826,-0.30466059,2.349150691,-0.139995844,-0.197117053,-0.629015021,-0.263605139,-0.219141789,-0.855756305,-0.28224616,0,1,0,0,0,0,0,0,0,0,0,0,0,0,0,0,0,1,0,0,0,0,0,1,0,1,0,0,0,1,0,0,0,0,0,0,0,1,0,1,0,1,0,0,0,0,0,0,0,0,1,0,0,0,0,0,0,0,0,0,None,518,576.6666667,58.66666667
64,64,64,0.980737006,-0.521960095,-0.103631826,-0.30466059,2.521716525,-0.139995844,-0.197117053,-0.629015021,-0.263605139,-0.219141789,-0.855756305,-0.256148154,0,1,0,0,0,0,0,0,0,0,0,0,0,0,0,0,0,1,0,0,0,0,0,1,0,1,0,0,0,1,0,0,0,0,0,0,0,1,0,1,0,1,0,0,0,0,0,0,0,0,1,0,0,0,0,0,0,0,0,0,None,625,680,55
65,65,65,0.980737006,-0.521960095,-0.103631826,-0.30466059,2.349150691,-0.139995844,-0.197117053,-0.629015021,-0.263605139,-0.219141789,-0.855756305,-0.256148154,0,1,0,0,0,0,0,0,0,0,0,0,0,0,0,0,0,1,0,0,0,0,0,1,0,1,0,0,0,1,0,0,0,0,0,0,0,1,0,1,0,1,0,0,0,0,0,0,0,0,1,0,0,0,0,0,0,0,0,0,None,520,576.6666667,56.66666667
66,66,66,-0.093273286,-0.485476398,2.083574787,-0.30466059,0.374230592,-0.641826903,-0.197117053,-0.629015021,-0.263605139,1.85616325,0.975942201,-0.15175613,0,1,0,0,0,0,0,0,0,0,0,0,0,0,0,0,0,1,0,0,0,0,0,1,0,1,0,0,0,0,0,1,0,1,0,0,0,0,0,1,0,1,0,0,0,0,0,0,0,0,1,0,0,0,0,0,0,0,0,0,2.7,532,591,59
67,67,67,-0.588970344,-0.704378581,-0.031813101,-0.30466059,-0.316032743,-0.641826903,-0.197117053,-0.629015021,-0.263605139,-0.187291644,0.975942201,-0.303994498,0,1,0,0,0,0,0,0,0,0,0,0,0,0,0,0,0,1,0,0,0,0,0,1,0,1,0,0,1,0,0,0,0,1,0,0,0,0,0,1,0,1,0,0,0,0,0,0,0,0,1,0,0,0,0,0,0,0,0,0,None,571,604.6666667,33.66666667
68,68,68,-0.588970344,-0.704378581,-0.031813101,-0.30466059,-0.316032743,-0.641826903,-0.197117053,-0.629015021,-0.263605139,-0.187291644,0.975942201,-0.303994498,0,1,0,0,0,0,0,0,0,0,0,0,0,0,0,0,0,1,0,0,0,0,0,1,0,1,0,0,0,1,0,0,0,1,0,0,0,0,0,1,0,1,0,0,0,0,0,0,0,0,1,0,0,0,0,0,0,0,0,0,None,500,552,52
69,69,69,-0.588970344,-0.704378581,-0.031813101,-0.30466059,-0.316032743,-0.641826903,-0.197117053,-0.629015021,-0.263605139,-0.187291644,0.975942201,-0.303994498,0,1,0,0,0,0,0,0,0,0,0,0,0,0,0,0,0,1,0,0,0,0,0,1,0,1,0,0,0,1,0,0,0,1,0,0,0,0,0,1,0,1,0,0,0,0,0,0,0,0,1,0,0,0,0,0,0,0,0,0,None,510,556,46
70,70,70,-0.588970344,-0.704378581,-0.031813101,-0.30466059,-0.316032743,-0.641826903,-0.197117053,-0.629015021,-0.263605139,-0.187291644,0.975942201,-0.303994498,0,1,0,0,0,0,0,0,0,0,0,0,0,0,0,0,0,1,0,0,0,0,0,1,0,1,0,0,0,0,0,1,0,1,0,0,0,0,0,1,0,1,0,0,0,0,0,0,0,0,1,0,0,0,0,0,0,0,0,0,None,500,568.3333333,68.33333333
71,71,71,-0.588970344,-0.704378581,-0.031813101,-0.30466059,-0.316032743,-0.641826903,-0.197117053,-0.629015021,-0.263605139,-0.187291644,0.975942201,-0.303994498,0,1,0,0,0,0,0,0,0,0,0,0,0,0,0,0,0,1,0,0,0,0,0,1,0,1,0,0,0,0,0,0,1,1,0,0,0,0,0,1,0,1,0,0,0,0,0,0,0,0,1,0,0,0,0,0,0,0,0,0,None,496,552,56
72,72,72,-0.588970344,-0.704378581,-0.031813101,-0.30466059,-0.316032743,-0.641826903,-0.197117053,-0.629015021,-0.263605139,-0.187291644,0.975942201,-0.295295163,0,1,0,0,0,0,0,0,0,0,0,0,0,0,0,0,0,1,0,0,0,0,0,1,0,1,0,0,1,0,0,0,0,1,0,0,0,0,0,1,0,1,0,0,0,0,0,0,0,0,1,0,0,0,0,0,0,0,0,0,None,574,604.6666667,30.66666667
73,73,73,-0.588970344,-0.704378581,-0.031813101,-0.30466059,-0.316032743,-0.641826903,-0.197117053,-0.629015021,-0.263605139,-0.187291644,0.975942201,-0.295295163,0,1,0,0,0,0,0,0,0,0,0,0,0,0,0,0,0,1,0,0,0,0,0,1,0,1,0,0,0,1,0,0,0,1,0,0,0,0,0,1,0,1,0,0,0,0,0,0,0,0,1,0,0,0,0,0,0,0,0,0,None,540,579,39
74,74,74,-0.588970344,-0.704378581,-0.031813101,-0.30466059,-0.316032743,-0.641826903,-0.197117053,-0.629015021,-0.263605139,-0.187291644,0.975942201,-0.295295163,0,1,0,0,0,0,0,0,0,0,0,0,0,0,0,0,0,1,0,0,0,0,0,1,0,1,0,0,0,1,0,0,0,1,0,0,0,0,0,1,0,1,0,0,0,0,0,0,0,0,1,0,0,0,0,0,0,0,0,0,None,531,579.3333333,48.33333333
75,75,75,-0.588970344,-0.704378581,-0.031813101,-0.30466059,-0.258510798,-0.641826903,-0.197117053,-0.629015021,-0.263605139,-0.187291644,0.975942201,-0.295295163,0,1,0,0,0,0,0,0,0,0,0,0,0,0,0,0,0,1,0,0,0,0,0,1,0,1,0,0,0,1,0,0,0,1,0,0,0,0,0,1,0,1,0,0,0,0,0,0,0,0,1,0,0,0,0,0,0,0,0,0,None,580,605,25
76,76,76,-0.588970344,-0.704378581,-0.031813101,-0.30466059,-0.316032743,-0.641826903,-0.197117053,-0.629015021,-0.263605139,-0.187291644,0.975942201,-0.295295163,0,1,0,0,0,0,0,0,0,0,0,0,0,0,0,0,0,1,0,0,0,0,0,1,0,1,0,0,0,0,0,1,0,1,0,0,0,0,0,1,0,1,0,0,0,0,0,0,0,0,1,0,0,0,0,0,0,0,0,0,None,539,589.6666667,50.66666667
77,77,77,-0.588970344,-0.704378581,-0.031813101,-0.30466059,-0.316032743,-0.641826903,-0.197117053,-0.629015021,-0.263605139,-0.187291644,0.975942201,-0.295295163,0,1,0,0,0,0,0,0,0,0,0,0,0,0,0,0,0,1,0,0,0,0,0,1,0,1,0,0,0,0,0,0,1,1,0,0,0,0,0,1,0,1,0,0,0,0,0,0,0,0,1,0,0,0,0,0,0,0,0,0,None,509,557.3333333,48.33333333
78,78,78,-0.588970344,-0.704378581,-0.031813101,-0.30466059,-0.316032743,-0.641826903,-0.197117053,-0.629015021,-0.263605139,-0.187291644,0.975942201,-0.28224616,0,1,0,0,0,0,0,0,0,0,0,0,0,0,0,0,0,1,0,0,0,0,0,1,0,1,0,0,1,0,0,0,0,1,0,0,0,0,0,1,0,1,0,0,0,0,0,0,0,0,1,0,0,0,0,0,0,0,0,0,None,574,604.6666667,30.66666667
79,79,79,-0.588970344,-0.704378581,-0.031813101,-0.30466059,-0.316032743,-0.641826903,-0.197117053,-0.629015021,-0.263605139,-0.187291644,0.975942201,-0.28224616,0,1,0,0,0,0,0,0,0,0,0,0,0,0,0,0,0,1,0,0,0,0,0,1,0,1,0,0,0,1,0,0,0,1,0,0,0,0,0,1,0,1,0,0,0,0,0,0,0,0,1,0,0,0,0,0,0,0,0,0,None,548,579,31
80,80,80,-0.588970344,-0.704378581,-0.031813101,-0.30466059,-0.316032743,-0.641826903,-0.197117053,-0.629015021,-0.263605139,-0.187291644,0.975942201,-0.28224616,0,1,0,0,0,0,0,0,0,0,0,0,0,0,0,0,0,1,0,0,0,0,0,1,0,1,0,0,0,1,0,0,0,1,0,0,0,0,0,1,0,1,0,0,0,0,0,0,0,0,1,0,0,0,0,0,0,0,0,0,None,538,579,41
81,81,81,-0.588970344,-0.704378581,-0.031813101,-0.30466059,-0.258510798,-0.641826903,-0.197117053,-0.629015021,-0.263605139,-0.187291644,0.975942201,-0.28224616,0,1,0,0,0,0,0,0,0,0,0,0,0,0,0,0,0,1,0,0,0,0,0,1,0,1,0,0,0,1,0,0,0,1,0,0,0,0,0,1,0,1,0,0,0,0,0,0,0,0,1,0,0,0,0,0,0,0,0,0,None,580,605,25
82,82,82,-0.588970344,-0.704378581,-0.031813101,-0.30466059,-0.316032743,-0.641826903,-0.197117053,-0.629015021,-0.263605139,-0.187291644,0.975942201,-0.28224616,0,1,0,0,0,0,0,0,0,0,0,0,0,0,0,0,0,1,0,0,0,0,0,1,0,1,0,0,0,0,0,1,0,1,0,0,0,0,0,1,0,1,0,0,0,0,0,0,0,0,1,0,0,0,0,0,0,0,0,0,None,549,589.6666667,40.66666667
83,83,83,-0.588970344,-0.704378581,-0.031813101,-0.30466059,-0.316032743,-0.641826903,-0.197117053,-0.629015021,-0.263605139,-0.187291644,0.975942201,-0.28224616,0,1,0,0,0,0,0,0,0,0,0,0,0,0,0,0,0,1,0,0,0,0,0,1,0,1,0,0,0,0,0,0,1,1,0,0,0,0,0,1,0,1,0,0,0,0,0,0,0,0,1,0,0,0,0,0,0,0,0,0,None,518,579,61
84,84,84,-0.588970344,-0.704378581,-0.031813101,-0.30466059,-0.258510798,-0.641826903,-0.197117053,-0.629015021,-0.263605139,-0.187291644,0.975942201,-0.203952142,0,1,0,0,0,0,0,0,0,0,0,0,0,0,0,0,0,1,0,0,0,0,0,1,0,1,0,0,0,1,0,0,0,1,0,0,0,0,0,1,0,1,0,0,0,0,0,0,0,0,1,0,0,0,0,0,0,0,0,0,None,592,605,13
85,85,85,-0.588970344,-0.704378581,-0.031813101,-0.30466059,-0.316032743,-0.641826903,-0.197117053,-0.629015021,-0.263605139,-0.187291644,0.975942201,-0.15175613,0,1,0,0,0,0,0,0,0,0,0,0,0,0,0,0,0,1,0,0,0,0,0,1,0,1,0,0,1,0,0,0,0,1,0,0,0,0,0,1,0,1,0,0,0,0,0,0,0,0,1,0,0,0,0,0,0,0,0,0,None,575,616.6666667,41.66666667
86,86,86,-0.588970344,-0.704378581,-0.031813101,-0.30466059,-0.316032743,-0.641826903,-0.197117053,-0.629015021,-0.263605139,-0.187291644,0.975942201,-0.15175613,0,1,0,0,0,0,0,0,0,0,0,0,0,0,0,0,0,1,0,0,0,0,0,1,0,1,0,0,0,1,0,0,0,1,0,0,0,0,0,1,0,1,0,0,0,0,0,0,0,0,1,0,0,0,0,0,0,0,0,0,None,550,579,29
87,87,87,-0.588970344,-0.704378581,-0.031813101,-0.30466059,-0.316032743,-0.641826903,-0.197117053,-0.629015021,-0.263605139,-0.187291644,0.975942201,-0.15175613,0,1,0,0,0,0,0,0,0,0,0,0,0,0,0,0,0,1,0,0,0,0,0,1,0,1,0,0,0,1,0,0,0,1,0,0,0,0,0,1,0,1,0,0,0,0,0,0,0,0,1,0,0,0,0,0,0,0,0,0,None,550,579,29
88,88,88,-0.588970344,-0.704378581,-0.031813101,-0.30466059,-0.316032743,-0.641826903,-0.197117053,-0.629015021,-0.263605139,-0.187291644,0.975942201,-0.15175613,0,1,0,0,0,0,0,0,0,0,0,0,0,0,0,0,0,1,0,0,0,0,0,1,0,1,0,0,0,0,0,1,0,1,0,0,0,0,0,1,0,1,0,0,0,0,0,0,0,0,1,0,0,0,0,0,0,0,0,0,None,551,601.6666667,50.66666667
89,89,89,-0.588970344,-0.704378581,-0.031813101,-0.30466059,-0.316032743,-0.641826903,-0.197117053,-0.629015021,-0.263605139,-0.187291644,0.975942201,-0.15175613,0,1,0,0,0,0,0,0,0,0,0,0,0,0,0,0,0,1,0,0,0,0,0,1,0,1,0,0,0,0,0,0,1,1,0,0,0,0,0,1,0,1,0,0,0,0,0,0,0,0,1,0,0,0,0,0,0,0,0,0,None,538,590.6666667,52.66666667
90,90,90,2.633060533,0.718485611,6.000959764,3.456242244,4.170678938,-0.641826903,-0.197117053,-0.629015021,-0.263605139,6.271034934,0.776844537,-0.273546824,0,1,0,0,0,0,0,0,0,0,0,0,0,0,0,0,0,1,0,0,0,0,0,1,0,0,1,0,0,0,0,1,0,1,0,0,0,0,0,1,0,1,0,0,0,0,0,0,0,0,1,0,0,0,0,0,0,0,0,0,2.7,500,576.3333333,76.33333333
91,91,91,2.633060533,0.718485611,6.000959764,3.456242244,4.170678938,-0.641826903,-0.197117053,-0.629015021,-0.263605139,6.271034934,0.776844537,-0.307474232,0,1,0,0,0,0,0,0,0,0,0,0,0,0,0,0,0,1,0,0,0,0,0,1,0,0,1,0,0,0,0,1,0,1,0,0,0,0,0,1,0,1,0,0,0,0,0,0,0,0,1,0,0,0,0,0,0,0,0,0,None,465,580.3333333,115.3333333
92,92,92,2.633060533,0.718485611,6.000959764,3.456242244,4.170678938,-0.641826903,-0.197117053,-0.629015021,-0.263605139,6.271034934,0.776844537,-0.290945495,0,1,0,0,0,0,0,0,0,0,0,0,0,0,0,0,0,1,0,0,0,0,0,1,0,0,1,0,0,0,0,1,0,1,0,0,0,0,0,1,0,1,0,0,0,0,0,0,0,0,1,0,0,0,0,0,0,0,0,0,None,495,576.3333333,81.33333333
93,93,93,-0.506354167,-0.602224229,0.451331046,-0.30466059,-0.200988854,-0.641826903,-0.197117053,-0.629015021,-0.263605139,0.279423363,0.37864921,-0.29703503,0,1,0,0,0,0,0,0,0,0,0,1,0,0,0,0,0,0,0,0,0,0,0,1,0,1,0,0,0,1,0,0,0,1,0,0,0,0,0,1,0,1,0,0,0,0,0,0,0,0,1,0,0,0,0,0,0,0,0,0,None,620,670,50
94,94,94,-0.506354167,-0.602224229,0.451331046,-0.30466059,-0.200988854,-0.641826903,-0.197117053,-0.629015021,-0.263605139,0.279423363,0.37864921,-0.303994498,0,1,0,0,0,0,0,0,0,0,0,1,0,0,0,0,0,0,0,0,0,0,0,1,0,1,0,0,0,1,0,0,0,1,0,0,0,0,0,1,0,1,0,0,0,0,0,0,0,0,1,0,0,0,0,0,0,0,0,0,None,570,616,46
95,95,95,-0.506354167,-0.602224229,0.451331046,-0.30466059,-0.200988854,-0.641826903,-0.197117053,-0.629015021,-0.263605139,0.279423363,0.37864921,-0.290945495,0,1,0,0,0,0,0,0,0,0,0,1,0,0,0,0,0,0,0,0,0,0,0,1,0,1,0,0,0,1,0,0,0,1,0,0,0,0,0,1,0,1,0,0,0,0,0,0,0,0,1,0,0,0,0,0,0,0,0,0,None,590,610,20
96,96,96,-0.506354167,-0.602224229,0.451331046,-0.30466059,-0.200988854,-0.641826903,-0.197117053,-0.629015021,-0.263605139,0.279423363,-0.417741445,-0.295295163,0,1,0,0,0,0,0,0,0,0,0,1,0,0,0,0,0,0,0,0,0,0,0,1,0,1,0,0,0,1,0,0,0,1,0,0,0,0,0,1,0,1,0,0,0,0,0,0,0,0,1,0,0,0,0,0,0,0,0,0,None,548,598.6666667,50.66666667
97,97,97,-0.506354167,-0.602224229,0.451331046,-0.30466059,-0.200988854,-0.641826903,-0.197117053,-0.629015021,-0.263605139,0.279423363,-0.019546118,-0.295295163,0,1,0,0,0,0,0,0,0,0,0,1,0,0,0,0,0,0,0,0,0,0,0,1,0,1,0,0,0,1,0,0,0,1,0,0,0,0,0,1,0,1,0,0,0,0,0,0,0,0,1,0,0,0,0,0,0,0,0,0,None,570,616,46
98,98,98,-0.506354167,-0.602224229,0.451331046,-0.30466059,-0.200988854,-0.641826903,-0.197117053,-0.629015021,-0.263605139,0.279423363,0.776844537,-0.295295163,0,1,0,0,0,0,0,0,0,0,0,1,0,0,0,0,0,0,0,0,0,0,0,1,0,1,0,0,0,1,0,0,0,1,0,0,0,0,0,1,0,1,0,0,0,0,0,0,0,0,1,0,0,0,0,0,0,0,0,0,None,600,616,16
99,99,99,-0.175889462,-0.448992701,0.124882298,0.071429693,0.259186703,-0.641826903,-0.197117053,0.325733434,-0.263605139,0.027144981,0.37864921,-0.256148154,0,1,0,0,0,0,0,0,0,0,0,0,0,0,0,0,0,1,0,0,0,0,0,1,0,0,1,0,1,0,0,0,0,1,0,0,0,0,0,1,0,0,0,0,0,0,0,1,0,0,1,0,0,0,0,0,0,0,0,0,2,430,477,47
100,100,100,-0.605493579,-0.682488363,-0.070986951,-0.30466059,-0.331371928,-0.588855847,-0.197117053,-0.629015021,-0.263605139,-0.221160016,-0.417741445,-0.28224616,0,1,0,0,0,0,0,0,0,0,0,0,0,0,0,0,0,1,0,0,0,0,0,1,0,1,0,0,0,1,0,0,0,0,0,0,0,1,0,1,0,1,0,0,0,0,0,0,0,0,1,0,0,0,0,0,0,0,0,0,2.1,460,590,130
101,101,101,-0.506354167,-0.59492749,-0.103631826,-0.30466059,-0.162640891,-0.474549883,-0.197117053,-0.629015021,-0.263605139,-0.244117349,-1.811425091,-0.307474232,0,1,0,0,0,0,0,0,0,0,0,0,0,0,0,0,0,1,0,0,0,0,0,1,0,1,0,0,0,1,0,0,0,0,0,0,0,1,0,1,0,1,0,0,0,0,0,0,0,0,1,0,0,0,0,0,0,0,0,0,None,419,569.3333333,150.3333333
102,102,102,-0.506354167,-0.59492749,-0.103631826,-0.30466059,-0.162640891,-0.474549883,-0.197117053,-0.629015021,-0.263605139,-0.244117349,-1.413229764,-0.307474232,0,1,0,0,0,0,0,0,0,0,0,0,0,0,0,0,0,1,0,0,0,0,0,1,0,1,0,0,0,1,0,0,0,0,0,0,0,1,0,1,0,1,0,0,0,0,0,0,0,0,1,0,0,0,0,0,0,0,0,0,None,431,569.3333333,138.3333333
103,103,103,-0.506354167,-0.59492749,-0.103631826,-0.30466059,-0.162640891,-0.474549883,-0.197117053,-0.629015021,-0.263605139,-0.244117349,-1.015034436,-0.307474232,0,1,0,0,0,0,0,0,0,0,0,0,0,0,0,0,0,1,0,0,0,0,0,1,0,1,0,0,0,1,0,0,0,0,0,0,0,1,0,1,0,1,0,0,0,0,0,0,0,0,1,0,0,0,0,0,0,0,0,0,None,446,569.3333333,123.3333333
104,104,104,-0.506354167,-0.59492749,-0.103631826,-0.30466059,-0.162640891,-0.474549883,-0.197117053,-0.629015021,-0.263605139,-0.244117349,-1.015034436,-0.28224616,0,1,0,0,0,0,0,0,0,0,0,0,0,0,0,0,0,1,0,0,0,0,0,1,0,1,0,0,0,1,0,0,0,0,0,0,0,1,0,1,0,1,0,0,0,0,0,0,0,0,1,0,0,0,0,0,0,0,0,0,None,468,576.3333333,108.3333333
105,105,105,-0.506354167,-0.59492749,-0.103631826,-0.30466059,-0.162640891,-0.474549883,-0.197117053,-0.629015021,-0.263605139,-0.244117349,-1.413229764,-0.28224616,0,1,0,0,0,0,0,0,0,0,0,0,0,0,0,0,0,1,0,0,0,0,0,1,0,1,0,0,0,1,0,0,0,0,0,0,0,1,0,1,0,1,0,0,0,0,0,0,0,0,1,0,0,0,0,0,0,0,0,0,None,432,576.3333333,144.3333333
106,106,106,-0.506354167,-0.59492749,-0.103631826,-0.30466059,-0.162640891,-0.474549883,-0.197117053,-0.629015021,-0.263605139,-0.244117349,-1.811425091,-0.28224616,0,1,0,0,0,0,0,0,0,0,0,0,0,0,0,0,0,1,0,0,0,0,0,1,0,1,0,0,0,1,0,0,0,0,0,0,0,1,0,1,0,1,0,0,0,0,0,0,0,0,1,0,0,0,0,0,0,0,0,0,None,412,576.3333333,164.3333333
107,107,107,0.154575243,-0.37675498,4.368716024,-0.30466059,0.71936226,-0.641826903,-0.197117053,-0.629015021,-0.263605139,4.063599092,0.975942201,-0.15175613,0,1,0,0,0,0,0,0,0,0,0,0,0,0,0,0,0,1,0,0,0,0,0,1,0,1,0,0,0,1,0,0,0,1,0,0,0,0,0,1,0,1,0,0,0,0,0,0,0,0,1,0,0,0,0,0,0,0,0,0,4,585,630,45
108,108,108,-0.588970344,1.448159556,-0.397435699,-0.30466059,-0.316032743,-0.641826903,-0.197117053,-0.629015021,-0.263605139,-0.540481378,0.179551546,-0.295295163,0,1,0,0,0,0,0,0,0,0,0,1,0,0,0,0,0,0,0,0,0,0,0,1,0,1,0,0,0,1,0,0,0,1,0,0,0,0,0,1,0,1,0,0,0,0,0,0,0,0,1,0,0,0,0,0,0,0,0,0,4.5,623,646,23
109,109,109,0.154575243,-0.011188334,-0.528015198,-0.30466059,-0.431076632,-0.641826903,5.132344018,0.962232404,-0.263605139,-0.659052218,1.573235192,-0.28224616,0,1,0,0,0,0,0,0,0,0,0,0,0,0,0,0,0,1,0,0,1,0,0,0,0,1,0,1,0,0,0,0,0,1,0,0,0,0,0,0,1,0,0,0,0,0,0,0,1,0,1,0,0,0,0,0,0,0,0,0,None,480,539,59
110,110,110,-0.341121815,-0.448992701,-0.33214595,-0.30466059,-0.431076632,-0.432730628,-0.197117053,-0.629015021,-0.263605139,-0.446255403,-0.855756305,-0.304864431,0,1,0,0,0,0,0,0,0,0,0,0,0,0,0,0,0,1,0,0,0,0,0,1,0,1,0,1,0,0,0,0,0,0,0,0,0,0,1,1,0,1,0,0,0,0,0,0,0,0,1,0,0,0,0,0,0,0,0,0,1.5,445,568,123
111,111,111,0.319807596,0.134746455,-0.33214595,-0.30466059,-0.431076632,-0.432730628,-0.197117053,-0.629015021,-0.263605139,-0.446255403,-0.855756305,-0.280506293,0,1,0,0,0,0,0,0,0,0,0,0,0,0,0,0,0,1,0,0,0,0,0,1,0,1,0,1,0,0,0,0,0,0,0,0,0,0,1,1,0,1,0,0,0,0,0,0,0,0,1,0,0,0,0,0,0,0,0,0,2.5,543,589,46
112,112,112,0.319807596,0.134746455,-0.33214595,-0.30466059,-0.431076632,-0.572128145,-0.197117053,-0.629015021,-0.263605139,-0.467888274,-0.855756305,0.422399998,0,1,0,0,0,0,0,0,0,0,0,0,0,0,0,0,0,1,0,0,0,0,0,1,0,1,0,1,0,0,0,0,0,0,1,0,0,0,0,1,0,1,0,0,0,0,0,0,0,0,1,0,0,0,0,0,0,0,0,0,6.7,622,680,58
114,114,114,-0.299813727,0.441209512,-0.528015198,-0.30466059,-0.431076632,1.449135845,-0.197117053,1.121357146,-0.263605139,-0.355309046,-0.815936773,-0.28224616,0,0,1,0,0,0,0,0,0,0,0,0,0,0,1,0,0,0,0,0,1,0,0,0,0,1,0,1,0,0,0,0,0,0,0,0,0,0,1,1,0,0,0,0,1,0,0,0,0,0,1,0,0,0,0,0,0,0,0,0,3,562,581.3333333,19.33333333
115,115,115,-0.588970344,-0.667894884,-0.33214595,-0.30466059,-0.392728669,-0.6139474,-0.197117053,-0.565365124,-0.263605139,-0.474132164,0.37864921,-0.290945495,0,0,0,1,0,0,0,0,0,0,0,0,0,0,0,0,0,1,0,0,0,0,0,1,0,1,0,0,0,0,0,0,1,0,0,0,1,0,0,1,0,0,0,0,0,0,0,0,0,1,1,0,0,0,0,0,0,0,0,0,None,570,630,60
116,116,116,-0.588970344,-0.667894884,-0.528015198,1.575790827,-0.431076632,-0.641826903,-0.197117053,0.962232404,-0.263605139,-0.351272592,1.175039865,-0.256148154,0,0,0,1,0,0,0,0,0,0,0,0,0,0,0,0,0,1,0,0,1,0,0,0,0,0,1,1,0,0,0,0,0,1,0,0,0,0,0,1,0,0,0,0,0,0,0,1,0,0,1,0,0,0,0,0,0,0,0,0,2.3,423,485,62
117,117,117,0.815504654,2.061085669,-0.528015198,0.184256779,-0.431076632,1.030943295,-0.197117053,2.871729313,-0.263605139,-0.335568263,-0.815936773,-0.306604298,0,0,0,1,0,0,0,0,0,0,0,0,0,0,0,1,0,0,0,0,1,0,0,0,0,0,1,1,0,0,0,0,0,0,0,0,0,0,1,1,0,0,0,0,1,0,0,0,0,0,1,0,0,0,0,0,0,0,0,0,2.2,444,482.3333333,38.33333333
118,118,118,-0.299813727,0.426616033,-0.33214595,-0.30466059,-0.431076632,1.475621373,-0.197117053,1.121357146,-0.263605139,-0.162189945,-0.815936773,-0.28224616,0,0,0,1,0,0,0,0,0,0,0,0,0,0,1,0,0,0,0,0,0,0,0,0,1,1,0,1,0,0,0,0,0,0,0,0,0,0,1,1,0,0,0,0,1,0,0,0,0,0,1,0,0,0,0,0,0,0,0,0,None,575,607,32
119,119,119,-0.299813727,0.664489739,-0.528015198,-0.30466059,-0.431076632,0.389714719,-0.197117053,1.121357146,-0.263605139,-0.513046104,-1.015034436,-0.29964483,0,0,0,1,0,0,0,0,0,0,0,0,0,0,0,1,0,0,0,0,1,0,0,0,0,1,0,1,0,0,0,0,0,0,0,0,0,0,1,1,0,0,0,0,0,1,0,0,0,0,1,0,0,0,0,0,0,0,0,0,7,478,518,40
120,120,120,-0.299813727,0.664489739,-0.528015198,-0.30466059,-0.431076632,0.389714719,-0.197117053,1.121357146,-0.263605139,-0.513046104,-1.015034436,-0.29964483,0,0,0,1,0,0,0,0,0,0,0,0,0,0,0,1,0,0,0,0,1,0,0,0,0,1,0,1,0,0,0,0,0,0,0,0,0,0,1,1,0,0,0,0,1,0,0,0,0,0,1,0,0,0,0,0,0,0,0,0,None,576,628,52
121,121,121,0.055435832,0.266087765,-0.528015198,-0.30466059,-0.431076632,1.477015348,-0.197117053,-0.629015021,-0.263605139,-0.351146453,-0.019546118,-0.307474232,0,0,0,1,0,0,0,0,0,0,0,0,0,0,0,1,0,0,0,0,1,0,0,0,0,1,0,1,0,0,0,0,0,0,0,0,0,0,1,1,0,1,0,0,0,0,0,0,0,0,1,0,0,0,0,0,0,0,0,0,None,571,610,39
122,122,122,0.055435832,0.266087765,-0.528015198,-0.30466059,-0.431076632,1.477015348,-0.197117053,-0.629015021,-0.263605139,-0.351146453,-0.019546118,-0.28224616,0,0,0,1,0,0,0,0,0,0,0,0,0,0,0,1,0,0,0,0,1,0,0,0,0,1,0,1,0,0,0,0,0,0,0,0,0,0,1,1,0,1,0,0,0,0,0,0,0,0,1,0,0,0,0,0,0,0,0,0,None,602,610,8
123,123,123,0.055435832,0.266087765,-0.528015198,-0.30466059,-0.431076632,1.477015348,-0.197117053,0.08704632,-0.263605139,-0.351146453,-0.019546118,-0.307474232,0,0,0,1,0,0,0,0,0,0,0,0,0,0,0,1,0,0,0,0,1,0,0,0,0,1,0,1,0,0,0,0,0,0,0,0,0,0,1,1,0,0,0,0,1,0,0,0,0,0,1,0,0,0,0,0,0,0,0,0,None,537,618.3333333,81.33333333
124,124,124,0.055435832,0.266087765,-0.528015198,-0.30466059,-0.431076632,1.477015348,-0.197117053,0.421208279,-0.263605139,-0.351146453,-0.019546118,-0.307474232,0,0,0,1,0,0,0,0,0,0,0,0,0,0,0,1,0,0,0,0,1,0,0,0,0,1,0,1,0,0,0,0,0,0,0,0,0,0,1,1,0,0,0,0,1,0,0,0,0,0,1,0,0,0,0,0,0,0,0,0,None,532,602.6666667,70.66666667
125,125,125,0.055435832,0.266087765,-0.528015198,-0.30466059,-0.431076632,1.477015348,-0.197117053,0.08704632,-0.263605139,-0.351146453,-0.019546118,-0.28224616,0,0,0,1,0,0,0,0,0,0,0,0,0,0,0,1,0,0,0,0,1,0,0,0,0,1,0,1,0,0,0,0,0,0,0,0,0,0,1,1,0,0,0,0,1,0,0,0,0,0,1,0,0,0,0,0,0,0,0,0,None,572,611.3333333,39.33333333
126,126,126,0.055435832,0.266087765,-0.528015198,-0.30466059,-0.431076632,1.477015348,-0.197117053,0.421208279,-0.263605139,-0.351146453,-0.019546118,-0.28224616,0,0,0,1,0,0,0,0,0,0,0,0,0,0,0,1,0,0,0,0,1,0,0,0,0,1,0,1,0,0,0,0,0,0,0,0,0,0,1,1,0,0,0,0,1,0,0,0,0,0,1,0,0,0,0,0,0,0,0,0,None,575,611.3333333,36.33333333
127,127,127,0.071959067,1.594094345,-0.528015198,-0.30466059,-0.431076632,1.755810381,-0.197117053,2.871729313,-0.263605139,-0.309646659,-0.815936773,-0.303994498,0,0,0,1,0,0,0,0,0,0,0,0,0,0,1,0,0,0,0,0,1,0,0,0,0,1,0,1,0,0,0,0,0,0,0,0,0,0,1,1,0,0,0,0,1,0,0,0,0,0,1,0,0,0,0,0,0,0,0,0,None,515,562.6666667,47.66666667
128,128,128,0.071959067,1.594094345,-0.528015198,-0.30466059,-0.431076632,1.755810381,-0.197117053,2.871729313,-0.263605139,-0.309646659,-0.019546118,-0.303994498,0,0,0,1,0,0,0,0,0,0,0,0,0,0,1,0,0,0,0,0,1,0,0,0,0,1,0,1,0,0,0,0,0,0,0,0,0,0,1,1,0,0,0,0,1,0,0,0,0,0,1,0,0,0,0,0,0,0,0,0,None,552,609,57
129,129,129,0.071959067,1.594094345,-0.528015198,-0.30466059,-0.431076632,1.755810381,-0.197117053,2.871729313,-0.263605139,-0.309646659,-1.2141321,-0.29964483,0,0,0,1,0,0,0,0,0,0,0,0,0,0,1,0,0,0,0,0,1,0,0,0,0,1,0,1,0,0,0,0,0,0,0,0,0,0,1,1,0,0,0,0,1,0,0,0,0,0,1,0,0,0,0,0,0,0,0,0,None,455,533,78
130,130,130,0.071959067,1.594094345,-0.528015198,-0.30466059,-0.431076632,1.755810381,-0.197117053,2.871729313,-0.263605139,-0.309646659,-0.815936773,-0.29964483,0,0,0,1,0,0,0,0,0,0,0,0,0,0,1,0,0,0,0,0,1,0,0,0,0,1,0,1,0,0,0,0,0,0,0,0,0,0,1,1,0,0,0,0,1,0,0,0,0,0,1,0,0,0,0,0,0,0,0,0,None,523,588.3333333,65.33333333
131,131,131,0.071959067,1.594094345,-0.528015198,-0.30466059,-0.431076632,1.755810381,-0.197117053,2.871729313,-0.263605139,-0.309646659,-0.019546118,-0.29964483,0,0,0,1,0,0,0,0,0,0,0,0,0,0,1,0,0,0,0,0,1,0,0,0,0,1,0,1,0,0,0,0,0,0,0,0,0,0,1,1,0,0,0,0,1,0,0,0,0,0,1,0,0,0,0,0,0,0,0,0,None,569,609,40
132,132,132,0.071959067,1.594094345,-0.528015198,-0.30466059,-0.431076632,1.755810381,-0.197117053,2.871729313,-0.263605139,-0.309646659,-1.2141321,-0.290945495,0,0,0,1,0,0,0,0,0,0,0,0,0,0,1,0,0,0,0,0,1,0,0,0,0,1,0,1,0,0,0,0,0,0,0,0,0,0,1,1,0,0,0,0,1,0,0,0,0,0,1,0,0,0,0,0,0,0,0,0,None,468,533,65
133,133,133,0.071959067,1.594094345,-0.528015198,-0.30466059,-0.431076632,1.755810381,-0.197117053,2.871729313,-0.263605139,-0.309646659,-0.815936773,-0.290945495,0,0,0,1,0,0,0,0,0,0,0,0,0,0,1,0,0,0,0,0,1,0,0,0,0,1,0,1,0,0,0,0,0,0,0,0,0,0,1,1,0,0,0,0,1,0,0,0,0,0,1,0,0,0,0,0,0,0,0,0,None,544,607,63
134,134,134,0.071959067,1.594094345,-0.528015198,-0.30466059,-0.431076632,1.755810381,-0.197117053,2.871729313,-0.263605139,-0.309646659,-0.019546118,-0.290945495,0,0,0,1,0,0,0,0,0,0,0,0,0,0,1,0,0,0,0,0,1,0,0,0,0,1,0,1,0,0,0,0,0,0,0,0,0,0,1,1,0,0,0,0,1,0,0,0,0,0,1,0,0,0,0,0,0,0,0,0,None,592,602,10
135,135,135,0.071959067,1.594094345,-0.528015198,-0.30466059,-0.431076632,1.755810381,-0.197117053,2.871729313,-0.263605139,-0.309646659,-1.612327427,-0.28224616,0,0,0,1,0,0,0,0,0,0,0,0,0,0,1,0,0,0,0,0,1,0,0,0,0,1,0,1,0,0,0,0,0,0,0,0,0,0,1,1,0,0,0,0,1,0,0,0,0,0,1,0,0,0,0,0,0,0,0,0,None,440,533,93
136,136,136,0.071959067,1.594094345,-0.528015198,-0.30466059,-0.431076632,1.755810381,-0.197117053,2.871729313,-0.263605139,-0.309646659,-1.612327427,-0.28224616,0,0,0,1,0,0,0,0,0,0,0,0,0,0,1,0,0,0,0,0,1,0,0,0,0,1,0,1,0,0,0,0,0,0,0,0,0,0,1,1,0,0,0,0,1,0,0,0,0,0,1,0,0,0,0,0,0,0,0,0,None,410,533,123
137,137,137,0.071959067,1.594094345,-0.528015198,-0.30466059,-0.431076632,1.755810381,-0.197117053,2.871729313,-0.263605139,-0.309646659,-1.2141321,-0.28224616,0,0,0,1,0,0,0,0,0,0,0,0,0,0,1,0,0,0,0,0,1,0,0,0,0,1,0,1,0,0,0,0,0,0,0,0,0,0,1,1,0,0,0,0,1,0,0,0,0,0,1,0,0,0,0,0,0,0,0,0,None,492,558.3333333,66.33333333
138,138,138,0.071959067,1.594094345,-0.528015198,-0.30466059,-0.431076632,1.755810381,-0.197117053,2.871729313,-0.263605139,-0.309646659,-0.815936773,-0.28224616,0,0,0,1,0,0,0,0,0,0,0,0,0,0,1,0,0,0,0,0,1,0,0,0,0,1,0,1,0,0,0,0,0,0,0,0,0,0,1,1,0,0,0,0,1,0,0,0,0,0,1,0,0,0,0,0,0,0,0,0,None,550,607,57
139,139,139,0.071959067,1.594094345,-0.528015198,-0.30466059,-0.431076632,1.755810381,-0.197117053,2.871729313,-0.263605139,-0.309646659,-0.019546118,-0.28224616,0,0,0,1,0,0,0,0,0,0,0,0,0,0,1,0,0,0,0,0,1,0,0,0,0,1,0,1,0,0,0,0,0,0,0,0,0,0,1,1,0,0,0,0,1,0,0,0,0,0,1,0,0,0,0,0,0,0,0,0,None,600,646,46
140,140,140,0.823766271,1.265741069,-0.20156645,-0.30466059,-0.431076632,3.121906043,-0.197117053,-0.629015021,-0.263605139,0.039632761,-0.815936773,0.944360116,0,0,0,1,0,0,0,0,0,0,0,0,0,0,0,1,0,0,0,0,0,0,0,0,1,1,0,1,0,0,0,0,0,0,0,1,0,0,0,1,0,1,0,0,0,0,0,0,0,0,1,0,0,0,0,0,0,0,0,0,2.3,512,577,65
141,141,141,0.823766271,1.265741069,-0.20156645,-0.30466059,-0.431076632,3.121906043,-0.197117053,-0.629015021,-0.263605139,0.039632761,-0.815936773,0.944360116,0,0,0,1,0,0,0,0,0,0,0,0,0,0,0,1,0,0,0,0,0,0,0,0,1,1,0,1,0,0,0,0,0,0,0,1,0,0,0,1,0,1,0,0,0,0,0,0,0,0,1,0,0,0,0,0,0,0,0,0,3.2,499,590,91
142,142,142,-0.258505638,1.265741069,-0.528015198,-0.30466059,-0.431076632,0.215467823,-0.197117053,0.564420548,0.108693959,-0.538967708,-0.815936773,-0.28224616,0,0,0,1,0,0,0,0,0,0,0,0,0,0,0,1,0,0,0,0,1,0,0,0,0,1,0,1,0,0,0,0,0,0,0,0,0,0,1,1,0,0,0,0,1,0,0,0,0,0,0,0,0,0,0,0,0,0,0,1,3,490,560,70
143,143,143,0.071959067,0.280681244,-0.528015198,-0.30466059,-0.431076632,1.477015348,-0.197117053,0.08704632,-0.263605139,-0.351146453,-0.019546118,-0.307909199,0,0,0,1,0,0,0,0,0,0,0,0,0,0,0,1,0,0,0,0,1,0,0,0,0,1,0,1,0,0,0,0,0,0,0,0,0,0,1,1,0,0,0,0,1,0,0,0,0,0,1,0,0,0,0,0,0,0,0,0,2.1,534.6666667,618.3333333,83.66666667
144,144,144,0.071959067,0.280681244,-0.528015198,-0.30466059,-0.431076632,1.477015348,-0.197117053,0.08704632,-0.263605139,-0.351146453,-0.019546118,-0.29964483,0,0,0,1,0,0,0,0,0,0,0,0,0,0,0,1,0,0,0,0,1,0,0,0,0,1,0,1,0,0,0,0,0,0,0,0,0,0,1,1,0,0,0,0,1,0,0,0,0,0,1,0,0,0,0,0,0,0,0,0,3,534.6666667,618.3333333,83.66666667
145,145,145,7.590031113,6.555877169,2.736472283,7.217145079,-0.431076632,-0.641826903,-0.197117053,-0.629015021,-0.263605139,3.748251115,-1.811425091,2.197064397,0,0,0,1,0,0,0,0,0,0,0,0,0,1,0,0,0,0,0,1,0,0,0,0,0,0,1,1,0,0,0,0,0,1,0,0,0,0,0,1,0,1,0,0,0,0,0,0,0,0,1,0,0,0,0,0,0,0,0,0,5,587,614.6666667,27.66666667
146,146,146,7.590031113,7.504453297,5.348062268,-0.30466059,-0.431076632,-0.641826903,-0.197117053,-0.629015021,-0.263605139,5.009643024,-1.2141321,-0.203952142,0,0,0,1,0,0,0,0,0,0,0,0,0,1,0,0,0,0,0,0,0,1,0,0,0,1,0,1,0,0,0,0,0,1,0,0,0,0,0,1,0,1,0,0,0,0,0,0,0,0,1,0,0,0,0,0,0,0,0,0,None,465,550,85
147,147,147,-0.299813727,0.441209512,-0.528015198,-0.30466059,-0.431076632,1.449135845,-0.197117053,1.121357146,-0.263605139,-0.355309046,-0.815936773,-0.28224616,0,0,0,1,0,0,0,0,0,0,0,0,0,0,1,0,0,0,0,0,1,0,0,0,0,1,0,1,0,0,0,0,0,0,0,0,0,0,1,1,0,0,0,0,1,0,0,0,0,0,1,0,0,0,0,0,0,0,0,0,3.2,570,607,37
148,148,148,-0.299813727,-0.740862279,-0.528015198,-0.30466059,-0.431076632,1.449135845,-0.197117053,-0.629015021,-0.263605139,-0.355309046,-0.815936773,-0.305734365,0,0,0,1,0,0,0,0,0,0,0,0,0,0,1,0,0,0,0,0,1,0,0,0,0,1,0,1,0,0,0,0,0,0,0,0,0,0,1,1,0,1,0,0,0,0,0,0,0,0,1,0,0,0,0,0,0,0,0,0,None,490,576.6666667,86.66666667
149,149,149,-0.299813727,-0.740862279,-0.528015198,-0.30466059,-0.431076632,1.449135845,-0.197117053,-0.629015021,-0.263605139,-0.355309046,-0.815936773,-0.203952142,0,0,0,1,0,0,0,0,0,0,0,0,0,0,1,0,0,0,0,0,1,0,0,0,0,1,0,1,0,0,0,0,0,0,0,0,0,0,1,1,0,1,0,0,0,0,0,0,0,0,1,0,0,0,0,0,0,0,0,0,2.5,550,613.3333333,63.33333333
150,150,150,-0.423737991,0.134746455,-0.528015198,-0.30466059,-0.431076632,-0.042417582,-0.197117053,-0.390327907,5.842100074,-0.351272592,-0.019546118,-0.307909199,0,0,0,1,0,0,0,0,0,0,0,0,0,0,0,1,0,0,0,0,1,0,0,0,0,1,0,1,0,0,0,0,0,0,0,0,0,0,1,1,0,0,0,0,1,0,0,0,0,0,0,0,0,0,0,0,1,0,0,0,3.6,492,568,76
151,151,151,-0.423737991,0.134746455,-0.528015198,-0.30466059,-0.431076632,-0.042417582,-0.197117053,-0.390327907,5.842100074,-0.351272592,-0.019546118,-0.307909199,0,0,0,1,0,0,0,0,0,0,0,0,0,0,0,1,0,0,0,0,1,0,0,0,0,1,0,1,0,0,0,0,0,0,0,0,0,0,1,1,0,0,0,0,1,0,0,0,0,0,0,0,0,0,0,0,1,0,0,0,4.6,611,653,42
152,152,152,-0.423737991,-0.412509003,-0.528015198,-0.30466059,-0.431076632,-0.075872986,-0.197117053,0.540551836,-0.263605139,-0.58235959,-1.413229764,-0.28224616,0,0,0,1,0,0,0,0,0,0,0,0,0,0,0,0,0,0,1,0,1,0,0,0,0,1,0,1,0,0,0,0,0,0,0,0,0,0,1,1,0,0,0,0,1,0,0,0,0,0,1,0,0,0,0,0,0,0,0,0,None,492,529,37
153,153,153,-0.423737991,-0.412509003,-0.528015198,-0.30466059,-0.431076632,-0.075872986,-0.197117053,0.540551836,-0.263605139,-0.58235959,-0.815936773,-0.28224616,0,0,0,1,0,0,0,0,0,0,0,0,0,0,0,0,0,0,1,0,1,0,0,0,0,1,0,1,0,0,0,0,0,0,0,0,0,0,1,1,0,0,0,0,1,0,0,0,0,0,1,0,0,0,0,0,0,0,0,0,None,522,555,33
154,154,154,-0.423737991,-0.412509003,-0.528015198,-0.30466059,-0.431076632,-0.53030889,-0.197117053,0.540551836,-0.263605139,-0.649970196,-0.815936773,-0.28224616,0,0,0,1,0,0,0,0,0,0,0,0,0,0,0,0,0,0,1,0,1,0,0,0,0,1,0,1,0,0,0,0,0,0,0,0,0,0,1,1,0,0,0,0,1,0,0,0,0,0,1,0,0,0,0,0,0,0,0,0,None,560,595,35
155,155,155,-0.423737991,-0.412509003,-0.528015198,-0.30466059,-0.431076632,-0.53030889,-0.197117053,0.540551836,-0.263605139,-0.649970196,-0.218643781,-0.28224616,0,0,0,1,0,0,0,0,0,0,0,0,0,0,0,0,0,0,1,0,1,0,0,0,0,1,0,1,0,0,0,0,0,0,0,0,0,0,1,1,0,0,0,0,1,0,0,0,0,0,1,0,0,0,0,0,0,0,0,0,None,590,635,45
156,156,156,-0.485700123,-0.157123123,-0.528015198,-0.30466059,-0.431076632,0.403654471,-0.197117053,0.246171063,-0.263605139,-0.510964808,-0.815936773,-0.28224616,0,0,0,1,0,0,0,0,0,0,0,0,0,0,1,0,0,0,0,0,1,0,0,0,0,1,0,1,0,0,0,0,0,0,0,0,0,0,1,1,0,0,0,0,1,0,0,0,0,0,1,0,0,0,0,0,0,0,0,0,3.2,560,618,58
157,157,157,-0.481569315,-0.157123123,-0.528015198,-0.30466059,-0.431076632,0.403654471,-0.197117053,0.246171063,-0.263605139,-0.510964808,-0.815936773,-0.290945495,0,0,0,1,0,0,0,0,0,0,0,0,0,0,1,0,0,0,0,0,1,0,0,0,0,1,0,1,0,0,0,0,0,0,0,0,0,0,1,1,0,0,0,0,1,0,0,0,0,0,1,0,0,0,0,0,0,0,0,0,2.9,573,618,45
158,158,158,-0.299813727,0.266087765,-0.528015198,-0.30466059,-0.431076632,1.177310687,-0.197117053,1.121357146,-0.263605139,-0.613011413,-0.815936773,-0.303994498,0,0,0,1,0,0,0,0,0,0,0,0,0,0,0,1,0,0,0,0,1,0,0,0,0,1,0,1,0,0,0,0,0,0,0,1,0,0,0,1,0,0,0,0,1,0,0,0,0,0,1,0,0,0,0,0,0,0,0,0,3.2,550,628,78
159,159,159,-0.481569315,-0.157123123,-0.528015198,-0.30466059,-0.431076632,0.403654471,-0.197117053,0.246171063,-0.263605139,-0.510964808,-0.815936773,-0.290945495,0,0,0,1,0,0,0,0,0,0,0,0,0,0,1,0,0,0,0,0,1,0,0,0,0,1,0,1,0,0,0,0,0,0,0,0,0,0,1,1,0,0,0,0,1,0,0,0,0,0,1,0,0,0,0,0,0,0,0,0,3.2,573,618,45
160,160,160,-0.299813727,0.667408435,-0.528015198,-0.30466059,-0.431076632,1.477015348,-0.197117053,1.121357146,0.071464049,-0.351146453,-0.417741445,-0.256148154,0,0,0,1,0,0,0,0,0,0,0,0,0,0,0,1,0,0,0,0,1,0,0,0,0,1,0,1,0,0,0,0,0,0,0,0,0,0,1,1,0,0,0,0,1,0,0,0,0,0,0,0,1,0,0,0,0,0,0,0,2,420,530.6666667,110.6666667
161,161,161,-0.299813727,0.667408435,-0.528015198,-0.30466059,-0.431076632,1.477015348,-0.197117053,1.121357146,-0.263605139,-0.351146453,-0.417741445,-0.256148154,0,0,0,1,0,0,0,0,0,0,0,0,0,0,0,1,0,0,0,0,1,0,0,0,0,1,0,1,0,0,0,0,0,0,0,0,0,0,1,1,0,0,0,0,1,0,0,0,0,0,1,0,0,0,0,0,0,0,0,0,4.3,590,625,35
162,162,162,-0.481569315,-0.157123123,-0.528015198,-0.30466059,-0.431076632,0.403654471,-0.197117053,0.246171063,-0.263605139,-0.510964808,-0.815936773,-0.290945495,0,0,0,1,0,0,0,0,0,0,0,0,0,0,1,0,0,0,0,0,1,0,0,0,0,1,0,1,0,0,0,0,0,0,0,0,0,0,1,1,0,0,0,0,1,0,0,0,0,0,1,0,0,0,0,0,0,0,0,0,3.2,573,618,45
163,163,163,-0.423737991,-0.521960095,0.059592548,-0.30466059,-0.300693558,-0.555400443,-0.197117053,-0.390327907,-0.263605139,-0.086128012,-0.218643781,-0.290945495,0,0,0,1,0,0,0,0,0,0,0,0,0,0,0,0,0,1,0,0,0,0,0,1,0,1,0,0,0,0,1,0,0,0,0,0,0,0,1,1,0,0,0,0,0,0,0,0,0,1,1,0,0,0,0,0,0,0,0,0,1.95,595,620,25
164,164,164,-0.299813727,1.068729104,-0.528015198,-0.30466059,-0.431076632,0.215467823,-0.197117053,1.121357146,-0.263605139,-0.538967708,-0.417741445,-0.290945495,0,0,0,1,0,0,0,0,0,0,0,0,0,0,0,1,0,0,0,0,1,0,0,0,0,1,0,1,0,0,0,0,0,0,0,0,0,0,1,1,0,0,0,0,1,0,0,0,0,0,1,0,0,0,0,0,0,0,0,0,2.6,553,592,39
165,165,165,-0.299813727,0.426616033,-0.528015198,-0.30466059,-0.431076632,0.215467823,-0.197117053,1.121357146,-0.263605139,-0.538967708,-0.815936773,-0.28224616,0,0,0,1,0,0,0,0,0,0,0,0,0,0,0,1,0,0,0,0,1,0,0,0,0,1,0,1,0,0,0,0,0,0,0,0,0,0,1,1,0,0,0,0,1,0,0,0,0,0,1,0,0,0,0,0,0,0,0,0,2.48,568.3333333,624.6666667,56.33333333
166,166,166,-0.423737991,-0.682488363,-0.528015198,-0.30466059,-0.431076632,1.477015348,-0.197117053,1.121357146,-0.263605139,-0.351146453,-0.815936773,-0.295295163,0,0,0,1,0,0,0,0,0,0,0,0,0,0,0,1,0,0,0,0,1,0,0,0,0,1,0,1,0,0,0,0,0,0,0,0,0,0,1,1,0,0,0,0,1,0,0,0,0,0,1,0,0,0,0,0,0,0,0,0,2.6,547,617,70
167,167,167,-0.423737991,-0.682488363,-0.528015198,-0.30466059,-0.431076632,1.477015348,-0.197117053,1.121357146,-0.263605139,-0.351146453,-0.815936773,-0.307474232,0,0,0,1,0,0,0,0,0,0,0,0,0,0,0,1,0,0,0,0,1,0,0,0,0,1,0,1,0,0,0,0,0,0,0,0,0,0,1,1,0,0,0,0,1,0,0,0,0,0,1,0,0,0,0,0,0,0,0,0,None,461,515.3333333,54.33333333
168,168,168,-0.423737991,-0.682488363,-0.528015198,-0.30466059,-0.431076632,1.477015348,-0.197117053,1.121357146,-0.263605139,-0.351146453,-0.815936773,-0.305734365,0,0,0,1,0,0,0,0,0,0,0,0,0,0,0,1,0,0,0,0,1,0,0,0,0,1,0,1,0,0,0,0,0,0,0,0,0,0,1,1,0,0,0,0,1,0,0,0,0,0,1,0,0,0,0,0,0,0,0,0,None,496,523.3333333,27.33333333
169,169,169,-0.423737991,-0.682488363,-0.528015198,-0.30466059,-0.431076632,1.477015348,-0.197117053,1.121357146,0.629912697,-0.351146453,-0.815936773,-0.295295163,0,0,0,1,0,0,0,0,0,0,0,0,0,0,0,1,0,0,0,0,1,0,0,0,0,1,0,1,0,0,0,0,0,0,0,0,0,0,1,1,0,0,0,0,1,0,0,0,0,0,0,0,0,0,0,0,0,0,1,0,1.75,481,517.6666667,36.66666667
170,170,170,-0.423737991,-0.682488363,-0.528015198,-0.30466059,-0.431076632,1.477015348,-0.197117053,1.121357146,0.629912697,-0.351146453,-0.815936773,-0.307474232,0,0,0,1,0,0,0,0,0,0,0,0,0,0,0,1,0,0,0,0,1,0,0,0,0,1,0,1,0,0,0,0,0,0,0,0,0,0,1,1,0,0,0,0,1,0,0,0,0,0,0,0,0,0,0,0,0,0,1,0,None,438,515.3333333,77.33333333
171,171,171,-0.423737991,-0.682488363,-0.528015198,-0.30466059,-0.431076632,1.477015348,-0.197117053,1.121357146,0.629912697,-0.351146453,-0.815936773,-0.305734365,0,0,0,1,0,0,0,0,0,0,0,0,0,0,0,1,0,0,0,0,1,0,0,0,0,1,0,1,0,0,0,0,0,0,0,0,0,0,1,1,0,0,0,0,1,0,0,0,0,0,0,0,0,0,0,0,0,0,1,0,None,460,515.3333333,55.33333333
172,172,172,-0.258505638,-0.303057912,0.451331046,-0.203868394,-0.431076632,-0.502429387,-0.197117053,-0.231203165,-0.263605139,0.317138981,0.179551546,-0.29964483,0,0,0,1,0,0,0,0,0,0,0,0,0,0,0,0,0,1,0,0,0,0,0,1,0,0,1,1,0,0,0,0,0,0,0,0,0,0,1,1,0,0,0,0,0,0,0,0,0,1,1,0,0,0,0,0,0,0,0,0,None,462,522,60
173,173,173,-0.258505638,-0.448992701,0.451331046,-0.30466059,-0.431076632,-0.502429387,-0.197117053,-0.231203165,-0.263605139,0.30023633,0.179551546,-0.299209863,0,0,0,1,0,0,0,0,0,0,0,0,0,0,0,0,0,1,0,0,0,0,0,1,0,1,0,1,0,0,0,0,0,0,0,0,0,0,1,1,0,0,0,0,0,0,0,0,0,1,1,0,0,0,0,0,0,0,0,0,None,463,572,109
174,174,174,-0.258505638,-0.303057912,0.451331046,-0.203116213,-0.431076632,-0.502429387,-0.197117053,-0.231203165,-0.263605139,0.31726512,0.179551546,-0.273546824,0,0,0,1,0,0,0,0,0,0,0,0,0,0,0,0,0,1,0,0,0,0,0,1,0,0,1,1,0,0,0,0,0,0,0,0,0,0,1,1,0,0,0,0,0,0,0,0,0,1,1,0,0,0,0,0,0,0,0,0,None,505,574,69
175,175,175,-0.258505638,-0.448992701,0.451331046,-0.30466059,-0.431076632,-0.502429387,-0.197117053,-0.231203165,-0.263605139,0.30023633,0.179551546,-0.273546824,0,0,0,1,0,0,0,0,0,0,0,0,0,0,0,0,0,1,0,0,0,0,0,1,0,1,0,1,0,0,0,0,0,0,0,0,0,0,1,1,0,0,0,0,0,0,0,0,0,1,1,0,0,0,0,0,0,0,0,0,None,476,591,115
176,176,176,-0.299813727,0.426616033,-0.528015198,-0.30466059,-0.431076632,3.958291142,-0.197117053,1.121357146,-0.263605139,0.018189099,-1.413229764,-0.28224616,0,0,0,1,0,0,0,0,0,0,0,0,0,0,1,0,0,0,0,0,1,0,0,0,0,1,0,1,0,0,0,0,0,0,0,0,0,0,1,1,0,0,0,0,0,1,0,0,0,0,1,0,0,0,0,0,0,0,0,0,None,428,502,74
177,177,177,-0.299813727,0.426616033,-0.528015198,-0.30466059,-0.431076632,1.449135845,-0.197117053,1.121357146,-0.263605139,-0.355309046,-0.815936773,-0.28224616,0,0,0,1,0,0,0,0,0,0,0,0,0,0,1,0,0,0,0,0,1,0,0,0,0,1,0,1,0,0,0,0,0,0,0,0,0,0,1,1,0,0,0,0,0,1,0,0,0,0,1,0,0,0,0,0,0,0,0,0,None,423,507,84
178,178,178,-0.299813727,0.426616033,-0.528015198,-0.30466059,-0.431076632,1.449135845,-0.197117053,1.121357146,-0.263605139,-0.355309046,-0.815936773,-0.28224616,0,0,0,1,0,0,0,0,0,0,0,0,0,0,1,0,0,0,0,0,1,0,0,0,0,1,0,1,0,0,0,0,0,0,0,0,0,0,1,1,0,0,0,1,0,0,0,0,0,0,1,0,0,0,0,0,0,0,0,0,None,473,531,58
179,179,179,-0.299813727,0.426616033,-0.528015198,-0.30466059,-0.431076632,3.958291142,-0.197117053,1.121357146,-0.263605139,0.018189099,-1.413229764,-0.28224616,0,0,0,1,0,0,0,0,0,0,0,0,0,0,1,0,0,0,0,0,1,0,0,0,0,1,0,1,0,0,0,0,0,0,0,0,0,0,1,1,0,0,0,1,0,0,0,0,0,0,1,0,0,0,0,0,0,0,0,0,None,478,538,60
180,180,180,-0.299813727,0.426616033,-0.528015198,-0.30466059,-0.431076632,3.958291142,-0.197117053,1.121357146,-0.263605139,0.018189099,-1.413229764,-0.28224616,0,0,0,1,0,0,0,0,0,0,0,0,0,0,1,0,0,0,0,0,1,0,0,0,0,1,0,1,0,0,0,0,0,0,0,0,0,0,1,1,0,0,0,0,1,0,0,0,0,0,1,0,0,0,0,0,0,0,0,0,None,568,606,38
181,181,181,-0.299813727,0.426616033,-0.528015198,-0.30466059,-0.431076632,1.449135845,-0.197117053,1.121357146,-0.263605139,-0.355309046,-0.815936773,-0.28224616,0,0,0,1,0,0,0,0,0,0,0,0,0,0,1,0,0,0,0,0,1,0,0,0,0,1,0,1,0,0,0,0,0,0,0,0,0,0,1,1,0,0,0,0,1,0,0,0,0,0,1,0,0,0,0,0,0,0,0,0,None,570,607,37
182,182,182,-0.299813727,0.426616033,0.190172047,-0.30466059,-0.258510798,0.612750746,-0.197117053,1.121357146,-0.263605139,0.213957123,-1.413229764,-0.28224616,0,0,0,1,0,0,0,0,0,0,0,0,0,0,1,0,0,0,0,0,0,0,0,1,0,1,0,0,0,1,0,0,0,0,0,0,0,0,1,1,0,0,0,0,0,1,0,0,0,0,1,0,0,0,0,0,0,0,0,0,None,405,470,65
183,183,183,-0.299813727,0.426616033,0.190172047,-0.30466059,0.086620869,0.612750746,-0.197117053,1.121357146,-0.263605139,0.213957123,-1.413229764,-0.28224616,0,0,0,1,0,0,0,0,0,0,0,0,0,0,1,0,0,0,0,0,0,0,0,1,0,1,0,0,0,1,0,0,0,0,0,0,0,0,1,1,0,0,0,0,0,1,0,0,0,0,1,0,0,0,0,0,0,0,0,0,None,416,475,59
184,184,184,-0.299813727,0.426616033,0.190172047,-0.30466059,0.086620869,0.612750746,-0.197117053,1.121357146,-0.263605139,0.213957123,-1.413229764,-0.28224616,0,0,0,1,0,0,0,0,0,0,0,0,0,0,1,0,0,0,0,0,0,0,0,1,0,1,0,0,0,1,0,0,0,0,0,0,0,0,1,1,0,0,0,1,0,0,0,0,0,0,1,0,0,0,0,0,0,0,0,0,None,448,501,53
185,185,185,-0.299813727,0.426616033,0.190172047,-0.30466059,-0.258510798,0.612750746,-0.197117053,1.121357146,-0.263605139,0.213957123,-1.413229764,-0.28224616,0,0,0,1,0,0,0,0,0,0,0,0,0,0,1,0,0,0,0,0,0,0,0,1,0,1,0,0,0,1,0,0,0,0,0,0,0,0,1,1,0,0,0,1,0,0,0,0,0,0,1,0,0,0,0,0,0,0,0,0,None,439,502,63
186,186,186,-0.299813727,0.426616033,0.190172047,-0.30466059,-0.258510798,0.612750746,-0.197117053,1.121357146,-0.263605139,0.213957123,-1.413229764,-0.28224616,0,0,0,1,0,0,0,0,0,0,0,0,0,0,1,0,0,0,0,0,0,0,0,1,0,1,0,0,0,1,0,0,0,0,0,0,0,0,1,1,0,0,0,0,1,0,0,0,0,0,1,0,0,0,0,0,0,0,0,0,None,515,551,36
187,187,187,-0.299813727,0.426616033,0.190172047,-0.30466059,0.086620869,0.612750746,-0.197117053,1.121357146,-0.263605139,0.213957123,-1.413229764,-0.28224616,0,0,0,1,0,0,0,0,0,0,0,0,0,0,1,0,0,0,0,0,0,0,0,1,0,1,0,0,0,1,0,0,0,0,0,0,0,0,1,1,0,0,0,0,1,0,0,0,0,0,1,0,0,0,0,0,0,0,0,0,None,508,555,47
188,188,188,-0.506354167,-0.59492749,-0.103631826,-0.30466059,-0.162640891,-0.474549883,-0.197117053,-0.629015021,0.183153779,-0.244117349,-1.811425091,-0.28224616,0,0,0,1,0,0,0,0,0,0,0,0,0,0,0,0,0,1,0,0,0,0,0,1,0,1,0,0,0,1,0,0,0,0,0,0,0,1,0,1,0,1,0,0,0,0,0,0,0,0,0,1,0,0,0,0,0,0,0,0,None,408,576.3333333,168.3333333
189,189,189,-0.506354167,-0.59492749,-0.103631826,-0.30466059,-0.162640891,-0.474549883,-0.197117053,-0.629015021,-0.263605139,-0.244117349,-1.811425091,-0.28224616,0,0,0,1,0,0,0,0,0,0,0,0,0,0,0,0,0,1,0,0,0,0,0,1,0,1,0,0,0,1,0,0,0,0,0,0,0,1,0,1,0,1,0,0,0,0,0,0,0,0,1,0,0,0,0,0,0,0,0,0,None,502,576.3333333,74.33333333
190,190,190,-0.588970344,-0.59492749,-0.136276701,-0.30466059,-0.427241836,-0.6139474,-0.197117053,-0.621058784,-0.263605139,-0.284923377,0.179551546,-0.290945495,0,0,0,1,0,0,0,0,0,0,0,0,0,0,0,0,0,1,0,0,0,0,0,1,0,1,0,0,0,0,0,0,1,0,0,0,1,0,0,1,0,0,0,0,0,0,0,0,0,1,1,0,0,0,0,0,0,0,0,0,3.2,555,645,90
191,191,191,1.195539065,0.718485611,-0.528015198,2.704061678,-0.431076632,-0.641826903,-0.197117053,-0.629015021,0.354411364,-0.109716041,0.975942201,0.683380057,0,0,0,1,0,0,0,0,0,0,0,0,0,0,0,0,0,1,0,0,1,0,0,0,0,0,1,1,0,0,0,0,0,1,0,0,0,0,0,1,0,1,0,0,0,0,0,0,0,0,0,0,0,0,0,0,0,1,0,0,5,633,653,20
192,192,192,-0.299813727,0.441209512,-0.528015198,-0.30466059,-0.431076632,1.449135845,-0.197117053,1.121357146,-0.263605139,-0.355309046,-0.815936773,-0.28224616,0,0,0,0,1,0,0,0,0,0,0,0,0,0,1,0,0,0,0,0,1,0,0,0,0,1,0,1,0,0,0,0,0,0,0,0,0,0,1,1,0,0,0,0,1,0,0,0,0,0,1,0,0,0,0,0,0,0,0,0,2.8,509,530.3333333,21.33333333
193,193,193,-0.299813727,-0.011188334,-0.528015198,-0.30466059,-0.431076632,-0.126056092,-0.197117053,0.246171063,-0.263605139,-0.589801802,-0.815936773,-0.305734365,0,0,0,0,1,0,0,0,0,0,0,0,0,0,0,1,0,0,0,0,1,0,0,0,0,1,0,1,0,0,0,0,0,0,0,0,0,0,1,1,0,0,0,0,1,0,0,0,0,0,1,0,0,0,0,0,0,0,0,0,1.7,480,532.3333333,52.33333333
194,194,194,-0.423737991,-0.522689769,-0.528015198,-0.30466059,-0.431076632,-0.075872986,-0.197117053,0.540551836,-0.263605139,-0.58235959,-0.815936773,-0.28224616,0,0,0,0,1,0,0,0,0,0,0,0,0,0,0,0,0,0,1,0,1,0,0,0,0,1,0,1,0,0,0,0,0,0,0,0,0,0,1,1,0,0,0,0,0,1,0,0,0,0,1,0,0,0,0,0,0,0,0,0,None,430,482,52
195,195,195,0.071959067,0.20771385,-0.528015198,-0.30466059,-0.431076632,0.194558196,-0.197117053,1.121357146,-0.263605139,-0.542058118,-0.815936773,-0.306604298,0,0,0,0,1,0,0,0,0,0,0,0,0,0,0,1,0,0,0,0,1,0,0,0,0,1,0,1,0,0,0,0,0,0,0,0,0,0,1,1,0,0,0,0,1,0,0,0,0,0,1,0,0,0,0,0,0,0,0,0,None,485,533,48
196,196,196,-0.423737991,-0.259277475,-0.528015198,-0.30466059,-0.431076632,0.194558196,-0.197117053,-0.048209711,-0.263605139,-0.542058118,-0.815936773,-0.306604298,0,0,0,0,1,0,0,0,0,0,0,0,0,0,0,1,0,0,0,0,1,0,0,0,0,1,0,1,0,0,0,0,0,0,0,0,0,0,1,1,0,0,0,0,1,0,0,0,0,0,1,0,0,0,0,0,0,0,0,0,None,505,530,25
197,197,197,-0.588970344,-0.667894884,0.026947673,-0.30466059,-0.431076632,-0.641826903,-0.197117053,-0.549452649,-0.263605139,-0.130529008,1.573235192,-0.290945495,0,0,0,0,0,1,0,0,0,0,0,0,0,0,0,0,0,1,0,0,0,0,0,1,0,1,0,1,0,0,0,0,0,1,0,0,0,0,0,1,0,0,0,0,0,0,0,0,1,0,1,0,0,0,0,0,0,0,0,0,None,500,550,50
198,198,198,0.980737006,-0.631411187,-0.20156645,0.071429693,-0.431076632,-0.641826903,-0.197117053,-0.629015021,-0.263605139,-0.288202996,1.573235192,-0.28224616,0,0,0,0,0,1,0,0,0,0,0,0,0,0,0,0,0,1,0,0,0,0,0,1,0,0,1,1,0,0,0,0,0,1,0,0,0,0,0,1,0,1,0,0,0,0,0,0,0,0,1,0,0,0,0,0,0,0,0,0,3,547,590,43
199,199,199,-0.423737991,-0.631411187,-0.2668562,0.071429693,-0.431076632,-0.641826903,-0.197117053,-0.629015021,-0.263605139,-0.351272592,-0.218643781,-0.290945495,0,0,0,0,0,1,0,0,0,0,0,0,0,0,0,0,0,1,0,0,0,0,0,1,0,0,1,1,0,0,0,0,0,1,0,0,0,0,0,1,0,1,0,0,0,0,0,0,0,0,1,0,0,0,0,0,0,0,0,0,2.7,551,612,61
200,200,200,-0.423737991,-0.631411187,-0.2668562,0.071429693,-0.431076632,-0.641826903,-0.197117053,-0.629015021,-0.263605139,-0.351272592,-0.218643781,-0.290945495,0,0,0,0,0,1,0,0,0,0,0,0,0,0,0,0,1,0,0,0,0,0,0,1,0,0,1,1,0,0,0,0,0,1,0,0,0,0,0,1,0,1,0,0,0,0,0,0,0,0,1,0,0,0,0,0,0,0,0,0,3.6,578,641,63
201,201,201,-0.423737991,-0.631411187,-0.2668562,0.071429693,-0.431076632,-0.641826903,-0.197117053,-0.629015021,-0.263605139,-0.351272592,-0.218643781,-0.29964483,0,0,0,0,0,1,0,0,0,0,0,0,0,0,0,0,0,1,0,0,0,0,0,1,0,0,1,1,0,0,0,0,0,1,0,0,0,0,0,1,0,1,0,0,0,0,0,0,0,0,1,0,0,0,0,0,0,0,0,0,None,511,572,61
202,202,202,-0.423737991,-0.631411187,-0.2668562,0.071429693,-0.431076632,-0.641826903,-0.197117053,-0.629015021,-0.263605139,-0.351272592,-0.218643781,-0.296165096,0,0,0,0,0,1,0,0,0,0,0,0,0,0,0,0,0,1,0,0,0,0,0,1,0,0,1,1,0,0,0,0,0,1,0,0,0,0,0,1,0,1,0,0,0,0,0,0,0,0,1,0,0,0,0,0,0,0,0,0,None,532,581,49
203,203,203,-0.423737991,-0.631411187,-0.2668562,0.071429693,-0.431076632,-0.641826903,-0.197117053,-0.629015021,-0.263605139,-0.351272592,-0.218643781,-0.29964483,0,0,0,0,0,1,0,0,0,0,0,0,0,0,0,0,1,0,0,0,0,0,0,1,0,0,1,1,0,0,0,0,0,1,0,0,0,0,0,1,0,1,0,0,0,0,0,0,0,0,1,0,0,0,0,0,0,0,0,0,None,529,582,53
204,204,204,-0.423737991,-0.631411187,-0.2668562,0.071429693,-0.431076632,-0.641826903,-0.197117053,-0.629015021,-0.263605139,-0.351272592,-0.218643781,-0.296165096,0,0,0,0,0,1,0,0,0,0,0,0,0,0,0,0,1,0,0,0,0,0,0,1,0,0,1,1,0,0,0,0,0,1,0,0,0,0,0,1,0,1,0,0,0,0,0,0,0,0,1,0,0,0,0,0,0,0,0,0,None,552,601,49
205,205,205,-0.588970344,-0.667894884,-0.005697201,-0.30466059,-0.431076632,-0.641826903,0.335829054,-0.549452649,-0.263605139,-0.16130697,1.573235192,-0.28224616,0,0,0,0,0,1,0,0,0,0,0,0,0,0,0,0,0,1,0,0,0,0,0,1,0,1,0,1,0,0,0,0,0,1,0,0,0,0,0,0,1,0,0,0,0,0,0,0,1,0,1,0,0,0,0,0,0,0,0,0,2.3,436,481,45
206,206,206,1.253370388,1.448159556,-0.528015198,3.813776929,-0.431076632,-0.641826903,-0.197117053,-0.629015021,0.489266371,0.087817932,0.577746873,3.449768678,0,0,0,0,0,0,1,0,0,0,0,0,0,0,0,0,0,1,0,0,1,0,0,0,0,0,1,1,0,0,0,0,0,1,0,0,0,0,0,1,0,1,0,0,0,0,0,0,0,0,0,0,0,0,0,0,0,1,0,0,2.6,517,600,83
207,207,207,1.253370388,1.448159556,-0.528015198,3.813776929,-0.431076632,-0.641826903,-0.197117053,-0.629015021,0.489266371,0.087817932,0.776844537,3.449768678,0,0,0,0,0,0,1,0,0,0,0,0,0,0,0,0,0,1,0,0,1,0,0,0,0,0,1,1,0,0,0,0,0,1,0,0,0,0,0,1,0,1,0,0,0,0,0,0,0,0,0,0,0,0,0,0,0,1,0,0,3,577,646,69
208,208,208,1.253370388,1.448159556,-0.528015198,3.813776929,-0.431076632,-0.641826903,-0.197117053,-0.629015021,0.489266371,0.087817932,0.975942201,3.449768678,0,0,0,0,0,0,1,0,0,0,0,0,0,0,0,0,0,1,0,0,1,0,0,0,0,0,1,1,0,0,0,0,0,1,0,0,0,0,0,1,0,1,0,0,0,0,0,0,0,0,0,0,0,0,0,0,0,1,0,0,3.5,590,677,87
209,209,209,1.253370388,1.448159556,-0.528015198,3.813776929,-0.431076632,-0.641826903,-0.197117053,-0.629015021,0.489266371,0.087817932,1.175039865,3.449768678,0,0,0,0,0,0,1,0,0,0,0,0,0,0,0,0,0,1,0,0,1,0,0,0,0,0,1,1,0,0,0,0,0,1,0,0,0,0,0,1,0,1,0,0,0,0,0,0,0,0,0,0,0,0,0,0,0,1,0,0,4.2,626,729,103
210,210,210,1.253370388,1.448159556,-0.528015198,3.813776929,-0.431076632,-0.641826903,-0.197117053,-0.629015021,0.489266371,0.087817932,1.374137528,3.449768678,0,0,0,0,0,0,1,0,0,0,0,0,0,0,0,0,0,1,0,0,1,0,0,0,0,0,1,1,0,0,0,0,0,1,0,0,0,0,0,1,0,1,0,0,0,0,0,0,0,0,0,0,0,0,0,0,0,1,0,0,4.8,689,765,76
211,211,211,1.253370388,1.448159556,-0.528015198,3.813776929,-0.431076632,-0.641826903,-0.197117053,-0.629015021,0.489266371,0.087817932,1.573235192,3.449768678,0,0,0,0,0,0,1,0,0,0,0,0,0,0,0,0,0,1,0,0,1,0,0,0,0,0,1,1,0,0,0,0,0,1,0,0,0,0,0,1,0,1,0,0,0,0,0,0,0,0,0,0,0,0,0,0,0,1,0,0,6,729,775,46
212,212,212,-0.547662256,-0.653301405,0.516620796,0.447519977,-0.431076632,-0.641826903,-0.197117053,-0.629015021,-0.263605139,0.468632149,1.672784024,-0.29964483,0,0,0,0,0,0,0,1,0,0,0,0,0,0,0,0,0,1,0,0,0,0,0,1,0,0,1,1,0,0,0,0,0,1,0,0,0,0,0,1,0,1,0,0,0,0,0,0,0,0,1,0,0,0,0,0,0,0,0,0,None,480,592.3333333,112.3333333
213,213,213,-0.580708726,-0.667894884,-0.070986951,-0.30466059,-0.316032743,-0.641826903,-0.197117053,-0.629015021,-0.263605139,-0.225133401,0.975942201,-0.099560119,0,0,0,0,0,0,0,0,1,0,0,0,0,0,0,0,0,1,0,0,0,0,0,1,0,1,0,0,0,1,0,0,0,1,0,0,0,0,0,1,0,1,0,0,0,0,0,0,0,0,1,0,0,0,0,0,0,0,0,0,8.3,532,590,58
214,214,214,-0.580708726,-0.667894884,-0.070986951,-0.30466059,-0.316032743,-0.641826903,-0.197117053,-0.629015021,-0.263605139,-0.225133401,0.975942201,-0.303124564,0,0,0,0,0,0,0,0,1,0,0,0,0,0,0,0,0,1,0,0,0,0,0,1,0,1,0,0,0,1,0,0,0,1,0,0,0,0,0,1,0,1,0,0,0,0,0,0,0,0,1,0,0,0,0,0,0,0,0,0,None,570,605,35
215,215,215,-0.580708726,-0.667894884,-0.070986951,-0.30466059,-0.316032743,-0.641826903,-0.197117053,-0.629015021,-0.263605139,-0.225133401,0.975942201,-0.256148154,0,0,0,0,0,0,0,0,1,0,0,0,0,0,0,0,0,1,0,0,0,0,0,1,0,1,0,0,0,1,0,0,0,1,0,0,0,0,0,1,0,1,0,0,0,0,0,0,0,0,1,0,0,0,0,0,0,0,0,0,None,562,605,43
216,216,216,-0.580708726,-0.667894884,-0.070986951,-0.30466059,-0.316032743,-0.641826903,-0.197117053,-0.629015021,-0.263605139,-0.225133401,0.975942201,-0.203952142,0,0,0,0,0,0,0,0,1,0,0,0,0,0,0,0,0,1,0,0,0,0,0,1,0,1,0,0,0,1,0,0,0,1,0,0,0,0,0,1,0,1,0,0,0,0,0,0,0,0,1,0,0,0,0,0,0,0,0,0,None,549,589.6666667,40.66666667
217,217,217,-0.423737991,-0.631411187,-0.20156645,-0.30466059,-0.085944965,-0.600007648,-0.197117053,-0.629015021,-0.263605139,-0.346416233,-1.413229764,0.78777208,0,0,0,0,0,0,0,0,0,1,0,0,0,0,0,0,0,1,0,0,0,0,1,0,0,1,0,0,0,0,0,1,0,0,0,0,1,0,0,1,0,1,0,0,0,0,0,0,0,0,1,0,0,0,0,0,0,0,0,0,2,523,597,74
218,218,218,-0.423737991,-0.631411187,-0.20156645,-0.30466059,-0.085944965,-0.600007648,-0.197117053,-0.629015021,-0.263605139,-0.346416233,0.179551546,0.78777208,0,0,0,0,0,0,0,0,0,1,0,0,0,0,0,0,0,1,0,0,0,0,1,0,0,1,0,0,0,0,0,1,0,0,0,0,1,0,0,1,0,1,0,0,0,0,0,0,0,0,1,0,0,0,0,0,0,0,0,0,4.1,584,612,28
