,in_amount_mmol,p_amount_mmol,ligand_amount_mmol,first_sol_amount_ml,second_sol_amount_ml,third_sol_amount_ml,other_1_amount_mmol,other_2_amount_mmol,total_volume_ml,temp_c,time_min,x0_chloroindium oxalate,x0_indium acetate,x0_indium bromide,x0_indium chloride,x0_indium iodide,x0_indium myristate,x0_indium oxalate,x0_indium palmitate,x0_indium trifluoroacetate,"x0_indium tris(N,N-diisopropylacetamidinato) ",x1_bis(trimethylsilyl)phosphine,x1_phosphine gas,x1_phosphorus trichloride,x1_sodium phosphide,x1_tris(diethylamino)phosphine,x1_tris(dimethylamino)phosphine,x1_tris(trimethylgermyl)phosphine,x1_tris(trimethylsilyl)phosphine,x1_white phosphorus,x2_None,x2_dodecanethiol,x2_lauric acid,x2_myristic acid,x2_oleic acid,x2_palmitic acid,x2_stearic acid,x3_4-ethylpyridine,x3_None,x3_dimethylformamide,x3_dodecylamine,x3_mesitylene,x3_octadecene,x3_oleylamine,x3_trioctylamine,x3_trioctylphosphine,x3_trioctylphosphine oxide,x4_None,x4_dioctyl ether,x4_dioctylamine,x4_hexadecylamine,x4_hexadecylamine ,x4_octylamine,x4_oleylamine,x4_toluene,x4_trioctylphosphine,x4_trioctylphosphine oxide,x5_None,x5_trioctylphosphine,x6_None,x6_acetic acid,x6_superhydride,x6_tetrabutylammonium myristate,x6_zinc acetate,x6_zinc bromide,x6_zinc chloride,x6_zinc iodide,x6_zinc octanoate,x6_zinc oleate,x6_zinc stearate,x6_zinc undecylenate,x7_None,x7_copper bromide,x7_oleic acid,x7_water,x7_zinc iodide,diameter_nm,abs_nm,emission_nm
1,0.19588333131616384,0.2806812440731079,-0.43922815418748595,-0.6580751508778092,-0.3706373370192585,-0.0960024026785536,-0.6753652274383083,-0.14624887870028971,-0.6536025386456367,0.9759422009148279,3.4497708068998687,1.0,0.0,0.0,0.0,0.0,0.0,0.0,0.0,0.0,0.0,0.0,0.0,0.0,0.0,0.0,0.0,0.0,1.0,0.0,1.0,0.0,0.0,0.0,0.0,0.0,0.0,0.0,0.0,0.0,0.0,0.0,0.0,0.0,0.0,0.0,1.0,1.0,0.0,0.0,0.0,0.0,0.0,0.0,0.0,0.0,0.0,1.0,0.0,1.0,0.0,0.0,0.0,0.0,0.0,0.0,0.0,0.0,0.0,0.0,0.0,1.0,0.0,0.0,0.0,0.0,2.61,610,None
11,-0.2998137266509798,-0.01118833381920541,-0.43922815418748595,-0.5895006132587993,-0.3706373370192585,-0.0960024026785536,0.17209535850756344,-0.14624887870028971,-0.5906808972317668,-0.8159367725394117,-0.30586212613306085,0.0,0.0,0.0,0.0,1.0,0.0,0.0,0.0,0.0,0.0,0.0,0.0,0.0,0.0,0.0,1.0,0.0,0.0,0.0,1.0,0.0,0.0,0.0,0.0,0.0,0.0,0.0,0.0,0.0,0.0,0.0,0.0,1.0,0.0,0.0,0.0,1.0,0.0,0.0,0.0,0.0,0.0,0.0,0.0,0.0,0.0,1.0,0.0,0.0,0.0,0.0,0.0,0.0,0.0,1.0,0.0,0.0,0.0,0.0,0.0,1.0,0.0,0.0,0.0,0.0,1.7,480,None
15,-0.4237379911427657,0.13474645512695124,-0.43922815418748595,-0.42546346338731306,0.31428386522010815,-0.0960024026785536,-0.44423961308943416,-0.14624887870028971,-0.35151542202849423,-0.019546117670860754,-0.3080370351746597,0.0,0.0,0.0,1.0,0.0,0.0,0.0,0.0,0.0,0.0,0.0,0.0,0.0,0.0,0.0,1.0,0.0,0.0,0.0,1.0,0.0,0.0,0.0,0.0,0.0,0.0,0.0,0.0,0.0,0.0,0.0,0.0,0.0,1.0,0.0,0.0,0.0,0.0,0.0,0.0,0.0,0.0,1.0,0.0,0.0,0.0,1.0,0.0,0.0,0.0,0.0,0.0,0.0,0.0,1.0,0.0,0.0,0.0,0.0,0.0,1.0,0.0,0.0,0.0,0.0,3.6,492,None
16,-0.4237379911427657,0.13474645512695124,-0.43922815418748595,-0.42546346338731306,0.31428386522010815,-0.0960024026785536,-0.44423961308943416,-0.14624887870028971,-0.35151542202849423,-0.019546117670860754,-0.28237310848379304,0.0,0.0,0.0,1.0,0.0,0.0,0.0,0.0,0.0,0.0,0.0,0.0,0.0,0.0,0.0,1.0,0.0,0.0,0.0,1.0,0.0,0.0,0.0,0.0,0.0,0.0,0.0,0.0,0.0,0.0,0.0,0.0,0.0,1.0,0.0,0.0,0.0,0.0,0.0,0.0,0.0,0.0,1.0,0.0,0.0,0.0,1.0,0.0,0.0,0.0,0.0,0.0,0.0,0.0,1.0,0.0,0.0,0.0,0.0,0.0,1.0,0.0,0.0,0.0,0.0,4.6,611,None
19,-0.5889703437984802,1.4481595556423614,-0.32390601421291104,-0.5356479469281938,-0.3706373370192585,-0.0960024026785536,-0.6753652274383083,-0.14624887870028971,-0.5412289137286047,-0.4177414451051362,-0.29542256273338624,0.0,1.0,0.0,0.0,0.0,0.0,0.0,0.0,0.0,0.0,0.0,1.0,0.0,0.0,0.0,0.0,0.0,0.0,0.0,0.0,0.0,0.0,1.0,0.0,0.0,0.0,0.0,0.0,0.0,0.0,0.0,1.0,0.0,0.0,0.0,0.0,1.0,0.0,0.0,0.0,0.0,0.0,0.0,0.0,0.0,0.0,1.0,0.0,1.0,0.0,0.0,0.0,0.0,0.0,0.0,0.0,0.0,0.0,0.0,0.0,1.0,0.0,0.0,0.0,0.0,2.5,601,None
20,-0.5889703437984802,1.4481595556423614,-0.32390601421291104,-0.5356479469281938,-0.3706373370192585,-0.0960024026785536,-0.6753652274383083,-0.14624887870028971,-0.5412289137286047,0.7768445371976902,-0.29542256273338624,0.0,1.0,0.0,0.0,0.0,0.0,0.0,0.0,0.0,0.0,0.0,1.0,0.0,0.0,0.0,0.0,0.0,0.0,0.0,0.0,0.0,0.0,1.0,0.0,0.0,0.0,0.0,0.0,0.0,0.0,0.0,1.0,0.0,0.0,0.0,0.0,1.0,0.0,0.0,0.0,0.0,0.0,0.0,0.0,0.0,0.0,1.0,0.0,1.0,0.0,0.0,0.0,0.0,0.0,0.0,0.0,0.0,0.0,0.0,0.0,1.0,0.0,0.0,0.0,0.0,4.3,620,None
21,-0.5889703437984802,1.4481595556423614,-0.32390601421291104,-0.5356479469281938,-0.3706373370192585,-0.0960024026785536,-0.6753652274383083,-0.14624887870028971,-0.5412289137286047,0.179551546046277,-0.29542256273338624,0.0,1.0,0.0,0.0,0.0,0.0,0.0,0.0,0.0,0.0,0.0,1.0,0.0,0.0,0.0,0.0,0.0,0.0,0.0,0.0,0.0,0.0,1.0,0.0,0.0,0.0,0.0,0.0,0.0,0.0,0.0,1.0,0.0,0.0,0.0,0.0,1.0,0.0,0.0,0.0,0.0,0.0,0.0,0.0,0.0,0.0,1.0,0.0,1.0,0.0,0.0,0.0,0.0,0.0,0.0,0.0,0.0,0.0,0.0,0.0,1.0,0.0,0.0,0.0,0.0,4.5,623,None
22,-0.5889703437984802,1.4481595556423614,-0.32390601421291104,-0.5356479469281938,-0.3706373370192585,-0.0960024026785536,-0.6753652274383083,-0.14624887870028971,-0.5412289137286047,0.7768445371976902,-0.29542256273338624,0.0,1.0,0.0,0.0,0.0,0.0,0.0,0.0,0.0,0.0,0.0,1.0,0.0,0.0,0.0,0.0,0.0,0.0,0.0,0.0,0.0,0.0,1.0,0.0,0.0,0.0,0.0,0.0,0.0,0.0,0.0,1.0,0.0,0.0,0.0,0.0,1.0,0.0,0.0,0.0,0.0,0.0,0.0,0.0,0.0,0.0,1.0,0.0,1.0,0.0,0.0,0.0,0.0,0.0,0.0,0.0,0.0,0.0,0.0,0.0,1.0,0.0,0.0,0.0,0.0,4.5,660,None
23,-0.2998137266509798,1.0687291043823541,-0.43922815418748595,-0.5339951796750806,-0.3706373370192585,-0.0960024026785536,1.0195559444534352,-0.14624887870028971,-0.5397112057950039,-0.4177414451051362,-0.2910727446501885,0.0,0.0,0.0,1.0,0.0,0.0,0.0,0.0,0.0,0.0,0.0,0.0,0.0,0.0,0.0,1.0,0.0,0.0,0.0,1.0,0.0,0.0,0.0,0.0,0.0,0.0,0.0,0.0,0.0,0.0,0.0,0.0,1.0,0.0,0.0,0.0,1.0,0.0,0.0,0.0,0.0,0.0,0.0,0.0,0.0,0.0,1.0,0.0,0.0,0.0,0.0,0.0,0.0,0.0,1.0,0.0,0.0,0.0,0.0,0.0,1.0,0.0,0.0,0.0,0.0,2.6,553,592
24,-0.2998137266509798,0.4266160330192647,-0.43922815418748595,-0.5339951796750806,-0.3706373370192585,-0.0960024026785536,1.0195559444534352,-0.14624887870028971,-0.5397112057950039,-0.8159367725394117,-0.28237310848379304,0.0,0.0,0.0,1.0,0.0,0.0,0.0,0.0,0.0,0.0,0.0,0.0,0.0,0.0,0.0,1.0,0.0,0.0,0.0,1.0,0.0,0.0,0.0,0.0,0.0,0.0,0.0,0.0,0.0,0.0,0.0,0.0,1.0,0.0,0.0,0.0,1.0,0.0,0.0,0.0,0.0,0.0,0.0,0.0,0.0,0.0,1.0,0.0,0.0,0.0,0.0,0.0,0.0,0.0,1.0,0.0,0.0,0.0,0.0,0.0,1.0,0.0,0.0,0.0,0.0,2.48,None,None
25,-0.25850563848705116,1.2657410694596656,-0.43922815418748595,-0.5339951796750806,-0.3706373370192585,-0.0960024026785536,0.48026284430606214,2.1579600734841313,-0.5397112057950039,-0.8159367725394117,-0.28237310848379304,0.0,0.0,0.0,1.0,0.0,0.0,0.0,0.0,0.0,0.0,0.0,0.0,0.0,0.0,0.0,1.0,0.0,0.0,0.0,1.0,0.0,0.0,0.0,0.0,0.0,0.0,0.0,0.0,0.0,0.0,0.0,0.0,1.0,0.0,0.0,0.0,1.0,0.0,0.0,0.0,0.0,0.0,0.0,0.0,0.0,0.0,1.0,0.0,0.0,0.0,0.0,0.0,0.0,0.0,1.0,0.0,0.0,0.0,0.0,0.0,0.0,0.0,0.0,0.0,1.0,3,490,560
26,0.7824581832439503,0.017998623970025954,-0.43922815418748595,-0.5081018260429736,-0.26191968597887033,-0.0960024026785536,-0.6753652274383083,-0.14624887870028971,-0.5014523183021482,0.9759422009148279,3.4497708068998687,1.0,0.0,0.0,0.0,0.0,0.0,0.0,0.0,0.0,0.0,0.0,0.0,0.0,0.0,0.0,0.0,0.0,1.0,0.0,1.0,0.0,0.0,0.0,0.0,0.0,0.0,0.0,0.0,0.0,0.0,0.0,0.0,0.0,0.0,1.0,0.0,0.0,0.0,0.0,0.0,0.0,0.0,0.0,0.0,0.0,1.0,1.0,0.0,1.0,0.0,0.0,0.0,0.0,0.0,0.0,0.0,0.0,0.0,0.0,0.0,1.0,0.0,0.0,0.0,0.0,3.5,595,None
27,0.7824581832439503,0.017998623970025954,-0.43922815418748595,-0.5081018260429736,-0.26191968597887033,-0.0960024026785536,-0.6753652274383083,-0.14624887870028971,-0.5014523183021482,1.573235192066241,3.4497708068998687,1.0,0.0,0.0,0.0,0.0,0.0,0.0,0.0,0.0,0.0,0.0,0.0,0.0,0.0,0.0,0.0,0.0,1.0,0.0,1.0,0.0,0.0,0.0,0.0,0.0,0.0,0.0,0.0,0.0,0.0,0.0,0.0,0.0,0.0,1.0,0.0,0.0,0.0,0.0,0.0,0.0,0.0,0.0,0.0,0.0,1.0,1.0,0.0,1.0,0.0,0.0,0.0,0.0,0.0,0.0,0.0,0.0,0.0,0.0,0.0,1.0,0.0,0.0,0.0,0.0,4.6,650,None
29,-0.2998137266509798,0.6644897390015,-0.43922815418748595,-0.5056915404655168,-0.3706373370192585,-0.0960024026785536,1.0195559444534352,-0.14624887870028971,-0.5137204574320886,-1.0150344362565493,-0.299772380816584,0.0,0.0,0.0,1.0,0.0,0.0,0.0,0.0,0.0,0.0,0.0,0.0,0.0,0.0,0.0,1.0,0.0,0.0,0.0,1.0,0.0,0.0,0.0,0.0,0.0,0.0,0.0,0.0,0.0,0.0,0.0,0.0,1.0,0.0,0.0,0.0,1.0,0.0,0.0,0.0,0.0,0.0,0.0,0.0,0.0,0.0,1.0,0.0,0.0,0.0,0.0,0.0,0.0,0.0,0.0,1.0,0.0,0.0,0.0,0.0,1.0,0.0,0.0,0.0,0.0,7,478,518
30,-0.48570012338865864,-0.15712312276536206,-0.43922815418748595,-0.5034189854924862,-0.3706373370192585,-0.0960024026785536,0.17209535850756344,-0.14624887870028971,-0.5116336090233875,-0.8159367725394117,-0.28237310848379304,0.0,0.0,0.0,1.0,0.0,0.0,0.0,0.0,0.0,0.0,0.0,0.0,0.0,0.0,1.0,0.0,0.0,0.0,0.0,1.0,0.0,0.0,0.0,0.0,0.0,0.0,0.0,0.0,0.0,0.0,0.0,0.0,1.0,0.0,0.0,0.0,1.0,0.0,0.0,0.0,0.0,0.0,0.0,0.0,0.0,0.0,1.0,0.0,0.0,0.0,0.0,0.0,0.0,0.0,1.0,0.0,0.0,0.0,0.0,0.0,1.0,0.0,0.0,0.0,0.0,3.2,560,None
31,-0.48156931457226576,-0.15712312276536206,-0.43922815418748595,-0.5034189854924862,-0.3706373370192585,-0.0960024026785536,0.17209535850756344,-0.14624887870028971,-0.5116336090233875,-0.8159367725394117,-0.2910727446501885,0.0,0.0,0.0,1.0,0.0,0.0,0.0,0.0,0.0,0.0,0.0,0.0,0.0,0.0,1.0,0.0,0.0,0.0,0.0,1.0,0.0,0.0,0.0,0.0,0.0,0.0,0.0,0.0,0.0,0.0,0.0,0.0,1.0,0.0,0.0,0.0,1.0,0.0,0.0,0.0,0.0,0.0,0.0,0.0,0.0,0.0,1.0,0.0,0.0,0.0,0.0,0.0,0.0,0.0,1.0,0.0,0.0,0.0,0.0,0.0,1.0,0.0,0.0,0.0,0.0,2.9,573,618
32,-0.48156931457226576,-0.15712312276536206,-0.43922815418748595,-0.5034189854924862,-0.3706373370192585,-0.0960024026785536,0.17209535850756344,-0.14624887870028971,-0.5116336090233875,-0.8159367725394117,-0.2910727446501885,0.0,0.0,0.0,1.0,0.0,0.0,0.0,0.0,0.0,0.0,0.0,0.0,0.0,0.0,1.0,0.0,0.0,0.0,0.0,1.0,0.0,0.0,0.0,0.0,0.0,0.0,0.0,0.0,0.0,0.0,0.0,0.0,1.0,0.0,0.0,0.0,1.0,0.0,0.0,0.0,0.0,0.0,0.0,0.0,0.0,0.0,1.0,0.0,0.0,0.0,0.0,0.0,0.0,0.0,1.0,0.0,0.0,0.0,0.0,0.0,1.0,0.0,0.0,0.0,0.0,3.2,None,None
33,-0.48156931457226576,-0.15712312276536206,-0.43922815418748595,-0.5034189854924862,-0.3706373370192585,-0.0960024026785536,0.17209535850756344,-0.14624887870028971,-0.5116336090233875,-0.8159367725394117,-0.2910727446501885,0.0,0.0,0.0,1.0,0.0,0.0,0.0,0.0,0.0,0.0,0.0,0.0,0.0,0.0,1.0,0.0,0.0,0.0,0.0,1.0,0.0,0.0,0.0,0.0,0.0,0.0,0.0,0.0,0.0,0.0,0.0,0.0,1.0,0.0,0.0,0.0,1.0,0.0,0.0,0.0,0.0,0.0,0.0,0.0,0.0,0.0,1.0,0.0,0.0,0.0,0.0,0.0,0.0,0.0,1.0,0.0,0.0,0.0,0.0,0.0,1.0,0.0,0.0,0.0,0.0,3.2,None,None
34,-0.2998137266509798,0.2660877651784922,-0.43922815418748595,-0.4667826447151433,-0.3706373370192585,-0.0960024026785536,1.0195559444534352,-0.14624887870028971,-0.4779910831619012,-0.8159367725394117,-0.30412219889978176,0.0,0.0,0.0,1.0,0.0,0.0,0.0,0.0,0.0,0.0,0.0,0.0,0.0,0.0,0.0,1.0,0.0,0.0,0.0,1.0,0.0,0.0,0.0,0.0,0.0,0.0,0.0,0.0,0.0,1.0,0.0,0.0,0.0,0.0,0.0,0.0,1.0,0.0,0.0,0.0,0.0,0.0,0.0,0.0,0.0,0.0,1.0,0.0,0.0,0.0,0.0,0.0,0.0,0.0,1.0,0.0,0.0,0.0,0.0,0.0,1.0,0.0,0.0,0.0,0.0,3.2,550,None
36,0.31980759580794965,0.13474645512695124,-0.43922815418748595,-0.4667826447151433,-0.2967636930634411,-0.0960024026785536,-0.6753652274383083,-0.14624887870028971,-0.468442170746329,-0.8557563052828392,0.422297420994241,0.0,1.0,0.0,0.0,0.0,0.0,0.0,0.0,0.0,0.0,0.0,0.0,0.0,0.0,0.0,0.0,0.0,1.0,0.0,1.0,0.0,0.0,0.0,0.0,0.0,0.0,0.0,0.0,0.0,0.0,0.0,1.0,0.0,0.0,0.0,0.0,0.0,0.0,1.0,0.0,0.0,0.0,0.0,0.0,0.0,0.0,1.0,0.0,1.0,0.0,0.0,0.0,0.0,0.0,0.0,0.0,0.0,0.0,0.0,0.0,1.0,0.0,0.0,0.0,0.0,6.7,622,680
37,-0.3411218148149084,-0.44899270065767544,-0.43922815418748595,-0.4667826447151433,-0.12895799851479625,-0.0960024026785536,-0.6753652274383083,-0.14624887870028971,-0.4467515948619497,-0.8557563052828392,-0.3049921625164213,0.0,1.0,0.0,0.0,0.0,0.0,0.0,0.0,0.0,0.0,0.0,0.0,0.0,0.0,0.0,0.0,0.0,1.0,0.0,1.0,0.0,0.0,0.0,0.0,0.0,0.0,0.0,0.0,0.0,0.0,0.0,1.0,0.0,0.0,0.0,0.0,0.0,0.0,0.0,0.0,0.0,0.0,1.0,0.0,0.0,0.0,1.0,0.0,1.0,0.0,0.0,0.0,0.0,0.0,0.0,0.0,0.0,0.0,0.0,0.0,1.0,0.0,0.0,0.0,0.0,1.5,445,568
38,0.31980759580794965,0.13474645512695124,-0.43922815418748595,-0.4667826447151433,-0.12895799851479625,-0.0960024026785536,-0.6753652274383083,-0.14624887870028971,-0.4467515948619497,-0.8557563052828392,-0.28063318125051395,0.0,1.0,0.0,0.0,0.0,0.0,0.0,0.0,0.0,0.0,0.0,0.0,0.0,0.0,0.0,0.0,0.0,1.0,0.0,1.0,0.0,0.0,0.0,0.0,0.0,0.0,0.0,0.0,0.0,0.0,0.0,1.0,0.0,0.0,0.0,0.0,0.0,0.0,0.0,0.0,0.0,0.0,1.0,0.0,0.0,0.0,1.0,0.0,1.0,0.0,0.0,0.0,0.0,0.0,0.0,0.0,0.0,0.0,0.0,0.0,1.0,0.0,0.0,0.0,0.0,2.5,543,589
42,-0.4237379911427657,-0.6314111868403713,-0.43922815418748595,-0.3979173425020928,0.11859209315171769,-0.0960024026785536,-0.6753652274383083,-0.14624887870028971,-0.35151542202849423,-0.21864378138799848,-0.2910727446501885,0.0,0.0,0.0,0.0,0.0,1.0,0.0,0.0,0.0,0.0,0.0,0.0,0.0,0.0,0.0,0.0,1.0,0.0,0.0,1.0,0.0,0.0,0.0,0.0,0.0,0.0,0.0,0.0,0.0,0.0,0.0,1.0,0.0,0.0,0.0,0.0,0.0,0.0,0.0,0.0,0.0,0.0,0.0,0.0,1.0,0.0,1.0,0.0,1.0,0.0,0.0,0.0,0.0,0.0,0.0,0.0,0.0,0.0,0.0,0.0,1.0,0.0,0.0,0.0,0.0,3.6,578,641
45,-0.4237379911427657,-0.6314111868403713,-0.43922815418748595,-0.3979173425020928,0.11859209315171769,-0.0960024026785536,-0.6753652274383083,-0.14624887870028971,-0.35151542202849423,-0.21864378138799848,-0.2910727446501885,0.0,0.0,0.0,0.0,0.0,1.0,0.0,0.0,0.0,0.0,0.0,0.0,0.0,0.0,0.0,0.0,0.0,1.0,0.0,1.0,0.0,0.0,0.0,0.0,0.0,0.0,0.0,0.0,0.0,0.0,0.0,1.0,0.0,0.0,0.0,0.0,0.0,0.0,0.0,0.0,0.0,0.0,0.0,0.0,1.0,0.0,1.0,0.0,1.0,0.0,0.0,0.0,0.0,0.0,0.0,0.0,0.0,0.0,0.0,0.0,1.0,0.0,0.0,0.0,0.0,2.7,551,612
46,0.8155046537750933,2.0610856692162196,-0.43922815418748595,-0.3979173425020928,0.26536092220301055,-0.0960024026785536,2.7144771163451784,-0.14624887870028971,-0.3357692022173851,-0.8159367725394117,-0.3067320897497004,0.0,0.0,0.0,1.0,0.0,0.0,0.0,0.0,0.0,0.0,0.0,0.0,0.0,0.0,0.0,1.0,0.0,0.0,0.0,1.0,0.0,0.0,0.0,0.0,0.0,0.0,0.0,0.0,0.0,0.0,0.0,0.0,1.0,0.0,0.0,0.0,0.0,0.0,0.0,0.0,0.0,0.0,0.0,0.0,1.0,0.0,1.0,0.0,0.0,0.0,0.0,0.0,0.0,0.0,1.0,0.0,0.0,0.0,0.0,0.0,1.0,0.0,0.0,0.0,0.0,2.2,444,None
48,-0.2998137266509798,-0.7408622785499889,-0.43922815418748595,-0.3334594196306776,-0.3706373370192585,-0.0960024026785536,-0.6753652274383083,-0.14624887870028971,-0.35556264318476327,-0.8159367725394117,-0.2040763829862337,0.0,0.0,0.0,1.0,0.0,0.0,0.0,0.0,0.0,0.0,0.0,0.0,0.0,0.0,1.0,0.0,0.0,0.0,0.0,1.0,0.0,0.0,0.0,0.0,0.0,0.0,0.0,0.0,0.0,0.0,0.0,0.0,1.0,0.0,0.0,0.0,1.0,0.0,0.0,0.0,0.0,0.0,0.0,0.0,0.0,0.0,1.0,0.0,1.0,0.0,0.0,0.0,0.0,0.0,0.0,0.0,0.0,0.0,0.0,0.0,1.0,0.0,0.0,0.0,0.0,2.5,550,None
50,-0.2998137266509798,0.4412095119138804,-0.43922815418748595,-0.3334594196306776,-0.3706373370192585,-0.0960024026785536,1.0195559444534352,-0.14624887870028971,-0.35556264318476327,-0.8159367725394117,-0.28237310848379304,0.0,0.0,1.0,0.0,0.0,0.0,0.0,0.0,0.0,0.0,0.0,0.0,0.0,0.0,1.0,0.0,0.0,0.0,0.0,1.0,0.0,0.0,0.0,0.0,0.0,0.0,0.0,0.0,0.0,0.0,0.0,0.0,1.0,0.0,0.0,0.0,1.0,0.0,0.0,0.0,0.0,0.0,0.0,0.0,0.0,0.0,1.0,0.0,0.0,0.0,0.0,0.0,0.0,0.0,1.0,0.0,0.0,0.0,0.0,0.0,1.0,0.0,0.0,0.0,0.0,3,562,None
51,-0.2998137266509798,0.4412095119138804,-0.43922815418748595,-0.3334594196306776,-0.3706373370192585,-0.0960024026785536,1.0195559444534352,-0.14624887870028971,-0.35556264318476327,-0.8159367725394117,-0.28237310848379304,0.0,0.0,0.0,1.0,0.0,0.0,0.0,0.0,0.0,0.0,0.0,0.0,0.0,0.0,1.0,0.0,0.0,0.0,0.0,1.0,0.0,0.0,0.0,0.0,0.0,0.0,0.0,0.0,0.0,0.0,0.0,0.0,1.0,0.0,0.0,0.0,1.0,0.0,0.0,0.0,0.0,0.0,0.0,0.0,0.0,0.0,1.0,0.0,0.0,0.0,0.0,0.0,0.0,0.0,1.0,0.0,0.0,0.0,0.0,0.0,1.0,0.0,0.0,0.0,0.0,3.2,570,None
53,-0.2998137266509798,0.4412095119138804,-0.43922815418748595,-0.3334594196306776,-0.3706373370192585,-0.0960024026785536,1.0195559444534352,-0.14624887870028971,-0.35556264318476327,-0.8159367725394117,-0.28237310848379304,0.0,0.0,0.0,0.0,1.0,0.0,0.0,0.0,0.0,0.0,0.0,0.0,0.0,0.0,1.0,0.0,0.0,0.0,0.0,1.0,0.0,0.0,0.0,0.0,0.0,0.0,0.0,0.0,0.0,0.0,0.0,0.0,1.0,0.0,0.0,0.0,1.0,0.0,0.0,0.0,0.0,0.0,0.0,0.0,0.0,0.0,1.0,0.0,0.0,0.0,0.0,0.0,0.0,0.0,1.0,0.0,0.0,0.0,0.0,0.0,1.0,0.0,0.0,0.0,0.0,2.8,509,None
57,-0.2998137266509798,0.6674084347804231,-0.43922815418748595,-0.32905204028904234,-0.3706373370192585,-0.0960024026785536,1.0195559444534352,1.9275391782656892,-0.35151542202849423,-0.4177414451051362,-0.2562741999846066,0.0,0.0,0.0,1.0,0.0,0.0,0.0,0.0,0.0,0.0,0.0,0.0,0.0,0.0,0.0,1.0,0.0,0.0,0.0,1.0,0.0,0.0,0.0,0.0,0.0,0.0,0.0,0.0,0.0,0.0,0.0,0.0,1.0,0.0,0.0,0.0,1.0,0.0,0.0,0.0,0.0,0.0,0.0,0.0,0.0,0.0,1.0,0.0,0.0,0.0,0.0,0.0,0.0,0.0,1.0,0.0,0.0,0.0,0.0,0.0,0.0,1.0,0.0,0.0,0.0,2,420,None
60,-0.4237379911427657,-0.6824883629715263,-0.43922815418748595,-0.32905204028904234,-0.3706373370192585,-0.0960024026785536,1.0195559444534352,5.38385260654232,-0.35151542202849423,-0.8159367725394117,-0.29542256273338624,0.0,0.0,0.0,1.0,0.0,0.0,0.0,0.0,0.0,0.0,0.0,0.0,0.0,0.0,0.0,1.0,0.0,0.0,0.0,1.0,0.0,0.0,0.0,0.0,0.0,0.0,0.0,0.0,0.0,0.0,0.0,0.0,1.0,0.0,0.0,0.0,1.0,0.0,0.0,0.0,0.0,0.0,0.0,0.0,0.0,0.0,1.0,0.0,0.0,0.0,0.0,0.0,0.0,0.0,1.0,0.0,0.0,0.0,0.0,0.0,0.0,0.0,0.0,1.0,0.0,1.75,481,None
61,-0.5889703437984802,-0.6678948840769106,-0.43922815418748595,-0.32905204028904234,-0.3706373370192585,-0.0960024026785536,0.8654722015541856,-0.14624887870028971,-0.35151542202849423,1.1750398646319657,-0.2562741999846066,0.0,0.0,0.0,1.0,0.0,0.0,0.0,0.0,0.0,0.0,0.0,0.0,0.0,0.0,0.0,0.0,0.0,1.0,0.0,1.0,0.0,0.0,0.0,0.0,0.0,0.0,0.0,0.0,0.0,0.0,0.0,0.0,0.0,0.0,1.0,0.0,1.0,0.0,0.0,0.0,0.0,0.0,0.0,0.0,0.0,0.0,1.0,0.0,0.0,0.0,0.0,0.0,0.0,0.0,0.0,0.0,0.0,1.0,0.0,0.0,1.0,0.0,0.0,0.0,0.0,2.3,423,485
62,-0.4237379911427657,-0.6314111868403713,-0.09326173426376129,-0.32905204028904234,0.006069324212393181,-0.0960024026785536,-0.6753652274383083,-0.14624887870028971,-0.3466461090748581,-1.4132297636908249,0.7876821399828513,0.0,0.0,0.0,0.0,0.0,0.0,0.0,0.0,0.0,1.0,0.0,0.0,0.0,0.0,0.0,0.0,0.0,1.0,0.0,0.0,0.0,0.0,0.0,0.0,1.0,0.0,0.0,0.0,0.0,0.0,1.0,0.0,0.0,0.0,0.0,0.0,0.0,0.0,0.0,1.0,0.0,0.0,0.0,0.0,0.0,0.0,1.0,0.0,1.0,0.0,0.0,0.0,0.0,0.0,0.0,0.0,0.0,0.0,0.0,0.0,1.0,0.0,0.0,0.0,0.0,2,523,None
63,-0.4237379911427657,-0.6314111868403713,-0.09326173426376129,-0.32905204028904234,0.006069324212393181,-0.0960024026785536,-0.6753652274383083,-0.14624887870028971,-0.3466461090748581,0.179551546046277,0.7876821399828513,0.0,0.0,0.0,0.0,0.0,0.0,0.0,0.0,0.0,1.0,0.0,0.0,0.0,0.0,0.0,0.0,0.0,1.0,0.0,0.0,0.0,0.0,0.0,0.0,1.0,0.0,0.0,0.0,0.0,0.0,1.0,0.0,0.0,0.0,0.0,0.0,0.0,0.0,0.0,1.0,0.0,0.0,0.0,0.0,0.0,0.0,1.0,0.0,1.0,0.0,0.0,0.0,0.0,0.0,0.0,0.0,0.0,0.0,0.0,0.0,1.0,0.0,0.0,0.0,0.0,4.1,584,None
64,0.9807370064308079,-0.6314111868403713,-0.43922815418748595,-0.32905204028904234,0.11859209315171769,-0.0960024026785536,-0.6753652274383083,-0.14624887870028971,-0.28827759146179077,1.573235192066241,-0.28237310848379304,0.0,0.0,0.0,0.0,0.0,1.0,0.0,0.0,0.0,0.0,0.0,0.0,0.0,0.0,0.0,0.0,0.0,1.0,0.0,1.0,0.0,0.0,0.0,0.0,0.0,0.0,0.0,0.0,0.0,0.0,0.0,1.0,0.0,0.0,0.0,0.0,0.0,0.0,0.0,0.0,0.0,0.0,0.0,0.0,1.0,0.0,1.0,0.0,1.0,0.0,0.0,0.0,0.0,0.0,0.0,0.0,0.0,0.0,0.0,0.0,1.0,0.0,0.0,0.0,0.0,3,547,590
65,0.8237662714078791,1.2657410694596656,-0.43922815418748595,-0.24655140823780786,2.0755098138356227,-0.0960024026785536,-0.6753652274383083,-0.14624887870028971,0.04043265182393391,-0.8159367725394117,0.94427559097797,0.0,0.0,0.0,1.0,0.0,0.0,0.0,0.0,0.0,0.0,0.0,0.0,0.0,0.0,0.0,1.0,0.0,0.0,0.0,1.0,0.0,0.0,0.0,0.0,0.0,0.0,0.0,0.0,0.0,1.0,0.0,0.0,0.0,0.0,0.0,0.0,0.0,0.0,0.0,0.0,0.0,0.0,0.0,1.0,0.0,0.0,1.0,0.0,1.0,0.0,0.0,0.0,0.0,0.0,0.0,0.0,0.0,0.0,0.0,0.0,1.0,0.0,0.0,0.0,0.0,2.3,512,None
66,0.8237662714078791,1.2657410694596656,-0.43922815418748595,-0.24655140823780786,2.0755098138356227,-0.0960024026785536,-0.6753652274383083,-0.14624887870028971,0.04043265182393391,-0.8159367725394117,0.94427559097797,0.0,0.0,0.0,1.0,0.0,0.0,0.0,0.0,0.0,0.0,0.0,0.0,0.0,0.0,0.0,1.0,0.0,0.0,0.0,1.0,0.0,0.0,0.0,0.0,0.0,0.0,0.0,0.0,0.0,1.0,0.0,0.0,0.0,0.0,0.0,0.0,0.0,0.0,0.0,0.0,0.0,0.0,0.0,1.0,0.0,0.0,1.0,0.0,1.0,0.0,0.0,0.0,0.0,0.0,0.0,0.0,0.0,0.0,0.0,0.0,1.0,0.0,0.0,0.0,0.0,3.2,499,590
71,-0.4237379911427657,-0.6824883629715263,-0.43922815418748595,-0.32905204028904234,-0.3706373370192585,-0.0960024026785536,1.0195559444534352,-0.14624887870028971,-0.35151542202849423,-0.8159367725394117,-0.29542256273338624,0.0,0.0,0.0,1.0,0.0,0.0,0.0,0.0,0.0,0.0,0.0,0.0,0.0,0.0,0.0,1.0,0.0,0.0,0.0,1.0,0.0,0.0,0.0,0.0,0.0,0.0,0.0,0.0,0.0,0.0,0.0,0.0,1.0,0.0,0.0,0.0,1.0,0.0,0.0,0.0,0.0,0.0,0.0,0.0,0.0,0.0,1.0,0.0,0.0,0.0,0.0,0.0,0.0,0.0,1.0,0.0,0.0,0.0,0.0,0.0,1.0,0.0,0.0,0.0,0.0,2.6,547,None
74,-0.2998137266509798,0.6674084347804231,-0.43922815418748595,-0.32905204028904234,-0.3706373370192585,-0.0960024026785536,1.0195559444534352,-0.14624887870028971,-0.35151542202849423,-0.4177414451051362,-0.2562741999846066,0.0,0.0,0.0,1.0,0.0,0.0,0.0,0.0,0.0,0.0,0.0,0.0,0.0,0.0,0.0,1.0,0.0,0.0,0.0,1.0,0.0,0.0,0.0,0.0,0.0,0.0,0.0,0.0,0.0,0.0,0.0,0.0,1.0,0.0,0.0,0.0,1.0,0.0,0.0,0.0,0.0,0.0,0.0,0.0,0.0,0.0,1.0,0.0,0.0,0.0,0.0,0.0,0.0,0.0,1.0,0.0,0.0,0.0,0.0,0.0,1.0,0.0,0.0,0.0,0.0,4.3,590,625
75,0.07195906682437792,0.2806812440731079,-0.43922815418748595,-0.32905204028904234,-0.3706373370192585,-0.0960024026785536,0.018011615608314005,-0.14624887870028971,-0.35151542202849423,-0.019546117670860754,-0.3080370351746597,0.0,0.0,0.0,1.0,0.0,0.0,0.0,0.0,0.0,0.0,0.0,0.0,0.0,0.0,0.0,1.0,0.0,0.0,0.0,1.0,0.0,0.0,0.0,0.0,0.0,0.0,0.0,0.0,0.0,0.0,0.0,0.0,1.0,0.0,0.0,0.0,1.0,0.0,0.0,0.0,0.0,0.0,0.0,0.0,0.0,0.0,1.0,0.0,0.0,0.0,0.0,0.0,0.0,0.0,1.0,0.0,0.0,0.0,0.0,0.0,1.0,0.0,0.0,0.0,0.0,2.1,None,None
76,0.07195906682437792,0.2806812440731079,-0.43922815418748595,-0.32905204028904234,-0.3706373370192585,-0.0960024026785536,0.018011615608314005,-0.14624887870028971,-0.35151542202849423,-0.019546117670860754,-0.299772380816584,0.0,0.0,0.0,1.0,0.0,0.0,0.0,0.0,0.0,0.0,0.0,0.0,0.0,0.0,0.0,1.0,0.0,0.0,0.0,1.0,0.0,0.0,0.0,0.0,0.0,0.0,0.0,0.0,0.0,0.0,0.0,0.0,1.0,0.0,0.0,0.0,1.0,0.0,0.0,0.0,0.0,0.0,0.0,0.0,0.0,0.0,1.0,0.0,0.0,0.0,0.0,0.0,0.0,0.0,1.0,0.0,0.0,0.0,0.0,0.0,1.0,0.0,0.0,0.0,0.0,3,None,None
90,-0.5889703437984802,-0.5949274896038322,-0.4353840828550001,-0.26018673807599185,-0.3451974066503677,-0.0960024026785536,-0.6676610402933457,-0.14624887870028971,-0.2849892242723222,0.179551546046277,-0.2910727446501885,0.0,0.0,0.0,1.0,0.0,0.0,0.0,0.0,0.0,0.0,0.0,0.0,0.0,0.0,0.0,0.0,0.0,1.0,0.0,0.0,0.0,0.0,0.0,0.0,0.0,1.0,0.0,0.0,0.0,0.0,0.0,1.0,0.0,0.0,0.0,0.0,0.0,0.0,0.0,1.0,0.0,0.0,0.0,0.0,0.0,0.0,1.0,0.0,0.0,0.0,0.0,0.0,0.0,0.0,0.0,0.0,0.0,0.0,0.0,1.0,1.0,0.0,0.0,0.0,0.0,3.2,555,645
92,0.05543583155880645,0.2806812440731079,-0.43922815418748595,-0.26018673807599185,2.3473039419258224,-0.0960024026785536,-0.6753652274383083,-0.14624887870028971,0.06414683828644771,0.9759422009148279,3.4497708068998687,1.0,0.0,0.0,0.0,0.0,0.0,0.0,0.0,0.0,0.0,0.0,0.0,0.0,0.0,0.0,0.0,0.0,1.0,0.0,1.0,0.0,0.0,0.0,0.0,0.0,0.0,0.0,0.0,0.0,0.0,0.0,0.0,0.0,0.0,1.0,0.0,0.0,0.0,0.0,0.0,0.0,0.0,0.0,0.0,0.0,1.0,1.0,0.0,1.0,0.0,0.0,0.0,0.0,0.0,0.0,0.0,0.0,0.0,0.0,0.0,1.0,0.0,0.0,0.0,0.0,2.52,520,None
93,0.05543583155880645,-0.36143182728998147,-0.43922815418748595,-0.26018673807599185,2.3473039419258224,-0.0960024026785536,-0.6753652274383083,-0.14624887870028971,0.06414683828644771,0.9759422009148279,3.4497708068998687,1.0,0.0,0.0,0.0,0.0,0.0,0.0,0.0,0.0,0.0,0.0,0.0,0.0,0.0,0.0,0.0,0.0,1.0,0.0,1.0,0.0,0.0,0.0,0.0,0.0,0.0,0.0,0.0,0.0,0.0,0.0,0.0,0.0,0.0,1.0,0.0,0.0,0.0,0.0,0.0,0.0,0.0,0.0,0.0,0.0,1.0,1.0,0.0,1.0,0.0,0.0,0.0,0.0,0.0,0.0,0.0,0.0,0.0,0.0,0.0,1.0,0.0,0.0,0.0,0.0,2.6,530,None
94,0.05543583155880645,0.2806812440731079,-0.43922815418748595,-0.26018673807599185,2.3473039419258224,-0.0960024026785536,-0.6753652274383083,-0.14624887870028971,0.06414683828644771,0.9759422009148279,7.208013630782717,1.0,0.0,0.0,0.0,0.0,0.0,0.0,0.0,0.0,0.0,0.0,0.0,0.0,0.0,0.0,0.0,0.0,1.0,0.0,1.0,0.0,0.0,0.0,0.0,0.0,0.0,0.0,0.0,0.0,0.0,0.0,0.0,0.0,0.0,1.0,0.0,0.0,0.0,0.0,0.0,0.0,0.0,0.0,0.0,0.0,1.0,1.0,0.0,1.0,0.0,0.0,0.0,0.0,0.0,0.0,0.0,0.0,0.0,0.0,0.0,1.0,0.0,0.0,0.0,0.0,2.66,590,None
108,-0.3411218148149084,-0.5949274896038322,0.21426397233510502,-0.22575408696946664,-0.2473515206161725,-0.0960024026785536,-0.6753652274383083,-0.14624887870028971,-0.24072274287562978,-0.8159367725394117,-0.299772380816584,0.0,1.0,0.0,0.0,0.0,0.0,0.0,0.0,0.0,0.0,0.0,0.0,0.0,0.0,0.0,0.0,0.0,1.0,0.0,0.0,0.0,0.0,1.0,0.0,0.0,0.0,0.0,0.0,0.0,0.0,0.0,1.0,0.0,0.0,0.0,0.0,0.0,0.0,0.0,0.0,0.0,1.0,0.0,0.0,0.0,0.0,1.0,0.0,1.0,0.0,0.0,0.0,0.0,0.0,0.0,0.0,0.0,0.0,0.0,0.0,1.0,0.0,0.0,0.0,0.0,3.7,580,588
127,-0.5807087261656945,-0.6678948840769106,-0.32390601421291104,-0.1913214358629414,-0.3706373370192585,-0.0960024026785536,-0.6753652274383083,-0.14624887870028971,-0.22503976089508732,0.9759422009148279,-0.09968074898948791,0.0,0.0,0.0,0.0,0.0,0.0,0.0,0.0,1.0,0.0,0.0,0.0,0.0,0.0,0.0,0.0,0.0,1.0,0.0,0.0,0.0,0.0,1.0,0.0,0.0,0.0,0.0,0.0,0.0,0.0,0.0,1.0,0.0,0.0,0.0,0.0,1.0,0.0,0.0,0.0,0.0,0.0,0.0,0.0,0.0,0.0,1.0,0.0,1.0,0.0,0.0,0.0,0.0,0.0,0.0,0.0,0.0,0.0,0.0,0.0,1.0,0.0,0.0,0.0,0.0,8.3,532,590
131,-0.6054935790640517,-0.6824883629715263,-0.3392822995428544,-0.1913214358629414,-0.33981588291848697,-0.0960024026785536,-0.6753652274383083,-0.14624887870028971,-0.221055777569385,-0.4177414451051362,-0.28237310848379304,0.0,1.0,0.0,0.0,0.0,0.0,0.0,0.0,0.0,0.0,0.0,0.0,0.0,0.0,0.0,0.0,0.0,1.0,0.0,0.0,0.0,0.0,1.0,0.0,0.0,0.0,0.0,0.0,0.0,0.0,0.0,1.0,0.0,0.0,0.0,0.0,0.0,0.0,0.0,0.0,0.0,1.0,0.0,0.0,0.0,0.0,1.0,0.0,1.0,0.0,0.0,0.0,0.0,0.0,0.0,0.0,0.0,0.0,0.0,0.0,1.0,0.0,0.0,0.0,0.0,2.1,460,590
158,-0.5889703437984802,-0.6678948840769106,-0.4200077975250568,-0.12245613364989091,-0.3706373370192585,-0.0960024026785536,-0.5983233559886836,-0.14624887870028971,-0.16104307636158335,1.573235192066241,-0.28237310848379304,0.0,0.0,0.0,0.0,0.0,1.0,0.0,0.0,0.0,0.0,0.0,0.0,0.0,0.0,0.0,0.0,0.0,1.0,0.0,0.0,1.0,0.0,0.0,0.0,0.0,0.0,0.0,0.0,0.0,0.0,0.0,1.0,0.0,0.0,0.0,0.0,1.0,0.0,0.0,0.0,0.0,0.0,0.0,0.0,0.0,0.0,1.0,0.0,0.0,0.0,0.0,0.0,0.0,0.0,0.0,0.0,0.0,0.0,1.0,0.0,1.0,0.0,0.0,0.0,0.0,2.3,436,481
159,1.1955390648832367,0.718485610911578,-0.43922815418748595,-0.12245613364989091,0.035423090022651725,-0.0960024026785536,-0.6753652274383083,-0.14624887870028971,-0.10931453095801995,0.9759422009148279,0.6832865059861055,0.0,0.0,0.0,1.0,0.0,0.0,0.0,0.0,0.0,0.0,0.0,0.0,0.0,0.0,0.0,0.0,0.0,1.0,0.0,1.0,0.0,0.0,0.0,0.0,0.0,0.0,0.0,0.0,0.0,0.0,0.0,0.0,0.0,0.0,1.0,0.0,0.0,0.0,0.0,0.0,0.0,0.0,0.0,0.0,0.0,1.0,1.0,0.0,1.0,0.0,0.0,0.0,0.0,0.0,0.0,0.0,0.0,0.0,0.0,0.0,1.0,0.0,0.0,0.0,0.0,5,633,653
162,-0.39069152061162277,-0.5730372712619086,-0.05482102093890301,-0.05359083143684042,-0.3706373370192585,-0.0960024026785536,-0.6753652274383083,-0.14624887870028971,-0.09856409976168036,1.7723328557833788,-0.299772380816584,0.0,1.0,0.0,0.0,0.0,0.0,0.0,0.0,0.0,0.0,0.0,0.0,0.0,0.0,0.0,0.0,0.0,1.0,0.0,0.0,0.0,0.0,0.0,1.0,0.0,0.0,0.0,0.0,0.0,0.0,0.0,1.0,0.0,0.0,0.0,0.0,1.0,0.0,0.0,0.0,0.0,0.0,0.0,0.0,0.0,0.0,1.0,0.0,1.0,0.0,0.0,0.0,0.0,0.0,0.0,0.0,0.0,0.0,0.0,0.0,1.0,0.0,0.0,0.0,0.0,3.2,None,None
163,-0.4237379911427657,-0.5219600951307538,-0.3085297288829677,-0.05359083143684042,-0.2708345332643794,-0.0960024026785536,-0.44423961308943416,-0.14624887870028971,-0.08566358232607281,-0.21864378138799848,-0.2910727446501885,0.0,0.0,0.0,1.0,0.0,0.0,0.0,0.0,0.0,0.0,0.0,0.0,0.0,0.0,0.0,0.0,0.0,1.0,0.0,0.0,0.0,0.0,0.0,1.0,0.0,0.0,0.0,0.0,0.0,0.0,0.0,1.0,0.0,0.0,0.0,0.0,0.0,0.0,0.0,0.0,0.0,0.0,1.0,0.0,0.0,0.0,1.0,0.0,0.0,0.0,0.0,0.0,0.0,0.0,0.0,0.0,0.0,0.0,0.0,1.0,1.0,0.0,0.0,0.0,0.0,1.95,595,620
164,-0.5063541674706229,-0.6678948840769106,-0.2085838742383362,0.015274470776210062,-0.3706373370192585,-0.0960024026785536,-0.6753652274383083,-0.14624887870028971,-0.03532626919497688,1.573235192066241,-0.2910727446501885,0.0,1.0,0.0,0.0,0.0,0.0,0.0,0.0,0.0,0.0,0.0,0.0,0.0,0.0,0.0,0.0,0.0,1.0,0.0,0.0,0.0,0.0,1.0,0.0,0.0,0.0,0.0,0.0,0.0,0.0,0.0,1.0,0.0,0.0,0.0,0.0,1.0,0.0,0.0,0.0,0.0,0.0,0.0,0.0,0.0,0.0,1.0,0.0,1.0,0.0,0.0,0.0,0.0,0.0,0.0,0.0,0.0,0.0,0.0,0.0,1.0,0.0,0.0,0.0,0.0,4,525,558
166,-0.5063541674706229,-0.6678948840769106,-0.2085838742383362,0.015274470776210062,-0.1260226219337704,-0.0960024026785536,-0.6753652274383083,-0.14624887870028971,-0.0037073539116251435,1.1750398646319657,-0.2910727446501885,0.0,1.0,0.0,0.0,0.0,0.0,0.0,0.0,0.0,0.0,0.0,0.0,0.0,0.0,0.0,0.0,0.0,1.0,0.0,0.0,0.0,0.0,0.0,0.0,1.0,0.0,0.0,0.0,0.0,0.0,0.0,1.0,0.0,0.0,0.0,0.0,0.0,0.0,0.0,0.0,0.0,0.0,0.0,0.0,1.0,0.0,1.0,0.0,1.0,0.0,0.0,0.0,0.0,0.0,0.0,0.0,0.0,0.0,0.0,0.0,1.0,0.0,0.0,0.0,0.0,2.5,580,None
167,-0.5063541674706229,-0.6678948840769106,-0.2085838742383362,0.015274470776210062,-0.1260226219337704,-0.0960024026785536,-0.6753652274383083,-0.14624887870028971,-0.0037073539116251435,1.1750398646319657,-0.2910727446501885,0.0,1.0,0.0,0.0,0.0,0.0,0.0,0.0,0.0,0.0,0.0,0.0,0.0,0.0,0.0,0.0,0.0,1.0,0.0,0.0,0.0,0.0,0.0,0.0,1.0,0.0,0.0,0.0,0.0,0.0,0.0,1.0,0.0,0.0,0.0,0.0,0.0,0.0,0.0,0.0,0.0,0.0,0.0,0.0,1.0,0.0,1.0,0.0,1.0,0.0,0.0,0.0,0.0,0.0,0.0,0.0,0.0,0.0,0.0,0.0,1.0,0.0,0.0,0.0,0.0,3.26,584,615
168,-0.5476622556345515,-0.6678948840769106,-0.2662449442256236,0.015274470776210062,0.11859209315171769,-0.0960024026785536,-0.6753652274383083,-0.14624887870028971,0.027911561371726595,1.67278402392481,-0.3067320897497004,0.0,1.0,0.0,0.0,0.0,0.0,0.0,0.0,0.0,0.0,0.0,0.0,0.0,0.0,0.0,0.0,0.0,1.0,0.0,0.0,0.0,0.0,0.0,0.0,1.0,0.0,0.0,0.0,0.0,0.0,0.0,1.0,0.0,0.0,0.0,0.0,0.0,0.0,0.0,0.0,0.0,0.0,0.0,0.0,1.0,0.0,1.0,0.0,1.0,0.0,0.0,0.0,0.0,0.0,0.0,0.0,0.0,0.0,0.0,0.0,1.0,0.0,0.0,0.0,0.0,1.8,472,None
171,-0.1758894621591939,-0.44899270065767544,0.25270468565996335,0.015274470776210062,0.11859209315171769,-0.0960024026785536,0.24913722995718804,10.91395409178493,0.027911561371726595,0.3786492097634147,-0.2562741999846066,0.0,1.0,0.0,0.0,0.0,0.0,0.0,0.0,0.0,0.0,0.0,0.0,0.0,0.0,0.0,0.0,0.0,1.0,0.0,0.0,0.0,1.0,0.0,0.0,0.0,0.0,0.0,0.0,0.0,0.0,0.0,1.0,0.0,0.0,0.0,0.0,0.0,0.0,0.0,0.0,0.0,0.0,0.0,0.0,1.0,0.0,1.0,0.0,0.0,0.0,0.0,0.0,1.0,0.0,0.0,0.0,0.0,0.0,0.0,0.0,0.0,0.0,1.0,0.0,0.0,2,430,477
172,-0.1758894621591939,-0.44899270065767544,0.25270468565996335,0.015274470776210062,0.11859209315171769,-0.0960024026785536,0.24913722995718804,-0.14624887870028971,0.027911561371726595,0.3786492097634147,-0.2562741999846066,0.0,1.0,0.0,0.0,0.0,0.0,0.0,0.0,0.0,0.0,0.0,0.0,0.0,0.0,0.0,0.0,0.0,1.0,0.0,0.0,0.0,1.0,0.0,0.0,0.0,0.0,0.0,0.0,0.0,0.0,0.0,1.0,0.0,0.0,0.0,0.0,0.0,0.0,0.0,0.0,0.0,0.0,0.0,0.0,1.0,0.0,1.0,0.0,0.0,0.0,0.0,0.0,0.0,0.0,0.0,0.0,0.0,1.0,0.0,0.0,1.0,0.0,0.0,0.0,0.0,2,430,477
173,2.6330605329879533,0.718485610911578,5.134675277916966,0.02491561308603717,-0.3706373370192585,-0.0960024026785536,-0.6753652274383083,-0.14624887870028971,0.2808628836385405,1.67278402392481,-0.2910727446501885,0.0,1.0,0.0,0.0,0.0,0.0,0.0,0.0,0.0,0.0,0.0,0.0,0.0,0.0,0.0,0.0,0.0,1.0,0.0,0.0,0.0,0.0,0.0,1.0,0.0,0.0,0.0,0.0,0.0,0.0,0.0,1.0,0.0,0.0,0.0,0.0,1.0,0.0,0.0,0.0,0.0,0.0,0.0,0.0,0.0,0.0,1.0,0.0,1.0,0.0,0.0,0.0,0.0,0.0,0.0,0.0,0.0,0.0,0.0,0.0,1.0,0.0,0.0,0.0,0.0,3.1,555,595
177,1.253370388312737,1.4481595556423614,-0.43922815418748595,0.08413977298926055,0.11859209315171769,-0.0960024026785536,-0.6753652274383083,-0.14624887870028971,0.09114939193843007,0.5777468734805524,3.4497708068998687,0.0,0.0,0.0,0.0,0.0,0.0,1.0,0.0,0.0,0.0,0.0,0.0,0.0,0.0,0.0,0.0,0.0,1.0,0.0,1.0,0.0,0.0,0.0,0.0,0.0,0.0,0.0,0.0,0.0,0.0,0.0,0.0,0.0,0.0,1.0,0.0,0.0,0.0,0.0,0.0,0.0,0.0,0.0,0.0,0.0,1.0,1.0,0.0,1.0,0.0,0.0,0.0,0.0,0.0,0.0,0.0,0.0,0.0,0.0,0.0,1.0,0.0,0.0,0.0,0.0,2.6,517,600
178,1.253370388312737,1.4481595556423614,-0.43922815418748595,0.08413977298926055,0.11859209315171769,-0.0960024026785536,-0.6753652274383083,-0.14624887870028971,0.09114939193843007,0.7768445371976902,3.4497708068998687,0.0,0.0,0.0,0.0,0.0,0.0,1.0,0.0,0.0,0.0,0.0,0.0,0.0,0.0,0.0,0.0,0.0,1.0,0.0,1.0,0.0,0.0,0.0,0.0,0.0,0.0,0.0,0.0,0.0,0.0,0.0,0.0,0.0,0.0,1.0,0.0,0.0,0.0,0.0,0.0,0.0,0.0,0.0,0.0,0.0,1.0,1.0,0.0,1.0,0.0,0.0,0.0,0.0,0.0,0.0,0.0,0.0,0.0,0.0,0.0,1.0,0.0,0.0,0.0,0.0,3,577,646
179,1.253370388312737,1.4481595556423614,-0.43922815418748595,0.08413977298926055,0.11859209315171769,-0.0960024026785536,-0.6753652274383083,-0.14624887870028971,0.09114939193843007,0.9759422009148279,3.4497708068998687,0.0,0.0,0.0,0.0,0.0,0.0,1.0,0.0,0.0,0.0,0.0,0.0,0.0,0.0,0.0,0.0,0.0,1.0,0.0,1.0,0.0,0.0,0.0,0.0,0.0,0.0,0.0,0.0,0.0,0.0,0.0,0.0,0.0,0.0,1.0,0.0,0.0,0.0,0.0,0.0,0.0,0.0,0.0,0.0,0.0,1.0,1.0,0.0,1.0,0.0,0.0,0.0,0.0,0.0,0.0,0.0,0.0,0.0,0.0,0.0,1.0,0.0,0.0,0.0,0.0,3.5,590,677
180,1.253370388312737,1.4481595556423614,-0.43922815418748595,0.08413977298926055,0.11859209315171769,-0.0960024026785536,-0.6753652274383083,-0.14624887870028971,0.09114939193843007,1.1750398646319657,3.4497708068998687,0.0,0.0,0.0,0.0,0.0,0.0,1.0,0.0,0.0,0.0,0.0,0.0,0.0,0.0,0.0,0.0,0.0,1.0,0.0,1.0,0.0,0.0,0.0,0.0,0.0,0.0,0.0,0.0,0.0,0.0,0.0,0.0,0.0,0.0,1.0,0.0,0.0,0.0,0.0,0.0,0.0,0.0,0.0,0.0,0.0,1.0,1.0,0.0,1.0,0.0,0.0,0.0,0.0,0.0,0.0,0.0,0.0,0.0,0.0,0.0,1.0,0.0,0.0,0.0,0.0,4.2,626,729
181,1.253370388312737,1.4481595556423614,-0.43922815418748595,0.08413977298926055,0.11859209315171769,-0.0960024026785536,-0.6753652274383083,-0.14624887870028971,0.09114939193843007,1.3741375283491033,3.4497708068998687,0.0,0.0,0.0,0.0,0.0,0.0,1.0,0.0,0.0,0.0,0.0,0.0,0.0,0.0,0.0,0.0,0.0,1.0,0.0,1.0,0.0,0.0,0.0,0.0,0.0,0.0,0.0,0.0,0.0,0.0,0.0,0.0,0.0,0.0,1.0,0.0,0.0,0.0,0.0,0.0,0.0,0.0,0.0,0.0,0.0,1.0,1.0,0.0,1.0,0.0,0.0,0.0,0.0,0.0,0.0,0.0,0.0,0.0,0.0,0.0,1.0,0.0,0.0,0.0,0.0,4.8,689,765
182,1.253370388312737,1.4481595556423614,-0.43922815418748595,0.08413977298926055,0.11859209315171769,-0.0960024026785536,-0.6753652274383083,-0.14624887870028971,0.09114939193843007,1.573235192066241,3.4497708068998687,0.0,0.0,0.0,0.0,0.0,0.0,1.0,0.0,0.0,0.0,0.0,0.0,0.0,0.0,0.0,0.0,0.0,1.0,0.0,1.0,0.0,0.0,0.0,0.0,0.0,0.0,0.0,0.0,0.0,0.0,0.0,0.0,0.0,0.0,1.0,0.0,0.0,0.0,0.0,0.0,0.0,0.0,0.0,0.0,0.0,1.0,1.0,0.0,1.0,0.0,0.0,0.0,0.0,0.0,0.0,0.0,0.0,0.0,0.0,0.0,1.0,0.0,0.0,0.0,0.0,6,729,775
204,2.6330605329879533,0.718485610911578,5.134675277916966,0.49733158626756346,-0.3706373370192585,-0.0960024026785536,-0.6753652274383083,-0.14624887870028971,0.4073385447719474,1.2745886964905344,-0.2910727446501885,0.0,1.0,0.0,0.0,0.0,0.0,0.0,0.0,0.0,0.0,0.0,0.0,0.0,0.0,0.0,0.0,0.0,1.0,0.0,0.0,0.0,0.0,1.0,0.0,0.0,0.0,0.0,0.0,0.0,0.0,0.0,1.0,0.0,0.0,0.0,0.0,1.0,0.0,0.0,0.0,0.0,0.0,0.0,0.0,0.0,0.0,1.0,0.0,1.0,0.0,0.0,0.0,0.0,0.0,0.0,0.0,0.0,0.0,0.0,0.0,1.0,0.0,0.0,0.0,0.0,2.4,530,579
208,-0.25850563848705116,-0.3760253061845971,0.13738254568538846,1.4614458172502702,1.09705095349367,-0.0960024026785536,1.6358909160504325,-0.14624887870028971,1.4823816644059065,0.5777468734805524,-0.09968074898948791,0.0,1.0,0.0,0.0,0.0,0.0,0.0,0.0,0.0,0.0,0.0,0.0,1.0,0.0,0.0,0.0,0.0,0.0,0.0,0.0,0.0,0.0,0.0,0.0,0.0,1.0,0.0,0.0,0.0,0.0,0.0,1.0,0.0,0.0,0.0,0.0,0.0,1.0,0.0,0.0,0.0,0.0,0.0,0.0,0.0,0.0,1.0,0.0,0.0,0.0,1.0,0.0,0.0,0.0,0.0,0.0,0.0,0.0,0.0,0.0,1.0,0.0,0.0,0.0,0.0,3.5,562,618
211,-0.09327328583133666,-0.48547639789421465,0.36802682563453826,2.0812335371677246,-0.3706373370192585,-0.0960024026785536,-0.6753652274383083,-0.14624887870028971,1.8618086478061273,0.9759422009148279,-0.15187856598786081,0.0,1.0,0.0,0.0,0.0,0.0,0.0,0.0,0.0,0.0,0.0,0.0,0.0,0.0,0.0,0.0,0.0,1.0,0.0,0.0,0.0,0.0,0.0,0.0,1.0,0.0,0.0,0.0,0.0,0.0,0.0,1.0,0.0,0.0,0.0,0.0,1.0,0.0,0.0,0.0,0.0,0.0,0.0,0.0,0.0,0.0,1.0,0.0,1.0,0.0,0.0,0.0,0.0,0.0,0.0,0.0,0.0,0.0,0.0,0.0,1.0,0.0,0.0,0.0,0.0,2.7,532,591
212,1.8068987697093806,0.35364863854618633,3.02043604504976,2.425560048232977,1.09705095349367,-0.0960024026785536,-0.6753652274383083,-0.14624887870028971,2.367711292339755,0.7768445371976902,-0.2562741999846066,0.0,1.0,0.0,0.0,0.0,0.0,0.0,0.0,0.0,0.0,0.0,0.0,0.0,0.0,0.0,0.0,0.0,1.0,0.0,0.0,0.0,0.0,0.0,1.0,0.0,0.0,0.0,0.0,0.0,0.0,0.0,1.0,0.0,0.0,0.0,0.0,0.0,0.0,0.0,0.0,0.0,0.0,0.0,0.0,1.0,0.0,1.0,0.0,1.0,0.0,0.0,0.0,0.0,0.0,0.0,0.0,0.0,0.0,0.0,0.0,1.0,0.0,0.0,0.0,0.0,2.4,None,None
213,7.590031112659389,6.555877168757845,-0.43922815418748595,2.7698865592982296,9.413951266400264,-0.0960024026785536,-0.6753652274383083,-0.14624887870028971,3.7589435648072316,-1.8114250911251004,2.1970231989389193,0.0,0.0,0.0,1.0,0.0,0.0,0.0,0.0,0.0,0.0,0.0,0.0,0.0,1.0,0.0,0.0,0.0,0.0,0.0,1.0,0.0,0.0,0.0,0.0,0.0,0.0,1.0,0.0,0.0,0.0,0.0,0.0,0.0,0.0,0.0,0.0,0.0,0.0,0.0,0.0,0.0,0.0,0.0,0.0,1.0,0.0,1.0,0.0,1.0,0.0,0.0,0.0,0.0,0.0,0.0,0.0,0.0,0.0,0.0,0.0,1.0,0.0,0.0,0.0,0.0,5,587,None
214,0.15457524315223517,-0.3767549801293279,0.7139932455582628,4.4915191146244915,-0.3706373370192585,-0.0960024026785536,-0.6753652274383083,-0.14624887870028971,4.075132717640749,0.9759422009148279,-0.15187856598786081,0.0,1.0,0.0,0.0,0.0,0.0,0.0,0.0,0.0,0.0,0.0,0.0,0.0,0.0,0.0,0.0,0.0,1.0,0.0,0.0,0.0,0.0,1.0,0.0,0.0,0.0,0.0,0.0,0.0,0.0,0.0,1.0,0.0,0.0,0.0,0.0,1.0,0.0,0.0,0.0,0.0,0.0,0.0,0.0,0.0,0.0,1.0,0.0,1.0,0.0,0.0,0.0,0.0,0.0,0.0,0.0,0.0,0.0,0.0,0.0,1.0,0.0,0.0,0.0,0.0,4,585,630
218,2.6330605329879533,0.718485610911578,4.173657444795509,6.213151669950753,4.521656964690504,-0.0960024026785536,-0.6753652274383083,-0.14624887870028971,6.28845678747537,0.7768445371976902,-0.2736734723173976,0.0,1.0,0.0,0.0,0.0,0.0,0.0,0.0,0.0,0.0,0.0,0.0,0.0,0.0,0.0,0.0,0.0,1.0,0.0,0.0,0.0,0.0,0.0,0.0,1.0,0.0,0.0,0.0,0.0,0.0,0.0,1.0,0.0,0.0,0.0,0.0,0.0,0.0,0.0,0.0,0.0,0.0,0.0,0.0,1.0,0.0,1.0,0.0,1.0,0.0,0.0,0.0,0.0,0.0,0.0,0.0,0.0,0.0,0.0,0.0,1.0,0.0,0.0,0.0,0.0,2.7,500,None
