,Growth Temp (Celsius),Metal_mmol (mmol),Chalcogen_mmol (mmol),CA_mmol (mmol),Amines_mmol (mmol),Phosphines_mmol (mmol),S_I_amount (g),S_II_amount (g),Time_min (min),x0_cadmium acetate,x0_cadmium acetate dihydrate,x0_cadmium oxide,x0_cadmium stearate,x0_dimethylcadmium,x1_None,x1_benzoic acid,x1_dodecylphosphonic acid,x1_ethylphosphonic acid,x1_lauric acid,x1_myrstic acid,x1_oleic acid,x1_stearic acid,x2_2-6-dimethylpyridine,x2_None,x2_aniline,x2_benzylamine,x2_dioctylamine/hexadecylamine,x2_dodecylamine,x2_heptylamine,x2_hexadecylamine,x2_octadecylamine,x2_octylamine,x2_oleylamine,x2_pyridine,x2_trioctylamine,x3_None,x3_diphenylphosphine,x3_tributylphosphine,x3_trioctylphosphine,x3_triphenylphosphine,x4_None,x4_liquid parafin,x4_octadecene,x4_phenyl ether,x4_trioctylphosphine oxide,x5_None,x5_phosphinic acid,x5_trioctylphosphine oxide,diameter_nm,abs_nm,emission_nm
0,1.1051027856266395,-0.43748622044284124,-0.24377919964648492,-0.525436684979579,-0.4161124063127439,-0.16545491887949929,-0.1233601317110687,-0.3020874190505117,-0.22607696941569327,0.0,0.0,0.0,1.0,0.0,1.0,0.0,0.0,0.0,0.0,0.0,0.0,0.0,0.0,0.0,0.0,0.0,0.0,0.0,0.0,0.0,1.0,0.0,0.0,0.0,0.0,0.0,0.0,0.0,1.0,0.0,0.0,0.0,1.0,0.0,0.0,1.0,0.0,0.0,3.41,566,575
1,-0.06254043458693817,-0.47202717003546446,-0.43636053089144344,-0.3055102575219355,-0.4981287381152882,-0.37567094050201966,-0.2411932929559912,-0.3020874190505117,-0.2354625402392459,0.0,0.0,1.0,0.0,0.0,0.0,0.0,0.0,0.0,0.0,0.0,1.0,0.0,0.0,1.0,0.0,0.0,0.0,0.0,0.0,0.0,0.0,0.0,0.0,0.0,0.0,0.0,0.0,0.0,1.0,0.0,0.0,0.0,1.0,0.0,0.0,1.0,0.0,0.0,2.5,474,617
2,0.32667397215092103,-0.47202717003546446,-0.5876744340124822,-0.525436684979579,-0.4981287381152882,-0.4519590128650311,-0.5274273536009438,-0.3020874190505117,-0.2354625402392459,0.0,0.0,0.0,1.0,0.0,1.0,0.0,0.0,0.0,0.0,0.0,0.0,0.0,0.0,1.0,0.0,0.0,0.0,0.0,0.0,0.0,0.0,0.0,0.0,0.0,0.0,1.0,0.0,0.0,0.0,0.0,0.0,0.0,1.0,0.0,0.0,1.0,0.0,0.0,1.99,None,497
3,0.32667397215092103,-0.47202717003546446,-0.5876744340124822,-0.525436684979579,-0.4981287381152882,-0.4456016735014468,-0.5274273536009438,-0.3020874190505117,-0.2354625402392459,0.0,0.0,0.0,1.0,0.0,1.0,0.0,0.0,0.0,0.0,0.0,0.0,0.0,0.0,1.0,0.0,0.0,0.0,0.0,0.0,0.0,0.0,0.0,0.0,0.0,0.0,0.0,0.0,0.0,1.0,0.0,0.0,0.0,1.0,0.0,0.0,1.0,0.0,0.0,2.13,None,510
4,0.32667397215092103,-0.47202717003546446,-0.5876744340124822,-0.525436684979579,-0.4981287381152882,-0.4456016735014468,-0.5274273536009438,-0.3020874190505117,-0.23441969903662893,0.0,0.0,0.0,1.0,0.0,1.0,0.0,0.0,0.0,0.0,0.0,0.0,0.0,0.0,1.0,0.0,0.0,0.0,0.0,0.0,0.0,0.0,0.0,0.0,0.0,0.0,0.0,0.0,0.0,1.0,0.0,0.0,0.0,1.0,0.0,0.0,1.0,0.0,0.0,2.27,None,517
5,0.32667397215092103,-0.47202717003546446,-0.5876744340124822,-0.525436684979579,-0.4981287381152882,-0.4456016735014468,-0.5274273536009438,-0.3020874190505117,-0.23233401663139502,0.0,0.0,0.0,1.0,0.0,1.0,0.0,0.0,0.0,0.0,0.0,0.0,0.0,0.0,1.0,0.0,0.0,0.0,0.0,0.0,0.0,0.0,0.0,0.0,0.0,0.0,0.0,0.0,0.0,1.0,0.0,0.0,0.0,1.0,0.0,0.0,1.0,0.0,0.0,2.53,None,522
6,0.32667397215092103,-0.47202717003546446,-0.5876744340124822,-0.525436684979579,-0.4981287381152882,-0.4456016735014468,-0.5274273536009438,-0.3020874190505117,-0.22607696941569327,0.0,0.0,0.0,1.0,0.0,1.0,0.0,0.0,0.0,0.0,0.0,0.0,0.0,0.0,1.0,0.0,0.0,0.0,0.0,0.0,0.0,0.0,0.0,0.0,0.0,0.0,0.0,0.0,0.0,1.0,0.0,0.0,0.0,1.0,0.0,0.0,1.0,0.0,0.0,2.71,None,532
7,0.32667397215092103,-0.47202717003546446,-0.5876744340124822,-0.525436684979579,-0.4981287381152882,-0.4456016735014468,-0.5274273536009438,-0.3020874190505117,-0.20522014536335406,0.0,0.0,0.0,1.0,0.0,1.0,0.0,0.0,0.0,0.0,0.0,0.0,0.0,0.0,1.0,0.0,0.0,0.0,0.0,0.0,0.0,0.0,0.0,0.0,0.0,0.0,0.0,0.0,0.0,1.0,0.0,0.0,0.0,1.0,0.0,0.0,1.0,0.0,0.0,2.91,None,547
8,0.32667397215092103,-0.47202717003546446,-0.5876744340124822,-0.525436684979579,-0.4981287381152882,-0.4456016735014468,-0.5274273536009438,-0.3020874190505117,-0.17393490928484528,0.0,0.0,0.0,1.0,0.0,1.0,0.0,0.0,0.0,0.0,0.0,0.0,0.0,0.0,1.0,0.0,0.0,0.0,0.0,0.0,0.0,0.0,0.0,0.0,0.0,0.0,0.0,0.0,0.0,1.0,0.0,0.0,0.0,1.0,0.0,0.0,1.0,0.0,0.0,3.02,None,550
9,0.32667397215092103,-0.47202717003546446,-0.5876744340124822,-0.525436684979579,-0.4981287381152882,-0.4456016735014468,-0.5274273536009438,-0.3020874190505117,-0.1426496732063365,0.0,0.0,0.0,1.0,0.0,1.0,0.0,0.0,0.0,0.0,0.0,0.0,0.0,0.0,1.0,0.0,0.0,0.0,0.0,0.0,0.0,0.0,0.0,0.0,0.0,0.0,0.0,0.0,0.0,1.0,0.0,0.0,0.0,1.0,0.0,0.0,1.0,0.0,0.0,3.02,None,549
10,0.32667397215092103,-0.47202717003546446,-0.5876744340124822,-0.525436684979579,-0.4981287381152882,-0.4456016735014468,-0.5274273536009438,-0.3020874190505117,-0.11136443712782775,0.0,0.0,0.0,1.0,0.0,1.0,0.0,0.0,0.0,0.0,0.0,0.0,0.0,0.0,1.0,0.0,0.0,0.0,0.0,0.0,0.0,0.0,0.0,0.0,0.0,0.0,0.0,0.0,0.0,1.0,0.0,0.0,0.0,1.0,0.0,0.0,1.0,0.0,0.0,3.02,None,548
11,0.32667397215092103,-0.47202717003546446,-0.5876744340124822,-0.525436684979579,-0.4981287381152882,-0.4011002979563568,-0.5274273536009438,-0.3020874190505117,-0.2354625402392459,0.0,0.0,0.0,1.0,0.0,1.0,0.0,0.0,0.0,0.0,0.0,0.0,0.0,0.0,1.0,0.0,0.0,0.0,0.0,0.0,0.0,0.0,0.0,0.0,0.0,0.0,0.0,0.0,0.0,1.0,0.0,0.0,0.0,1.0,0.0,0.0,1.0,0.0,0.0,2.98,None,549
12,0.32667397215092103,-0.47202717003546446,-0.5876744340124822,-0.525436684979579,-0.4981287381152882,-0.4011002979563568,-0.5274273536009438,-0.3020874190505117,-0.23441969903662893,0.0,0.0,0.0,1.0,0.0,1.0,0.0,0.0,0.0,0.0,0.0,0.0,0.0,0.0,1.0,0.0,0.0,0.0,0.0,0.0,0.0,0.0,0.0,0.0,0.0,0.0,0.0,0.0,0.0,1.0,0.0,0.0,0.0,1.0,0.0,0.0,1.0,0.0,0.0,3.21,None,560
13,0.32667397215092103,-0.47202717003546446,-0.5876744340124822,-0.525436684979579,-0.4981287381152882,-0.4011002979563568,-0.5274273536009438,-0.3020874190505117,-0.23233401663139502,0.0,0.0,0.0,1.0,0.0,1.0,0.0,0.0,0.0,0.0,0.0,0.0,0.0,0.0,1.0,0.0,0.0,0.0,0.0,0.0,0.0,0.0,0.0,0.0,0.0,0.0,0.0,0.0,0.0,1.0,0.0,0.0,0.0,1.0,0.0,0.0,1.0,0.0,0.0,3.43,None,582
14,0.32667397215092103,-0.47202717003546446,-0.5876744340124822,-0.525436684979579,-0.4981287381152882,-0.4011002979563568,-0.5274273536009438,-0.3020874190505117,-0.22607696941569327,0.0,0.0,0.0,1.0,0.0,1.0,0.0,0.0,0.0,0.0,0.0,0.0,0.0,0.0,1.0,0.0,0.0,0.0,0.0,0.0,0.0,0.0,0.0,0.0,0.0,0.0,0.0,0.0,0.0,1.0,0.0,0.0,0.0,1.0,0.0,0.0,1.0,0.0,0.0,4.07,None,593
15,0.32667397215092103,-0.47202717003546446,-0.5876744340124822,-0.525436684979579,-0.4981287381152882,-0.4011002979563568,-0.5274273536009438,-0.3020874190505117,-0.20522014536335406,0.0,0.0,0.0,1.0,0.0,1.0,0.0,0.0,0.0,0.0,0.0,0.0,0.0,0.0,1.0,0.0,0.0,0.0,0.0,0.0,0.0,0.0,0.0,0.0,0.0,0.0,0.0,0.0,0.0,1.0,0.0,0.0,0.0,1.0,0.0,0.0,1.0,0.0,0.0,4.95,None,602
16,0.32667397215092103,-0.47202717003546446,-0.5876744340124822,-0.525436684979579,-0.4981287381152882,-0.4011002979563568,-0.5274273536009438,-0.3020874190505117,-0.17393490928484528,0.0,0.0,0.0,1.0,0.0,1.0,0.0,0.0,0.0,0.0,0.0,0.0,0.0,0.0,1.0,0.0,0.0,0.0,0.0,0.0,0.0,0.0,0.0,0.0,0.0,0.0,0.0,0.0,0.0,1.0,0.0,0.0,0.0,1.0,0.0,0.0,1.0,0.0,0.0,5.41,None,603
17,0.32667397215092103,-0.47202717003546446,-0.5876744340124822,-0.525436684979579,-0.4981287381152882,-0.4011002979563568,-0.5274273536009438,-0.3020874190505117,-0.1426496732063365,0.0,0.0,0.0,1.0,0.0,1.0,0.0,0.0,0.0,0.0,0.0,0.0,0.0,0.0,1.0,0.0,0.0,0.0,0.0,0.0,0.0,0.0,0.0,0.0,0.0,0.0,0.0,0.0,0.0,1.0,0.0,0.0,0.0,1.0,0.0,0.0,1.0,0.0,0.0,5.49,None,603
18,0.32667397215092103,-0.47202717003546446,-0.5876744340124822,-0.525436684979579,-0.4981287381152882,-0.4011002979563568,-0.5274273536009438,-0.3020874190505117,-0.11136443712782775,0.0,0.0,0.0,1.0,0.0,1.0,0.0,0.0,0.0,0.0,0.0,0.0,0.0,0.0,1.0,0.0,0.0,0.0,0.0,0.0,0.0,0.0,0.0,0.0,0.0,0.0,0.0,0.0,0.0,1.0,0.0,0.0,0.0,1.0,0.0,0.0,1.0,0.0,0.0,5.55,None,604
19,0.4045168534984929,-0.3718584162168571,-0.5509922756801092,0.12971256734161168,-0.4981287381152882,-0.2646294129514141,-0.6818111328718388,-0.3020874190505117,-0.2361508154329731,0.0,0.0,1.0,0.0,0.0,0.0,0.0,0.0,0.0,0.0,0.0,0.0,1.0,0.0,1.0,0.0,0.0,0.0,0.0,0.0,0.0,0.0,0.0,0.0,0.0,0.0,0.0,0.0,1.0,0.0,0.0,1.0,0.0,0.0,0.0,0.0,1.0,0.0,0.0,2.6,526,556
20,0.4045168534984929,-0.3718584162168571,-0.5509922756801092,0.12971256734161168,-0.4981287381152882,-0.2646294129514141,-0.6818111328718388,-0.3020874190505117,-0.2357962494240833,0.0,0.0,1.0,0.0,0.0,0.0,0.0,0.0,0.0,0.0,0.0,0.0,1.0,0.0,1.0,0.0,0.0,0.0,0.0,0.0,0.0,0.0,0.0,0.0,0.0,0.0,0.0,0.0,1.0,0.0,0.0,1.0,0.0,0.0,0.0,0.0,1.0,0.0,0.0,3.2,559,580
21,0.4045168534984929,-0.3718584162168571,-0.5509922756801092,0.12971256734161168,-0.4981287381152882,-0.2646294129514141,-0.6818111328718388,-0.3020874190505117,-0.23508711740630378,0.0,0.0,1.0,0.0,0.0,0.0,0.0,0.0,0.0,0.0,0.0,0.0,1.0,0.0,1.0,0.0,0.0,0.0,0.0,0.0,0.0,0.0,0.0,0.0,0.0,0.0,0.0,0.0,1.0,0.0,0.0,1.0,0.0,0.0,0.0,0.0,1.0,0.0,0.0,3.6,574,598
22,0.4045168534984929,-0.3718584162168571,-0.5509922756801092,0.12971256734161168,-0.4981287381152882,-0.2646294129514141,-0.6818111328718388,-0.3020874190505117,-0.23441969903662893,0.0,0.0,1.0,0.0,0.0,0.0,0.0,0.0,0.0,0.0,0.0,0.0,1.0,0.0,1.0,0.0,0.0,0.0,0.0,0.0,0.0,0.0,0.0,0.0,0.0,0.0,0.0,0.0,1.0,0.0,0.0,1.0,0.0,0.0,0.0,0.0,1.0,0.0,0.0,3.9,582,601
23,0.48235973484606476,0.381134284902329,0.6962011076205743,6.075828661288531,-0.4981287381152882,0.11935388460907674,-0.6818111328718388,-0.3020874190505117,-0.2355668243595076,0.0,0.0,1.0,0.0,0.0,0.0,0.0,0.0,0.0,0.0,0.0,1.0,0.0,0.0,1.0,0.0,0.0,0.0,0.0,0.0,0.0,0.0,0.0,0.0,0.0,0.0,0.0,0.0,0.0,1.0,0.0,1.0,0.0,0.0,0.0,0.0,1.0,0.0,0.0,3.23,556,562
24,0.48235973484606476,0.381134284902329,0.6962011076205743,6.075828661288531,-0.4981287381152882,0.11935388460907674,-0.6818111328718388,-0.3020874190505117,-0.23479512186957105,0.0,0.0,1.0,0.0,0.0,0.0,0.0,0.0,0.0,0.0,0.0,1.0,0.0,0.0,1.0,0.0,0.0,0.0,0.0,0.0,0.0,0.0,0.0,0.0,0.0,0.0,0.0,0.0,0.0,1.0,0.0,1.0,0.0,0.0,0.0,0.0,1.0,0.0,0.0,3.61,570,577
25,0.48235973484606476,0.381134284902329,0.6962011076205743,6.075828661288531,-0.4981287381152882,0.11935388460907674,-0.6818111328718388,-0.3020874190505117,-0.23406513302773915,0.0,0.0,1.0,0.0,0.0,0.0,0.0,0.0,0.0,0.0,0.0,1.0,0.0,0.0,1.0,0.0,0.0,0.0,0.0,0.0,0.0,0.0,0.0,0.0,0.0,0.0,0.0,0.0,0.0,1.0,0.0,1.0,0.0,0.0,0.0,0.0,1.0,0.0,0.0,3.86,574,588
26,0.48235973484606476,0.381134284902329,0.6962011076205743,6.075828661288531,-0.4981287381152882,0.11935388460907674,-0.6818111328718388,-0.3020874190505117,-0.22086276340260846,0.0,0.0,1.0,0.0,0.0,0.0,0.0,0.0,0.0,0.0,0.0,1.0,0.0,0.0,1.0,0.0,0.0,0.0,0.0,0.0,0.0,0.0,0.0,0.0,0.0,0.0,0.0,0.0,0.0,1.0,0.0,1.0,0.0,0.0,0.0,0.0,1.0,0.0,0.0,4.74,605,624
27,0.32667397215092103,-0.47202717003546446,-0.564748085054749,-0.41547347125075723,-0.4981287381152882,-0.07136629629845183,-0.4612229874133345,-0.3020874190505117,-0.19479173333718447,0.0,0.0,1.0,0.0,0.0,0.0,0.0,0.0,0.0,0.0,0.0,1.0,0.0,0.0,1.0,0.0,0.0,0.0,0.0,0.0,0.0,0.0,0.0,0.0,0.0,0.0,0.0,0.0,0.0,1.0,0.0,0.0,0.0,1.0,0.0,0.0,1.0,0.0,0.0,3.7,578,580
28,0.7937312602363521,-0.2820519472760368,-0.3125582465196844,-0.15734929586625984,4.223668649945473,0.7372872707494693,-0.13285379873080178,-0.3020874190505117,-0.23441969903662893,0.0,0.0,1.0,0.0,0.0,0.0,0.0,0.0,0.0,0.0,0.0,0.0,1.0,0.0,0.0,0.0,0.0,0.0,0.0,0.0,1.0,0.0,0.0,0.0,0.0,0.0,0.0,0.0,0.0,1.0,0.0,0.0,0.0,0.0,0.0,1.0,1.0,0.0,0.0,3.7,577,600
29,0.7937312602363521,-0.2820519472760368,-0.3125582465196844,-0.15734929586625984,4.223668649945473,0.7372872707494693,-0.13285379873080178,-0.3020874190505117,-0.2351288310544085,0.0,0.0,1.0,0.0,0.0,0.0,0.0,0.0,0.0,0.0,0.0,0.0,1.0,0.0,0.0,0.0,0.0,0.0,0.0,0.0,1.0,0.0,0.0,0.0,0.0,0.0,0.0,0.0,0.0,1.0,0.0,0.0,0.0,0.0,0.0,1.0,1.0,0.0,0.0,2.9,543,577
30,0.7937312602363521,-0.2820519472760368,-0.3125582465196844,-0.15734929586625984,4.223668649945473,0.7372872707494693,-0.13285379873080178,-0.3020874190505117,-0.23581710624813568,0.0,0.0,1.0,0.0,0.0,0.0,0.0,0.0,0.0,0.0,0.0,0.0,1.0,0.0,0.0,0.0,0.0,0.0,0.0,0.0,1.0,0.0,0.0,0.0,0.0,0.0,0.0,0.0,0.0,1.0,0.0,0.0,0.0,0.0,0.0,1.0,1.0,0.0,0.0,2.69,530,547
31,0.7937312602363521,-0.2820519472760368,-0.3125582465196844,-0.15734929586625984,4.223668649945473,0.7372872707494693,-0.13285379873080178,-0.3020874190505117,0.10971789782696763,0.0,0.0,1.0,0.0,0.0,0.0,0.0,0.0,0.0,0.0,0.0,0.0,1.0,0.0,0.0,0.0,0.0,0.0,0.0,0.0,1.0,0.0,0.0,0.0,0.0,0.0,0.0,0.0,0.0,1.0,0.0,0.0,0.0,0.0,0.0,1.0,1.0,0.0,0.0,2.39,506,505
32,0.015302446760633671,-0.43748622044284124,0.30645317533911065,-0.45598623420348106,-0.4277118589533895,-0.07136629629845183,-0.2411932929559912,-0.3020874190505117,-0.23633164409750687,0.0,0.0,1.0,0.0,0.0,0.0,0.0,0.0,0.0,0.0,0.0,1.0,0.0,0.0,0.0,0.0,0.0,0.0,0.0,0.0,1.0,0.0,0.0,0.0,0.0,0.0,0.0,0.0,0.0,1.0,0.0,0.0,0.0,1.0,0.0,0.0,1.0,0.0,0.0,2.22,473,488
33,-0.2960690786296537,-0.43748622044284124,0.30645317533911065,-0.45598623420348106,-0.4277118589533895,-0.07136629629845183,-0.2411932929559912,-0.3020874190505117,-0.23633164409750687,0.0,0.0,1.0,0.0,0.0,0.0,0.0,0.0,0.0,0.0,0.0,1.0,0.0,0.0,0.0,0.0,0.0,0.0,0.0,0.0,1.0,0.0,0.0,0.0,0.0,0.0,0.0,0.0,0.0,1.0,0.0,0.0,0.0,1.0,0.0,0.0,1.0,0.0,0.0,1.9,459,477
34,-0.607440604019941,-0.43748622044284124,0.30645317533911065,-0.45598623420348106,-0.4277118589533895,-0.07136629629845183,-0.2411932929559912,-0.3020874190505117,-0.23633164409750687,0.0,0.0,1.0,0.0,0.0,0.0,0.0,0.0,0.0,0.0,0.0,1.0,0.0,0.0,0.0,0.0,0.0,0.0,0.0,0.0,1.0,0.0,0.0,0.0,0.0,0.0,0.0,0.0,0.0,1.0,0.0,0.0,0.0,1.0,0.0,0.0,1.0,0.0,0.0,1.8,440,459
35,-0.9188121294102285,-0.43748622044284124,0.30645317533911065,-0.45598623420348106,-0.4277118589533895,-0.07136629629845183,-0.2411932929559912,-0.3020874190505117,-0.23633164409750687,0.0,0.0,1.0,0.0,0.0,0.0,0.0,0.0,0.0,0.0,0.0,1.0,0.0,0.0,0.0,0.0,0.0,0.0,0.0,0.0,1.0,0.0,0.0,0.0,0.0,0.0,0.0,0.0,0.0,1.0,0.0,0.0,0.0,1.0,0.0,0.0,1.0,0.0,0.0,1.6,427,454
52,1.1051027856266395,-0.040265300127674195,-0.156659073607099,-0.525436684979579,1.9280741173883507,-0.2620864772059804,0.10895548477181165,-0.3020874190505117,-0.1989630981476523,0.0,0.0,0.0,0.0,1.0,1.0,0.0,0.0,0.0,0.0,0.0,0.0,0.0,0.0,0.0,0.0,0.0,0.0,0.0,0.0,1.0,0.0,0.0,0.0,0.0,0.0,0.0,0.0,0.0,1.0,0.0,0.0,0.0,0.0,0.0,1.0,1.0,0.0,0.0,3.9,520,535
53,1.1051027856266395,-0.040265300127674195,-0.156659073607099,-0.525436684979579,1.9280741173883507,-0.2620864772059804,0.10895548477181165,-0.3020874190505117,-0.13222126118016692,0.0,0.0,0.0,0.0,1.0,1.0,0.0,0.0,0.0,0.0,0.0,0.0,0.0,0.0,0.0,0.0,0.0,0.0,0.0,0.0,1.0,0.0,0.0,0.0,0.0,0.0,0.0,0.0,0.0,1.0,0.0,0.0,0.0,0.0,0.0,1.0,1.0,0.0,0.0,4.07,548,558
54,1.1051027856266395,-0.040265300127674195,-0.156659073607099,-0.525436684979579,1.9280741173883507,-0.2620864772059804,0.10895548477181165,-0.3020874190505117,-0.027937140918470996,0.0,0.0,0.0,0.0,1.0,1.0,0.0,0.0,0.0,0.0,0.0,0.0,0.0,0.0,0.0,0.0,0.0,0.0,0.0,0.0,1.0,0.0,0.0,0.0,0.0,0.0,0.0,0.0,0.0,1.0,0.0,0.0,0.0,0.0,0.0,1.0,1.0,0.0,0.0,4.19,570,580
55,1.1051027856266395,-0.040265300127674195,-0.156659073607099,-0.525436684979579,1.9280741173883507,-0.2620864772059804,0.10895548477181165,-0.3020874190505117,0.07634697934322493,0.0,0.0,0.0,0.0,1.0,1.0,0.0,0.0,0.0,0.0,0.0,0.0,0.0,0.0,0.0,0.0,0.0,0.0,0.0,0.0,1.0,0.0,0.0,0.0,0.0,0.0,0.0,0.0,0.0,1.0,0.0,0.0,0.0,0.0,0.0,1.0,1.0,0.0,0.0,4.3,580,590
56,1.1051027856266395,-0.040265300127674195,-0.156659073607099,-0.525436684979579,1.9280741173883507,-0.2620864772059804,0.10895548477181165,-0.3020874190505117,0.18063109960492085,0.0,0.0,0.0,0.0,1.0,1.0,0.0,0.0,0.0,0.0,0.0,0.0,0.0,0.0,0.0,0.0,0.0,0.0,0.0,0.0,1.0,0.0,0.0,0.0,0.0,0.0,0.0,0.0,0.0,1.0,0.0,0.0,0.0,0.0,0.0,1.0,1.0,0.0,0.0,4.39,595,600
57,1.1051027856266395,-0.040265300127674195,-0.156659073607099,-0.525436684979579,1.9280741173883507,-0.2620864772059804,0.10895548477181165,-0.3020874190505117,0.2390302069514706,0.0,0.0,0.0,0.0,1.0,1.0,0.0,0.0,0.0,0.0,0.0,0.0,0.0,0.0,0.0,0.0,0.0,0.0,0.0,0.0,1.0,0.0,0.0,0.0,0.0,0.0,0.0,0.0,0.0,1.0,0.0,0.0,0.0,0.0,0.0,1.0,1.0,0.0,0.0,4.9,630,640
58,1.1051027856266395,-0.040265300127674195,-0.156659073607099,-0.525436684979579,1.9280741173883507,-0.2620864772059804,0.10895548477181165,-0.3020874190505117,0.2849152198666168,0.0,0.0,0.0,0.0,1.0,1.0,0.0,0.0,0.0,0.0,0.0,0.0,0.0,0.0,0.0,0.0,0.0,0.0,0.0,0.0,1.0,0.0,0.0,0.0,0.0,0.0,0.0,0.0,0.0,1.0,0.0,0.0,0.0,0.0,0.0,1.0,1.0,0.0,0.0,5.05,640,650
59,0.32667397215092103,-0.40294527085021803,-0.4730426892238164,-0.525436684979579,1.6919507829786133,0.4634978554911061,-0.4025856322914537,-0.3020874190505117,-0.23615707248018877,0.0,0.0,0.0,1.0,0.0,1.0,0.0,0.0,0.0,0.0,0.0,0.0,0.0,0.0,0.0,0.0,0.0,0.0,0.0,0.0,0.0,0.0,0.0,1.0,0.0,0.0,0.0,0.0,1.0,0.0,0.0,0.0,0.0,0.0,0.0,1.0,1.0,0.0,0.0,1.92,460,470
60,0.32667397215092103,-0.40294527085021803,-0.4730426892238164,-0.525436684979579,1.6919507829786133,0.4634978554911061,-0.4025856322914537,-0.3020874190505117,-0.22607696941569327,0.0,0.0,0.0,1.0,0.0,1.0,0.0,0.0,0.0,0.0,0.0,0.0,0.0,0.0,0.0,0.0,0.0,0.0,0.0,0.0,0.0,0.0,0.0,1.0,0.0,0.0,0.0,0.0,1.0,0.0,0.0,0.0,0.0,0.0,0.0,1.0,1.0,0.0,0.0,2.87,540,550
61,0.32667397215092103,-0.40294527085021803,-0.4730426892238164,-0.525436684979579,1.6919507829786133,0.4634978554911061,-0.4025856322914537,-0.3020874190505117,-0.20522014536335406,0.0,0.0,0.0,1.0,0.0,1.0,0.0,0.0,0.0,0.0,0.0,0.0,0.0,0.0,0.0,0.0,0.0,0.0,0.0,0.0,0.0,0.0,0.0,1.0,0.0,0.0,0.0,0.0,1.0,0.0,0.0,0.0,0.0,0.0,0.0,1.0,1.0,0.0,0.0,3.02,550,565
62,0.32667397215092103,-0.40294527085021803,-0.4730426892238164,-0.525436684979579,1.6919507829786133,0.4634978554911061,-0.4025856322914537,-0.3020874190505117,-0.17393490928484528,0.0,0.0,0.0,1.0,0.0,1.0,0.0,0.0,0.0,0.0,0.0,0.0,0.0,0.0,0.0,0.0,0.0,0.0,0.0,0.0,0.0,0.0,0.0,1.0,0.0,0.0,0.0,0.0,1.0,0.0,0.0,0.0,0.0,0.0,0.0,1.0,1.0,0.0,0.0,3.15,555,570
63,0.32667397215092103,-0.40294527085021803,-0.4730426892238164,-0.525436684979579,1.6919507829786133,0.4634978554911061,-0.4025856322914537,-0.3020874190505117,-0.11136443712782775,0.0,0.0,0.0,1.0,0.0,1.0,0.0,0.0,0.0,0.0,0.0,0.0,0.0,0.0,0.0,0.0,0.0,0.0,0.0,0.0,0.0,0.0,0.0,1.0,0.0,0.0,0.0,0.0,1.0,0.0,0.0,0.0,0.0,0.0,0.0,1.0,1.0,0.0,0.0,3.38,565,575
64,0.32667397215092103,-0.40294527085021803,-0.4730426892238164,-0.525436684979579,1.6919507829786133,0.4634978554911061,-0.4025856322914537,-0.3020874190505117,0.13891745150024248,0.0,0.0,0.0,1.0,0.0,1.0,0.0,0.0,0.0,0.0,0.0,0.0,0.0,0.0,0.0,0.0,0.0,0.0,0.0,0.0,0.0,0.0,0.0,1.0,0.0,0.0,0.0,0.0,1.0,0.0,0.0,0.0,0.0,0.0,0.0,1.0,1.0,0.0,0.0,3.57,580,580
65,0.7937312602363521,-0.23024052288710192,-0.42718999130835017,-0.3008802274701956,-0.4981287381152882,-0.4519590128650311,0.19942454695985637,-0.3020874190505117,-0.23644281096970585,0.0,0.0,1.0,0.0,0.0,0.0,0.0,0.0,0.0,0.0,1.0,0.0,0.0,0.0,1.0,0.0,0.0,0.0,0.0,0.0,0.0,0.0,0.0,0.0,0.0,0.0,1.0,0.0,0.0,0.0,0.0,0.0,0.0,1.0,0.0,0.0,1.0,0.0,0.0,1.3,410,435
66,0.7937312602363521,-0.23024052288710192,-0.42718999130835017,-0.3008802274701956,-0.4981287381152882,-0.4519590128650311,0.19942454695985637,-0.3020874190505117,-0.23633852684944415,0.0,0.0,1.0,0.0,0.0,0.0,0.0,0.0,0.0,0.0,1.0,0.0,0.0,0.0,1.0,0.0,0.0,0.0,0.0,0.0,0.0,0.0,0.0,0.0,0.0,0.0,1.0,0.0,0.0,0.0,0.0,0.0,0.0,1.0,0.0,0.0,1.0,0.0,0.0,1.7,435,455
67,0.7937312602363521,-0.23024052288710192,-0.42718999130835017,-0.3008802274701956,-0.4981287381152882,-0.4519590128650311,0.19942454695985637,-0.3020874190505117,-0.2361508154329731,0.0,0.0,1.0,0.0,0.0,0.0,0.0,0.0,0.0,0.0,1.0,0.0,0.0,0.0,1.0,0.0,0.0,0.0,0.0,0.0,0.0,0.0,0.0,0.0,0.0,0.0,1.0,0.0,0.0,0.0,0.0,0.0,0.0,1.0,0.0,0.0,1.0,0.0,0.0,2.1,470,480
68,0.7937312602363521,-0.23024052288710192,-0.42718999130835017,-0.3008802274701956,-0.4981287381152882,-0.4519590128650311,0.19942454695985637,-0.3020874190505117,-0.23581710624813568,0.0,0.0,1.0,0.0,0.0,0.0,0.0,0.0,0.0,0.0,1.0,0.0,0.0,0.0,1.0,0.0,0.0,0.0,0.0,0.0,0.0,0.0,0.0,0.0,0.0,0.0,1.0,0.0,0.0,0.0,0.0,0.0,0.0,1.0,0.0,0.0,1.0,0.0,0.0,2.5,490,515
69,0.7937312602363521,-0.23024052288710192,-0.42718999130835017,-0.3008802274701956,-0.4981287381152882,-0.4519590128650311,0.19942454695985637,-0.3020874190505117,-0.2354625402392459,0.0,0.0,1.0,0.0,0.0,0.0,0.0,0.0,0.0,0.0,1.0,0.0,0.0,0.0,1.0,0.0,0.0,0.0,0.0,0.0,0.0,0.0,0.0,0.0,0.0,0.0,1.0,0.0,0.0,0.0,0.0,0.0,0.0,1.0,0.0,0.0,1.0,0.0,0.0,2.8,508,525
70,0.7937312602363521,-0.23024052288710192,-0.42718999130835017,-0.3008802274701956,-0.4981287381152882,-0.4519590128650311,0.19942454695985637,-0.3020874190505117,-0.23510797423035612,0.0,0.0,1.0,0.0,0.0,0.0,0.0,0.0,0.0,0.0,1.0,0.0,0.0,0.0,1.0,0.0,0.0,0.0,0.0,0.0,0.0,0.0,0.0,0.0,0.0,0.0,1.0,0.0,0.0,0.0,0.0,0.0,0.0,1.0,0.0,0.0,1.0,0.0,0.0,2.9,512,528
71,0.7937312602363521,-0.23024052288710192,-0.42718999130835017,-0.3008802274701956,-0.4981287381152882,-0.4519590128650311,0.19942454695985637,-0.3020874190505117,-0.2347742650455187,0.0,0.0,1.0,0.0,0.0,0.0,0.0,0.0,0.0,0.0,1.0,0.0,0.0,0.0,1.0,0.0,0.0,0.0,0.0,0.0,0.0,0.0,0.0,0.0,0.0,0.0,1.0,0.0,0.0,0.0,0.0,0.0,0.0,1.0,0.0,0.0,1.0,0.0,0.0,3.1,520,530
72,0.7937312602363521,-0.23024052288710192,-0.42718999130835017,-0.3008802274701956,-0.4981287381152882,-0.4519590128650311,0.19942454695985637,-0.3020874190505117,-0.23441969903662893,0.0,0.0,1.0,0.0,0.0,0.0,0.0,0.0,0.0,0.0,1.0,0.0,0.0,0.0,1.0,0.0,0.0,0.0,0.0,0.0,0.0,0.0,0.0,0.0,0.0,0.0,1.0,0.0,0.0,0.0,0.0,0.0,0.0,1.0,0.0,0.0,1.0,0.0,0.0,3.3,523,535
73,0.7937312602363521,-0.23024052288710192,-0.42718999130835017,-0.3008802274701956,-0.4981287381152882,-0.4519590128650311,0.19942454695985637,-0.3020874190505117,-0.2302483342261611,0.0,0.0,1.0,0.0,0.0,0.0,0.0,0.0,0.0,0.0,1.0,0.0,0.0,0.0,1.0,0.0,0.0,0.0,0.0,0.0,0.0,0.0,0.0,0.0,0.0,0.0,1.0,0.0,0.0,0.0,0.0,0.0,0.0,1.0,0.0,0.0,1.0,0.0,0.0,3.8,535,550
74,0.7937312602363521,-0.23024052288710192,-0.42718999130835017,-0.3008802274701956,-0.4981287381152882,-0.4519590128650311,0.19942454695985637,-0.3020874190505117,-0.22607696941569327,0.0,0.0,1.0,0.0,0.0,0.0,0.0,0.0,0.0,0.0,1.0,0.0,0.0,0.0,1.0,0.0,0.0,0.0,0.0,0.0,0.0,0.0,0.0,0.0,0.0,0.0,1.0,0.0,0.0,0.0,0.0,0.0,0.0,1.0,0.0,0.0,1.0,0.0,0.0,4.2,560,570
75,0.7937312602363521,-0.23024052288710192,-0.42718999130835017,-0.3008802274701956,-0.4981287381152882,-0.4519590128650311,0.19942454695985637,-0.3020874190505117,-0.21564855738952368,0.0,0.0,1.0,0.0,0.0,0.0,0.0,0.0,0.0,0.0,1.0,0.0,0.0,0.0,1.0,0.0,0.0,0.0,0.0,0.0,0.0,0.0,0.0,0.0,0.0,0.0,1.0,0.0,0.0,0.0,0.0,0.0,0.0,1.0,0.0,0.0,1.0,0.0,0.0,4.6,575,580
76,0.7937312602363521,-0.23024052288710192,-0.42718999130835017,-0.3008802274701956,-0.4981287381152882,-0.4519590128650311,0.19942454695985637,-0.3020874190505117,-0.1530780852325061,0.0,0.0,1.0,0.0,0.0,0.0,0.0,0.0,0.0,0.0,1.0,0.0,0.0,0.0,1.0,0.0,0.0,0.0,0.0,0.0,0.0,0.0,0.0,0.0,0.0,0.0,1.0,0.0,0.0,0.0,0.0,0.0,0.0,1.0,0.0,0.0,1.0,0.0,0.0,4.7,587,595
77,-0.9188121294102285,-0.31313880190939763,-0.5280659267223761,-0.15850680337919484,-0.4981287381152882,-0.41466262193200326,0.1547484668669948,-0.3020874190505117,-0.2302483342261611,1.0,0.0,0.0,0.0,0.0,0.0,0.0,0.0,0.0,0.0,0.0,1.0,0.0,0.0,1.0,0.0,0.0,0.0,0.0,0.0,0.0,0.0,0.0,0.0,0.0,0.0,0.0,0.0,1.0,0.0,0.0,0.0,0.0,0.0,1.0,0.0,1.0,0.0,0.0,2.1208,475,507
78,-0.9188121294102285,-0.31313880190939763,-0.5280659267223761,-0.15850680337919484,-0.4981287381152882,-0.41466262193200326,0.1547484668669948,-0.3020874190505117,-0.22190560460522543,1.0,0.0,0.0,0.0,0.0,0.0,0.0,0.0,0.0,0.0,0.0,1.0,0.0,0.0,1.0,0.0,0.0,0.0,0.0,0.0,0.0,0.0,0.0,0.0,0.0,0.0,0.0,0.0,1.0,0.0,0.0,0.0,0.0,0.0,1.0,0.0,1.0,0.0,0.0,2.25,490,542
79,-0.9188121294102285,-0.31313880190939763,-0.5280659267223761,-0.15850680337919484,-0.4981287381152882,-0.41466262193200326,0.1547484668669948,-0.3020874190505117,-0.20313446295812015,1.0,0.0,0.0,0.0,0.0,0.0,0.0,0.0,0.0,0.0,0.0,1.0,0.0,0.0,1.0,0.0,0.0,0.0,0.0,0.0,0.0,0.0,0.0,0.0,0.0,0.0,0.0,0.0,1.0,0.0,0.0,0.0,0.0,0.0,1.0,0.0,1.0,0.0,0.0,2.299,495,525
80,-0.9188121294102285,-0.31313880190939763,-0.5280659267223761,-0.15850680337919484,-0.4981287381152882,-0.41466262193200326,0.1547484668669948,-0.3020874190505117,-0.1864490037162488,1.0,0.0,0.0,0.0,0.0,0.0,0.0,0.0,0.0,0.0,0.0,1.0,0.0,0.0,1.0,0.0,0.0,0.0,0.0,0.0,0.0,0.0,0.0,0.0,0.0,0.0,0.0,0.0,1.0,0.0,0.0,0.0,0.0,0.0,1.0,0.0,1.0,0.0,0.0,2.4065,505,530
81,-0.9188121294102285,-0.31313880190939763,-0.5280659267223761,-0.15850680337919484,-0.4981287381152882,-0.41466262193200326,0.1547484668669948,-0.3020874190505117,-0.16142081485344179,1.0,0.0,0.0,0.0,0.0,0.0,0.0,0.0,0.0,0.0,0.0,1.0,0.0,0.0,1.0,0.0,0.0,0.0,0.0,0.0,0.0,0.0,0.0,0.0,0.0,0.0,0.0,0.0,1.0,0.0,0.0,0.0,0.0,0.0,1.0,0.0,1.0,0.0,0.0,2.4527,510,535
82,-0.9188121294102285,-0.31313880190939763,-0.5280659267223761,-0.15850680337919484,-0.4981287381152882,-0.41466262193200326,0.1547484668669948,-0.3020874190505117,-0.13222126118016692,1.0,0.0,0.0,0.0,0.0,0.0,0.0,0.0,0.0,0.0,0.0,1.0,0.0,0.0,1.0,0.0,0.0,0.0,0.0,0.0,0.0,0.0,0.0,0.0,0.0,0.0,0.0,0.0,1.0,0.0,0.0,0.0,0.0,0.0,1.0,0.0,1.0,0.0,0.0,2.4664,512,540
83,-1.3858694174956596,-0.31313880190939763,-0.5280659267223761,-0.15850680337919484,-0.4981287381152882,-0.41466262193200326,0.1547484668669948,-0.3020874190505117,-0.2302483342261611,1.0,0.0,0.0,0.0,0.0,0.0,0.0,0.0,0.0,0.0,0.0,1.0,0.0,0.0,1.0,0.0,0.0,0.0,0.0,0.0,0.0,0.0,0.0,0.0,0.0,0.0,0.0,0.0,1.0,0.0,0.0,0.0,0.0,0.0,1.0,0.0,1.0,0.0,0.0,1.9138,445,490
84,-1.3858694174956596,-0.31313880190939763,-0.5280659267223761,-0.15850680337919484,-0.4981287381152882,-0.41466262193200326,0.1547484668669948,-0.3020874190505117,-0.22190560460522543,1.0,0.0,0.0,0.0,0.0,0.0,0.0,0.0,0.0,0.0,0.0,1.0,0.0,0.0,1.0,0.0,0.0,0.0,0.0,0.0,0.0,0.0,0.0,0.0,0.0,0.0,0.0,0.0,1.0,0.0,0.0,0.0,0.0,0.0,1.0,0.0,1.0,0.0,0.0,2.0272,460,500
85,-1.3858694174956596,-0.31313880190939763,-0.5280659267223761,-0.15850680337919484,-0.4981287381152882,-0.41466262193200326,0.1547484668669948,-0.3020874190505117,-0.20313446295812015,1.0,0.0,0.0,0.0,0.0,0.0,0.0,0.0,0.0,0.0,0.0,1.0,0.0,0.0,1.0,0.0,0.0,0.0,0.0,0.0,0.0,0.0,0.0,0.0,0.0,0.0,0.0,0.0,1.0,0.0,0.0,0.0,0.0,0.0,1.0,0.0,1.0,0.0,0.0,2.1516,477,505
86,-1.3858694174956596,-0.31313880190939763,-0.5280659267223761,-0.15850680337919484,-0.4981287381152882,-0.41466262193200326,0.1547484668669948,-0.3020874190505117,-0.1864490037162488,1.0,0.0,0.0,0.0,0.0,0.0,0.0,0.0,0.0,0.0,0.0,1.0,0.0,0.0,1.0,0.0,0.0,0.0,0.0,0.0,0.0,0.0,0.0,0.0,0.0,0.0,0.0,0.0,1.0,0.0,0.0,0.0,0.0,0.0,1.0,0.0,1.0,0.0,0.0,2.2015,480,513
87,-1.3858694174956596,-0.31313880190939763,-0.5280659267223761,-0.15850680337919484,-0.4981287381152882,-0.41466262193200326,0.1547484668669948,-0.3020874190505117,-0.16142081485344179,1.0,0.0,0.0,0.0,0.0,0.0,0.0,0.0,0.0,0.0,0.0,1.0,0.0,0.0,1.0,0.0,0.0,0.0,0.0,0.0,0.0,0.0,0.0,0.0,0.0,0.0,0.0,0.0,1.0,0.0,0.0,0.0,0.0,0.0,1.0,0.0,1.0,0.0,0.0,2.2939,495,521
88,-1.3858694174956596,-0.31313880190939763,-0.5280659267223761,-0.15850680337919484,-0.4981287381152882,-0.41466262193200326,0.1547484668669948,-0.3020874190505117,-0.13222126118016692,1.0,0.0,0.0,0.0,0.0,0.0,0.0,0.0,0.0,0.0,0.0,1.0,0.0,0.0,1.0,0.0,0.0,0.0,0.0,0.0,0.0,0.0,0.0,0.0,0.0,0.0,0.0,0.0,1.0,0.0,0.0,0.0,0.0,0.0,1.0,0.0,1.0,0.0,0.0,2.3523,503,525
89,-1.8529267055810905,-0.31313880190939763,-0.5280659267223761,-0.15850680337919484,-0.4981287381152882,-0.41466262193200326,0.1547484668669948,-0.3020874190505117,-0.22190560460522543,1.0,0.0,0.0,0.0,0.0,0.0,0.0,0.0,0.0,0.0,0.0,1.0,0.0,0.0,1.0,0.0,0.0,0.0,0.0,0.0,0.0,0.0,0.0,0.0,0.0,0.0,0.0,0.0,1.0,0.0,0.0,0.0,0.0,0.0,1.0,0.0,1.0,0.0,0.0,1.7075,None,485
90,-1.8529267055810905,-0.31313880190939763,-0.5280659267223761,-0.15850680337919484,-0.4981287381152882,-0.41466262193200326,0.1547484668669948,-0.3020874190505117,-0.20313446295812015,1.0,0.0,0.0,0.0,0.0,0.0,0.0,0.0,0.0,0.0,0.0,1.0,0.0,0.0,1.0,0.0,0.0,0.0,0.0,0.0,0.0,0.0,0.0,0.0,0.0,0.0,0.0,0.0,1.0,0.0,0.0,0.0,0.0,0.0,1.0,0.0,1.0,0.0,0.0,1.9458,455,490
91,-1.8529267055810905,-0.31313880190939763,-0.5280659267223761,-0.15850680337919484,-0.4981287381152882,-0.41466262193200326,0.1547484668669948,-0.3020874190505117,-0.1864490037162488,1.0,0.0,0.0,0.0,0.0,0.0,0.0,0.0,0.0,0.0,0.0,1.0,0.0,0.0,1.0,0.0,0.0,0.0,0.0,0.0,0.0,0.0,0.0,0.0,0.0,0.0,0.0,0.0,1.0,0.0,0.0,0.0,0.0,0.0,1.0,0.0,1.0,0.0,0.0,2.0144,460,495
92,-1.8529267055810905,-0.31313880190939763,-0.5280659267223761,-0.15850680337919484,-0.4981287381152882,-0.41466262193200326,0.1547484668669948,-0.3020874190505117,-0.16142081485344179,1.0,0.0,0.0,0.0,0.0,0.0,0.0,0.0,0.0,0.0,0.0,1.0,0.0,0.0,1.0,0.0,0.0,0.0,0.0,0.0,0.0,0.0,0.0,0.0,0.0,0.0,0.0,0.0,1.0,0.0,0.0,0.0,0.0,0.0,1.0,0.0,1.0,0.0,0.0,2.0673,465,497
93,-1.8529267055810905,-0.31313880190939763,-0.5280659267223761,-0.15850680337919484,-0.4981287381152882,-0.41466262193200326,0.1547484668669948,-0.3020874190505117,-0.13222126118016692,1.0,0.0,0.0,0.0,0.0,0.0,0.0,0.0,0.0,0.0,0.0,1.0,0.0,0.0,1.0,0.0,0.0,0.0,0.0,0.0,0.0,0.0,0.0,0.0,0.0,0.0,0.0,0.0,1.0,0.0,0.0,0.0,0.0,0.0,1.0,0.0,1.0,0.0,0.0,2.0995,470,500
94,0.015302446760633671,-0.34422565654275855,-0.39509310276752374,0.08456977433714796,-0.4981287381152882,-0.1866460500914469,0.2787245891246857,1.0524132670829687,-0.2361508154329731,0.0,0.0,1.0,0.0,0.0,0.0,0.0,0.0,0.0,0.0,0.0,1.0,0.0,0.0,1.0,0.0,0.0,0.0,0.0,0.0,0.0,0.0,0.0,0.0,0.0,0.0,0.0,0.0,0.0,1.0,0.0,0.0,0.0,1.0,0.0,0.0,0.0,1.0,0.0,2.4731,491,504
95,0.015302446760633671,-0.34422565654275855,-0.39509310276752374,0.08456977433714796,-0.4981287381152882,-0.1866460500914469,0.2787245891246857,1.0524132670829687,-0.2354625402392459,0.0,0.0,1.0,0.0,0.0,0.0,0.0,0.0,0.0,0.0,0.0,1.0,0.0,0.0,1.0,0.0,0.0,0.0,0.0,0.0,0.0,0.0,0.0,0.0,0.0,0.0,0.0,0.0,0.0,1.0,0.0,0.0,0.0,1.0,0.0,0.0,0.0,1.0,0.0,2.9895,537,547
96,0.015302446760633671,-0.34422565654275855,-0.39509310276752374,0.08456977433714796,-0.4981287381152882,-0.1866460500914469,0.2787245891246857,1.0524132670829687,-0.23441969903662893,0.0,0.0,1.0,0.0,0.0,0.0,0.0,0.0,0.0,0.0,0.0,1.0,0.0,0.0,1.0,0.0,0.0,0.0,0.0,0.0,0.0,0.0,0.0,0.0,0.0,0.0,0.0,0.0,0.0,1.0,0.0,0.0,0.0,1.0,0.0,0.0,0.0,1.0,0.0,3.3729,553,563
97,0.015302446760633671,-0.34422565654275855,-0.39509310276752374,0.08456977433714796,-0.4981287381152882,-0.1866460500914469,0.2787245891246857,1.0524132670829687,-0.2302483342261611,0.0,0.0,1.0,0.0,0.0,0.0,0.0,0.0,0.0,0.0,0.0,1.0,0.0,0.0,1.0,0.0,0.0,0.0,0.0,0.0,0.0,0.0,0.0,0.0,0.0,0.0,0.0,0.0,0.0,1.0,0.0,0.0,0.0,1.0,0.0,0.0,0.0,1.0,0.0,3.6857,565,575
98,0.015302446760633671,-0.34422565654275855,-0.39509310276752374,0.08456977433714796,-0.4981287381152882,-0.1866460500914469,0.2787245891246857,1.0524132670829687,-0.22607696941569327,0.0,0.0,1.0,0.0,0.0,0.0,0.0,0.0,0.0,0.0,0.0,1.0,0.0,0.0,1.0,0.0,0.0,0.0,0.0,0.0,0.0,0.0,0.0,0.0,0.0,0.0,0.0,0.0,0.0,1.0,0.0,0.0,0.0,1.0,0.0,0.0,0.0,1.0,0.0,3.8215,568,578
99,0.015302446760633671,-0.34422565654275855,-0.39509310276752374,0.08456977433714796,-0.4981287381152882,-0.1866460500914469,0.2787245891246857,1.0524132670829687,-0.21564855738952368,0.0,0.0,1.0,0.0,0.0,0.0,0.0,0.0,0.0,0.0,0.0,1.0,0.0,0.0,1.0,0.0,0.0,0.0,0.0,0.0,0.0,0.0,0.0,0.0,0.0,0.0,0.0,0.0,0.0,1.0,0.0,0.0,0.0,1.0,0.0,0.0,0.0,1.0,0.0,3.8785,570,583
100,0.015302446760633671,-0.34422565654275855,-0.39509310276752374,0.08456977433714796,-0.4981287381152882,-0.1866460500914469,0.2787245891246857,1.0524132670829687,-0.19479173333718447,0.0,0.0,1.0,0.0,0.0,0.0,0.0,0.0,0.0,0.0,0.0,1.0,0.0,0.0,1.0,0.0,0.0,0.0,0.0,0.0,0.0,0.0,0.0,0.0,0.0,0.0,0.0,0.0,0.0,1.0,0.0,0.0,0.0,1.0,0.0,0.0,0.0,1.0,0.0,4.0901,575,586
101,0.015302446760633671,-0.34422565654275855,-0.39509310276752374,0.08456977433714796,-0.4981287381152882,-0.4519590128650311,0.3401541992523705,1.0524132670829687,-0.2361508154329731,0.0,0.0,1.0,0.0,0.0,0.0,0.0,0.0,0.0,0.0,0.0,1.0,0.0,0.0,1.0,0.0,0.0,0.0,0.0,0.0,0.0,0.0,0.0,0.0,0.0,0.0,1.0,0.0,0.0,0.0,0.0,0.0,0.0,1.0,0.0,0.0,0.0,1.0,0.0,2.34,472,498
102,0.015302446760633671,-0.34422565654275855,-0.39509310276752374,0.08456977433714796,-0.4981287381152882,-0.4519590128650311,0.3401541992523705,1.0524132670829687,-0.2354625402392459,0.0,0.0,1.0,0.0,0.0,0.0,0.0,0.0,0.0,0.0,0.0,1.0,0.0,0.0,1.0,0.0,0.0,0.0,0.0,0.0,0.0,0.0,0.0,0.0,0.0,0.0,1.0,0.0,0.0,0.0,0.0,0.0,0.0,1.0,0.0,0.0,0.0,1.0,0.0,2.7943,519,537
103,0.015302446760633671,-0.34422565654275855,-0.39509310276752374,0.08456977433714796,-0.4981287381152882,-0.4519590128650311,0.3401541992523705,1.0524132670829687,-0.23441969903662893,0.0,0.0,1.0,0.0,0.0,0.0,0.0,0.0,0.0,0.0,0.0,1.0,0.0,0.0,1.0,0.0,0.0,0.0,0.0,0.0,0.0,0.0,0.0,0.0,0.0,0.0,1.0,0.0,0.0,0.0,0.0,0.0,0.0,1.0,0.0,0.0,0.0,1.0,0.0,2.9968,532,547
104,0.015302446760633671,-0.34422565654275855,-0.39509310276752374,0.08456977433714796,-0.4981287381152882,-0.4519590128650311,0.3401541992523705,1.0524132670829687,-0.22607696941569327,0.0,0.0,1.0,0.0,0.0,0.0,0.0,0.0,0.0,0.0,0.0,1.0,0.0,0.0,1.0,0.0,0.0,0.0,0.0,0.0,0.0,0.0,0.0,0.0,0.0,0.0,1.0,0.0,0.0,0.0,0.0,0.0,0.0,1.0,0.0,0.0,0.0,1.0,0.0,3.161,542,555
105,0.015302446760633671,-0.34422565654275855,-0.39509310276752374,0.08456977433714796,-0.4981287381152882,-0.4519590128650311,0.3401541992523705,1.0524132670829687,-0.19479173333718447,0.0,0.0,1.0,0.0,0.0,0.0,0.0,0.0,0.0,0.0,0.0,1.0,0.0,0.0,1.0,0.0,0.0,0.0,0.0,0.0,0.0,0.0,0.0,0.0,0.0,0.0,1.0,0.0,0.0,0.0,0.0,0.0,0.0,1.0,0.0,0.0,0.0,1.0,0.0,3.125,550,566
110,0.015302446760633671,-0.34422565654275855,-0.39509310276752374,0.08456977433714796,-0.4981287381152882,-0.4519590128650311,0.8762671603667096,-0.3020874190505117,-0.2361508154329731,0.0,0.0,1.0,0.0,0.0,0.0,0.0,0.0,0.0,0.0,0.0,1.0,0.0,0.0,1.0,0.0,0.0,0.0,0.0,0.0,0.0,0.0,0.0,0.0,0.0,0.0,1.0,0.0,0.0,0.0,0.0,0.0,0.0,1.0,0.0,0.0,1.0,0.0,0.0,2.5094,501,511
111,0.015302446760633671,-0.34422565654275855,-0.39509310276752374,0.08456977433714796,-0.4981287381152882,-0.4519590128650311,0.8762671603667096,-0.3020874190505117,-0.2354625402392459,0.0,0.0,1.0,0.0,0.0,0.0,0.0,0.0,0.0,0.0,0.0,1.0,0.0,0.0,1.0,0.0,0.0,0.0,0.0,0.0,0.0,0.0,0.0,0.0,0.0,0.0,1.0,0.0,0.0,0.0,0.0,0.0,0.0,1.0,0.0,0.0,1.0,0.0,0.0,2.9639,532,542
112,0.015302446760633671,-0.34422565654275855,-0.39509310276752374,0.08456977433714796,-0.4981287381152882,-0.4519590128650311,0.8762671603667096,-0.3020874190505117,-0.23441969903662893,0.0,0.0,1.0,0.0,0.0,0.0,0.0,0.0,0.0,0.0,0.0,1.0,0.0,0.0,1.0,0.0,0.0,0.0,0.0,0.0,0.0,0.0,0.0,0.0,0.0,0.0,1.0,0.0,0.0,0.0,0.0,0.0,0.0,1.0,0.0,0.0,1.0,0.0,0.0,3.2593,542,558
113,0.015302446760633671,-0.34422565654275855,-0.39509310276752374,0.08456977433714796,-0.4981287381152882,-0.4519590128650311,0.8762671603667096,-0.3020874190505117,-0.2302483342261611,0.0,0.0,1.0,0.0,0.0,0.0,0.0,0.0,0.0,0.0,0.0,1.0,0.0,0.0,1.0,0.0,0.0,0.0,0.0,0.0,0.0,0.0,0.0,0.0,0.0,0.0,1.0,0.0,0.0,0.0,0.0,0.0,0.0,1.0,0.0,0.0,1.0,0.0,0.0,3.6297,555,573
114,0.015302446760633671,-0.34422565654275855,-0.39509310276752374,0.08456977433714796,-0.4981287381152882,-0.4519590128650311,0.8762671603667096,-0.3020874190505117,-0.22607696941569327,0.0,0.0,1.0,0.0,0.0,0.0,0.0,0.0,0.0,0.0,0.0,1.0,0.0,0.0,1.0,0.0,0.0,0.0,0.0,0.0,0.0,0.0,0.0,0.0,0.0,0.0,1.0,0.0,0.0,0.0,0.0,0.0,0.0,1.0,0.0,0.0,1.0,0.0,0.0,3.7911,558,578
115,0.015302446760633671,-0.34422565654275855,-0.39509310276752374,0.08456977433714796,-0.4981287381152882,-0.4519590128650311,0.8762671603667096,-0.3020874190505117,-0.21564855738952368,0.0,0.0,1.0,0.0,0.0,0.0,0.0,0.0,0.0,0.0,0.0,1.0,0.0,0.0,1.0,0.0,0.0,0.0,0.0,0.0,0.0,0.0,0.0,0.0,0.0,0.0,1.0,0.0,0.0,0.0,0.0,0.0,0.0,1.0,0.0,0.0,1.0,0.0,0.0,3.9063,560,581
116,0.015302446760633671,-0.34422565654275855,-0.39509310276752374,0.08456977433714796,-0.4981287381152882,-0.4519590128650311,0.8762671603667096,-0.3020874190505117,-0.19479173333718447,0.0,0.0,1.0,0.0,0.0,0.0,0.0,0.0,0.0,0.0,0.0,1.0,0.0,0.0,1.0,0.0,0.0,0.0,0.0,0.0,0.0,0.0,0.0,0.0,0.0,0.0,1.0,0.0,0.0,0.0,0.0,0.0,0.0,1.0,0.0,0.0,1.0,0.0,0.0,4.0278,563,584
117,1.5721600737120707,-0.1611586237018555,0.30645317533911065,-0.2939351823925858,1.4428335460532906,2.1036914112958516,-0.3467405321753767,-0.3020874190505117,-0.23623424272918245,0.0,0.0,1.0,0.0,0.0,0.0,0.0,1.0,0.0,0.0,0.0,0.0,0.0,0.0,0.0,0.0,0.0,0.0,0.0,0.0,1.0,0.0,0.0,0.0,0.0,0.0,0.0,0.0,1.0,0.0,0.0,0.0,0.0,0.0,0.0,1.0,1.0,0.0,0.0,1.7,409,440
123,0.9494170229314958,-0.47202717003546446,-0.5641519999818481,0.011646801022245124,-0.4981287381152882,-0.22309479577599678,-0.1283861907215156,-0.3020874190505117,-0.23633226980222843,0.0,0.0,1.0,0.0,0.0,0.0,0.0,0.0,0.0,0.0,0.0,1.0,0.0,0.0,1.0,0.0,0.0,0.0,0.0,0.0,0.0,0.0,0.0,0.0,0.0,0.0,0.0,0.0,0.0,1.0,0.0,0.0,0.0,1.0,0.0,0.0,1.0,0.0,0.0,2.28,508,523
124,0.9494170229314958,-0.47202717003546446,-0.5641519999818481,0.011646801022245124,-0.4981287381152882,-0.22309479577599678,-0.1283861907215156,-0.3020874190505117,-0.23615915816259403,0.0,0.0,1.0,0.0,0.0,0.0,0.0,0.0,0.0,0.0,0.0,1.0,0.0,0.0,1.0,0.0,0.0,0.0,0.0,0.0,0.0,0.0,0.0,0.0,0.0,0.0,0.0,0.0,0.0,1.0,0.0,0.0,0.0,1.0,0.0,0.0,1.0,0.0,0.0,2.72,None,563
125,0.9494170229314958,-0.47202717003546446,-0.5641519999818481,0.011646801022245124,-0.4981287381152882,-0.22309479577599678,-0.1283861907215156,-0.3020874190505117,-0.23598396084055437,0.0,0.0,1.0,0.0,0.0,0.0,0.0,0.0,0.0,0.0,0.0,1.0,0.0,0.0,1.0,0.0,0.0,0.0,0.0,0.0,0.0,0.0,0.0,0.0,0.0,0.0,0.0,0.0,0.0,1.0,0.0,0.0,0.0,1.0,0.0,0.0,1.0,0.0,0.0,2.85,None,577
126,0.9494170229314958,-0.47202717003546446,-0.5641519999818481,0.011646801022245124,-0.4981287381152882,-0.22309479577599678,-0.1283861907215156,-0.3020874190505117,-0.23441969903662893,0.0,0.0,1.0,0.0,0.0,0.0,0.0,0.0,0.0,0.0,0.0,1.0,0.0,0.0,1.0,0.0,0.0,0.0,0.0,0.0,0.0,0.0,0.0,0.0,0.0,0.0,0.0,0.0,0.0,1.0,0.0,0.0,0.0,1.0,0.0,0.0,1.0,0.0,0.0,3.28,585,604
127,0.9494170229314958,-0.47202717003546446,-0.5641519999818481,0.011646801022245124,-0.4981287381152882,-0.22309479577599678,-0.1283861907215156,-0.3020874190505117,-0.2302483342261611,0.0,0.0,1.0,0.0,0.0,0.0,0.0,0.0,0.0,0.0,0.0,1.0,0.0,0.0,1.0,0.0,0.0,0.0,0.0,0.0,0.0,0.0,0.0,0.0,0.0,0.0,0.0,0.0,0.0,1.0,0.0,0.0,0.0,1.0,0.0,0.0,1.0,0.0,0.0,3.33,None,610
128,0.9494170229314958,-0.47202717003546446,-0.5641519999818481,0.011646801022245124,-0.4981287381152882,-0.22309479577599678,-0.1283861907215156,-0.3020874190505117,-0.2198199221999915,0.0,0.0,1.0,0.0,0.0,0.0,0.0,0.0,0.0,0.0,0.0,1.0,0.0,0.0,1.0,0.0,0.0,0.0,0.0,0.0,0.0,0.0,0.0,0.0,0.0,0.0,0.0,0.0,0.0,1.0,0.0,0.0,0.0,1.0,0.0,0.0,1.0,0.0,0.0,3.62,None,625
129,0.015302446760633671,0.8647075791990542,-0.01451571006915342,1.7432780403729542,-0.4981287381152882,-0.33752690432051397,4.98088201889837,-0.3020874190505117,-0.23337685783401196,0.0,0.0,1.0,0.0,0.0,0.0,0.0,0.0,0.0,0.0,0.0,1.0,0.0,0.0,1.0,0.0,0.0,0.0,0.0,0.0,0.0,0.0,0.0,0.0,0.0,0.0,0.0,0.0,0.0,1.0,0.0,0.0,0.0,1.0,0.0,0.0,1.0,0.0,0.0,2.5,524,544
130,0.32667397215092103,0.8647075791990542,-0.01451571006915342,1.7432780403729542,-0.4981287381152882,-0.33752690432051397,4.98088201889837,-0.3020874190505117,-0.23337685783401196,0.0,0.0,1.0,0.0,0.0,0.0,0.0,0.0,0.0,0.0,0.0,1.0,0.0,0.0,1.0,0.0,0.0,0.0,0.0,0.0,0.0,0.0,0.0,0.0,0.0,0.0,0.0,0.0,0.0,1.0,0.0,0.0,0.0,1.0,0.0,0.0,1.0,0.0,0.0,3.0,555,577
131,0.6380454975412084,0.8647075791990542,-0.01451571006915342,1.7432780403729542,-0.4981287381152882,-0.33752690432051397,4.98088201889837,-0.3020874190505117,-0.23337685783401196,0.0,0.0,1.0,0.0,0.0,0.0,0.0,0.0,0.0,0.0,0.0,1.0,0.0,0.0,1.0,0.0,0.0,0.0,0.0,0.0,0.0,0.0,0.0,0.0,0.0,0.0,0.0,0.0,0.0,1.0,0.0,0.0,0.0,1.0,0.0,0.0,1.0,0.0,0.0,4.0,592,610
132,0.9494170229314958,0.8647075791990542,-0.01451571006915342,1.7432780403729542,-0.4981287381152882,-0.33752690432051397,4.98088201889837,-0.3020874190505117,-0.23337685783401196,0.0,0.0,1.0,0.0,0.0,0.0,0.0,0.0,0.0,0.0,0.0,1.0,0.0,0.0,1.0,0.0,0.0,0.0,0.0,0.0,0.0,0.0,0.0,0.0,0.0,0.0,0.0,0.0,0.0,1.0,0.0,0.0,0.0,1.0,0.0,0.0,1.0,0.0,0.0,4.5,603,625
133,0.9494170229314958,-0.47202717003546446,-0.15207380381555236,-0.4791363844621803,1.7366941015129806,-0.3519368735446384,-0.5734716386466494,-0.3020874190505117,-0.23633226980222843,0.0,0.0,1.0,0.0,0.0,0.0,0.0,0.0,0.0,0.0,0.0,0.0,1.0,0.0,0.0,0.0,0.0,1.0,0.0,0.0,0.0,0.0,0.0,0.0,0.0,0.0,0.0,0.0,1.0,0.0,0.0,0.0,0.0,0.0,0.0,1.0,1.0,0.0,0.0,2.28,495,509
134,0.9494170229314958,-0.47202717003546446,-0.15207380381555236,-0.4791363844621803,1.7366941015129806,-0.3519368735446384,-0.5734716386466494,-0.3020874190505117,-0.23570656508065826,0.0,0.0,1.0,0.0,0.0,0.0,0.0,0.0,0.0,0.0,0.0,0.0,1.0,0.0,0.0,0.0,0.0,1.0,0.0,0.0,0.0,0.0,0.0,0.0,0.0,0.0,0.0,0.0,1.0,0.0,0.0,0.0,0.0,0.0,0.0,1.0,1.0,0.0,0.0,3.02,551,563
135,0.9494170229314958,-0.47202717003546446,-0.15207380381555236,-0.4791363844621803,1.7366941015129806,-0.3519368735446384,-0.5734716386466494,-0.3020874190505117,-0.23494111963793743,0.0,0.0,1.0,0.0,0.0,0.0,0.0,0.0,0.0,0.0,0.0,0.0,1.0,0.0,0.0,0.0,0.0,1.0,0.0,0.0,0.0,0.0,0.0,0.0,0.0,0.0,0.0,0.0,1.0,0.0,0.0,0.0,0.0,0.0,0.0,1.0,1.0,0.0,0.0,3.66,579,591
136,0.9494170229314958,-0.47202717003546446,-0.15207380381555236,-0.4791363844621803,1.7366941015129806,-0.3519368735446384,-0.5734716386466494,-0.3020874190505117,-0.23129117542877806,0.0,0.0,1.0,0.0,0.0,0.0,0.0,0.0,0.0,0.0,0.0,0.0,1.0,0.0,0.0,0.0,0.0,1.0,0.0,0.0,0.0,0.0,0.0,0.0,0.0,0.0,0.0,0.0,1.0,0.0,0.0,0.0,0.0,0.0,0.0,1.0,1.0,0.0,0.0,4.86,607,617
137,0.9494170229314958,-0.47202717003546446,-0.15207380381555236,-0.4791363844621803,1.7366941015129806,-0.3519368735446384,-0.5734716386466494,-0.3020874190505117,-0.22364297804878527,0.0,0.0,1.0,0.0,0.0,0.0,0.0,0.0,0.0,0.0,0.0,0.0,1.0,0.0,0.0,0.0,0.0,1.0,0.0,0.0,0.0,0.0,0.0,0.0,0.0,0.0,0.0,0.0,1.0,0.0,0.0,0.0,0.0,0.0,0.0,1.0,1.0,0.0,0.0,5.11,611,623
138,0.9494170229314958,-0.47202717003546446,-0.15207380381555236,-0.4791363844621803,1.7366941015129806,-0.3519368735446384,-0.5734716386466494,-0.3020874190505117,-0.2153002484278496,0.0,0.0,1.0,0.0,0.0,0.0,0.0,0.0,0.0,0.0,0.0,0.0,1.0,0.0,0.0,0.0,0.0,1.0,0.0,0.0,0.0,0.0,0.0,0.0,0.0,0.0,0.0,0.0,1.0,0.0,0.0,0.0,0.0,0.0,0.0,1.0,1.0,0.0,0.0,5.16,615,627
139,1.1051027856266395,-0.42021574564652964,-0.49596903818154964,-0.4241547775977695,1.2593640862249456,-0.3832997477383209,-0.4659139758230851,-0.3020874190505117,-0.17393490928484528,0.0,0.0,1.0,0.0,0.0,0.0,0.0,0.0,0.0,0.0,0.0,0.0,1.0,0.0,0.0,0.0,0.0,0.0,0.0,0.0,1.0,0.0,0.0,0.0,0.0,0.0,0.0,0.0,0.0,1.0,0.0,0.0,0.0,0.0,0.0,1.0,1.0,0.0,0.0,9.08,None,644
140,0.7937312602363521,-0.3338633716649716,0.07718968576177916,-0.2939351823925858,4.18851879345867,-0.257000605715113,-0.14206824024995454,-0.3020874190505117,-0.23441969903662893,0.0,0.0,1.0,0.0,0.0,0.0,0.0,0.0,0.0,0.0,0.0,0.0,1.0,0.0,0.0,0.0,0.0,0.0,0.0,0.0,1.0,0.0,0.0,0.0,0.0,0.0,0.0,0.0,0.0,1.0,0.0,0.0,0.0,0.0,0.0,1.0,1.0,0.0,0.0,1.76,571,581
141,0.7937312602363521,-0.3338633716649716,0.07718968576177916,-0.2939351823925858,4.18851879345867,-0.257000605715113,-0.14206824024995454,-0.3020874190505117,-0.21564855738952368,0.0,0.0,1.0,0.0,0.0,0.0,0.0,0.0,0.0,0.0,0.0,0.0,1.0,0.0,0.0,0.0,0.0,0.0,0.0,0.0,1.0,0.0,0.0,0.0,0.0,0.0,0.0,0.0,0.0,1.0,0.0,0.0,0.0,0.0,0.0,1.0,1.0,0.0,0.0,1.99,582,592
142,-0.7631263667150848,-0.3718584162168571,-0.5528263835967279,-0.2823601072632362,-0.4981287381152882,-0.43670139839242883,0.10002026875323933,-0.3020874190505117,-0.23581710624813568,0.0,0.0,1.0,0.0,0.0,0.0,0.0,0.0,0.0,0.0,0.0,0.0,1.0,0.0,1.0,0.0,0.0,0.0,0.0,0.0,0.0,0.0,0.0,0.0,0.0,0.0,0.0,0.0,1.0,0.0,0.0,0.0,1.0,0.0,0.0,0.0,1.0,0.0,0.0,1.97,465,480
143,-0.7631263667150848,-0.3718584162168571,-0.5528263835967279,-0.2823601072632362,-0.4981287381152882,-0.43670139839242883,0.10002026875323933,-0.3020874190505117,-0.2351288310544085,0.0,0.0,1.0,0.0,0.0,0.0,0.0,0.0,0.0,0.0,0.0,0.0,1.0,0.0,1.0,0.0,0.0,0.0,0.0,0.0,0.0,0.0,0.0,0.0,0.0,0.0,0.0,0.0,1.0,0.0,0.0,0.0,1.0,0.0,0.0,0.0,1.0,0.0,0.0,2.17,495,520
144,-0.7631263667150848,-0.3718584162168571,-0.5528263835967279,-0.2823601072632362,-0.4981287381152882,-0.43670139839242883,0.10002026875323933,-0.3020874190505117,-0.21564855738952368,0.0,0.0,1.0,0.0,0.0,0.0,0.0,0.0,0.0,0.0,0.0,0.0,1.0,0.0,1.0,0.0,0.0,0.0,0.0,0.0,0.0,0.0,0.0,0.0,0.0,0.0,0.0,0.0,1.0,0.0,0.0,0.0,1.0,0.0,0.0,0.0,1.0,0.0,0.0,2.84,555,570
145,0.5602026161936365,-0.3718584162168571,-0.5528263835967279,-0.2823601072632362,-0.4981287381152882,-0.43670139839242883,0.10002026875323933,-0.3020874190505117,-0.23581710624813568,0.0,0.0,1.0,0.0,0.0,0.0,0.0,0.0,0.0,0.0,0.0,0.0,1.0,0.0,1.0,0.0,0.0,0.0,0.0,0.0,0.0,0.0,0.0,0.0,0.0,0.0,0.0,0.0,1.0,0.0,0.0,0.0,1.0,0.0,0.0,0.0,1.0,0.0,0.0,2.57,525,540
146,0.5602026161936365,-0.3718584162168571,-0.5528263835967279,-0.2823601072632362,-0.4981287381152882,-0.43670139839242883,0.10002026875323933,-0.3020874190505117,-0.2351288310544085,0.0,0.0,1.0,0.0,0.0,0.0,0.0,0.0,0.0,0.0,0.0,0.0,1.0,0.0,1.0,0.0,0.0,0.0,0.0,0.0,0.0,0.0,0.0,0.0,0.0,0.0,0.0,0.0,1.0,0.0,0.0,0.0,1.0,0.0,0.0,0.0,1.0,0.0,0.0,3.25,565,575
147,0.5602026161936365,-0.3718584162168571,-0.5528263835967279,-0.2823601072632362,-0.4981287381152882,-0.43670139839242883,0.10002026875323933,-0.3020874190505117,-0.21564855738952368,0.0,0.0,1.0,0.0,0.0,0.0,0.0,0.0,0.0,0.0,0.0,0.0,1.0,0.0,1.0,0.0,0.0,0.0,0.0,0.0,0.0,0.0,0.0,0.0,0.0,0.0,0.0,0.0,1.0,0.0,0.0,0.0,1.0,0.0,0.0,0.0,1.0,0.0,0.0,4.5,608,615
148,-0.2960690786296537,-0.3718584162168571,-0.5807965293251623,-0.2823601072632362,-0.4981287381152882,-0.43670139839242883,0.10002026875323933,-0.3020874190505117,-0.23581710624813568,0.0,0.0,1.0,0.0,0.0,0.0,0.0,0.0,0.0,0.0,0.0,0.0,1.0,0.0,1.0,0.0,0.0,0.0,0.0,0.0,0.0,0.0,0.0,0.0,0.0,0.0,0.0,0.0,1.0,0.0,0.0,0.0,1.0,0.0,0.0,0.0,1.0,0.0,0.0,2.02,465,480
149,-0.2960690786296537,-0.3718584162168571,-0.5807965293251623,-0.2823601072632362,-0.4981287381152882,-0.43670139839242883,0.10002026875323933,-0.3020874190505117,-0.2351288310544085,0.0,0.0,1.0,0.0,0.0,0.0,0.0,0.0,0.0,0.0,0.0,0.0,1.0,0.0,1.0,0.0,0.0,0.0,0.0,0.0,0.0,0.0,0.0,0.0,0.0,0.0,0.0,0.0,1.0,0.0,0.0,0.0,1.0,0.0,0.0,0.0,1.0,0.0,0.0,2.32,508,518
150,-0.2960690786296537,-0.3718584162168571,-0.5807965293251623,-0.2823601072632362,-0.4981287381152882,-0.43670139839242883,0.10002026875323933,-0.3020874190505117,-0.21564855738952368,0.0,0.0,1.0,0.0,0.0,0.0,0.0,0.0,0.0,0.0,0.0,0.0,1.0,0.0,1.0,0.0,0.0,0.0,0.0,0.0,0.0,0.0,0.0,0.0,0.0,0.0,0.0,0.0,1.0,0.0,0.0,0.0,1.0,0.0,0.0,0.0,1.0,0.0,0.0,3.31,570,580
151,-0.2960690786296537,-0.3718584162168571,-0.4317752610998968,-0.2823601072632362,-0.4981287381152882,-0.43670139839242883,0.10002026875323933,-0.3020874190505117,-0.23581710624813568,0.0,0.0,1.0,0.0,0.0,0.0,0.0,0.0,0.0,0.0,0.0,0.0,1.0,0.0,1.0,0.0,0.0,0.0,0.0,0.0,0.0,0.0,0.0,0.0,0.0,0.0,0.0,0.0,1.0,0.0,0.0,0.0,1.0,0.0,0.0,0.0,1.0,0.0,0.0,2.61,528,550
152,-0.2960690786296537,-0.3718584162168571,-0.4317752610998968,-0.2823601072632362,-0.4981287381152882,-0.43670139839242883,0.10002026875323933,-0.3020874190505117,-0.2351288310544085,0.0,0.0,1.0,0.0,0.0,0.0,0.0,0.0,0.0,0.0,0.0,0.0,1.0,0.0,1.0,0.0,0.0,0.0,0.0,0.0,0.0,0.0,0.0,0.0,0.0,0.0,0.0,0.0,1.0,0.0,0.0,0.0,1.0,0.0,0.0,0.0,1.0,0.0,0.0,2.76,540,560
153,-0.2960690786296537,-0.3718584162168571,-0.4317752610998968,-0.2823601072632362,-0.4981287381152882,-0.43670139839242883,0.10002026875323933,-0.3020874190505117,-0.21564855738952368,0.0,0.0,1.0,0.0,0.0,0.0,0.0,0.0,0.0,0.0,0.0,0.0,1.0,0.0,1.0,0.0,0.0,0.0,0.0,0.0,0.0,0.0,0.0,0.0,0.0,0.0,0.0,0.0,1.0,0.0,0.0,0.0,1.0,0.0,0.0,0.0,1.0,0.0,0.0,3.66,578,610
154,-0.06254043458693817,-0.47202717003546446,-0.26257880579182613,-0.2511074044139921,-0.4981287381152882,-0.4368709274421244,0.09443575874163164,-0.3020874190505117,-0.2354625402392459,0.0,0.0,1.0,0.0,0.0,0.0,0.0,0.0,0.0,0.0,0.0,1.0,0.0,0.0,1.0,0.0,0.0,0.0,0.0,0.0,0.0,0.0,0.0,0.0,0.0,0.0,0.0,0.0,0.0,1.0,0.0,0.0,0.0,1.0,0.0,0.0,1.0,0.0,0.0,2.5,474,617
155,0.32667397215092103,-0.34526188503053723,-0.39509310276752374,0.2940786341783768,0.005685871528912201,0.021874681034117664,-0.3634940622101998,-0.3020874190505117,-0.23581710624813568,0.0,0.0,1.0,0.0,0.0,0.0,0.0,0.0,0.0,0.0,0.0,1.0,0.0,0.0,0.0,0.0,0.0,0.0,0.0,0.0,0.0,1.0,0.0,0.0,0.0,0.0,0.0,0.0,0.0,1.0,0.0,0.0,0.0,1.0,0.0,0.0,1.0,0.0,0.0,2.85,534,577
156,0.32667397215092103,-0.34526188503053723,-0.39509310276752374,0.2940786341783768,0.005685871528912201,0.021874681034117664,-0.3634940622101998,-0.3020874190505117,-0.2354625402392459,0.0,0.0,1.0,0.0,0.0,0.0,0.0,0.0,0.0,0.0,0.0,1.0,0.0,0.0,0.0,0.0,0.0,0.0,0.0,0.0,0.0,1.0,0.0,0.0,0.0,0.0,0.0,0.0,0.0,1.0,0.0,0.0,0.0,1.0,0.0,0.0,1.0,0.0,0.0,3.12,561,586
157,0.32667397215092103,-0.34526188503053723,-0.39509310276752374,0.2940786341783768,0.005685871528912201,0.021874681034117664,-0.3634940622101998,-0.3020874190505117,-0.23441969903662893,0.0,0.0,1.0,0.0,0.0,0.0,0.0,0.0,0.0,0.0,0.0,1.0,0.0,0.0,0.0,0.0,0.0,0.0,0.0,0.0,0.0,1.0,0.0,0.0,0.0,0.0,0.0,0.0,0.0,1.0,0.0,0.0,0.0,1.0,0.0,0.0,1.0,0.0,0.0,3.46,570,594
158,0.32667397215092103,-0.34526188503053723,-0.39509310276752374,0.2940786341783768,0.005685871528912201,0.021874681034117664,-0.3634940622101998,-0.3020874190505117,-0.23233401663139502,0.0,0.0,1.0,0.0,0.0,0.0,0.0,0.0,0.0,0.0,0.0,1.0,0.0,0.0,0.0,0.0,0.0,0.0,0.0,0.0,0.0,1.0,0.0,0.0,0.0,0.0,0.0,0.0,0.0,1.0,0.0,0.0,0.0,1.0,0.0,0.0,1.0,0.0,0.0,3.79,579,595
165,-2.475669756361665,0.14970992263175345,0.5357166649164422,-0.525436684979579,-0.4981287381152882,0.19225137597817651,-0.4025856322914537,-0.3020874190505117,4.268568613863401,0.0,1.0,0.0,0.0,0.0,1.0,0.0,0.0,0.0,0.0,0.0,0.0,0.0,0.0,1.0,0.0,0.0,0.0,0.0,0.0,0.0,0.0,0.0,0.0,0.0,0.0,0.0,0.0,0.0,1.0,0.0,0.0,0.0,0.0,0.0,1.0,1.0,0.0,0.0,1.74,422,510
166,-2.475669756361665,0.14970992263175345,0.5357166649164422,1.4307510118805131,-0.4981287381152882,0.19225137597817651,-0.4025856322914537,-0.3020874190505117,4.268568613863401,0.0,1.0,0.0,0.0,0.0,0.0,0.0,0.0,0.0,0.0,0.0,1.0,0.0,0.0,1.0,0.0,0.0,0.0,0.0,0.0,0.0,0.0,0.0,0.0,0.0,0.0,0.0,0.0,0.0,1.0,0.0,0.0,0.0,0.0,0.0,1.0,1.0,0.0,0.0,1.75,404,451
167,-2.475669756361665,0.14970992263175345,0.5357166649164422,0.9793230818358767,-0.4981287381152882,0.19225137597817651,-0.4025856322914537,-0.3020874190505117,4.268568613863401,0.0,1.0,0.0,0.0,0.0,0.0,0.0,0.0,1.0,0.0,0.0,0.0,0.0,0.0,1.0,0.0,0.0,0.0,0.0,0.0,0.0,0.0,0.0,0.0,0.0,0.0,0.0,0.0,0.0,1.0,0.0,0.0,0.0,0.0,0.0,1.0,1.0,0.0,0.0,1.79,407,483
168,-2.475669756361665,0.14970992263175345,0.5357166649164422,0.9561729315771774,-0.4981287381152882,0.19225137597817651,-0.4025856322914537,-0.3020874190505117,4.268568613863401,0.0,1.0,0.0,0.0,0.0,0.0,0.0,0.0,0.0,1.0,0.0,0.0,0.0,0.0,1.0,0.0,0.0,0.0,0.0,0.0,0.0,0.0,0.0,0.0,0.0,0.0,0.0,0.0,0.0,1.0,0.0,0.0,0.0,0.0,0.0,1.0,1.0,0.0,0.0,1.71,418,530
169,-2.475669756361665,0.14970992263175345,0.5357166649164422,-0.525436684979579,1.8569116465006252,0.19225137597817651,-0.4025856322914537,-0.3020874190505117,4.268568613863401,0.0,1.0,0.0,0.0,0.0,1.0,0.0,0.0,0.0,0.0,0.0,0.0,0.0,0.0,0.0,0.0,0.0,0.0,0.0,0.0,0.0,0.0,0.0,0.0,0.0,1.0,0.0,0.0,0.0,1.0,0.0,0.0,0.0,0.0,0.0,1.0,1.0,0.0,0.0,1.97,413,584
170,-0.14038331593451,-0.413307555728005,0.6274220607473748,-0.525436684979579,-0.4981287381152882,-0.11968207546169243,-0.5668372407528595,-0.3020874190505117,-0.21564855738952368,0.0,0.0,0.0,1.0,0.0,1.0,0.0,0.0,0.0,0.0,0.0,0.0,0.0,0.0,1.0,0.0,0.0,0.0,0.0,0.0,0.0,0.0,0.0,0.0,0.0,0.0,0.0,0.0,0.0,0.0,1.0,0.0,0.0,0.0,0.0,1.0,1.0,0.0,0.0,2.0,486,488
171,-0.14038331593451,-0.413307555728005,0.6274220607473748,-0.525436684979579,-0.4981287381152882,-0.11968207546169243,-0.5668372407528595,-0.3020874190505117,-0.17393490928484528,0.0,0.0,0.0,1.0,0.0,1.0,0.0,0.0,0.0,0.0,0.0,0.0,0.0,0.0,1.0,0.0,0.0,0.0,0.0,0.0,0.0,0.0,0.0,0.0,0.0,0.0,0.0,0.0,0.0,0.0,1.0,0.0,0.0,0.0,0.0,1.0,1.0,0.0,0.0,2.0,434,508
172,-0.14038331593451,-0.413307555728005,0.6274220607473748,-0.525436684979579,-0.4981287381152882,-0.11968207546169243,-0.5668372407528595,-0.3020874190505117,-0.048793964970810184,0.0,0.0,0.0,1.0,0.0,1.0,0.0,0.0,0.0,0.0,0.0,0.0,0.0,0.0,1.0,0.0,0.0,0.0,0.0,0.0,0.0,0.0,0.0,0.0,0.0,0.0,0.0,0.0,0.0,0.0,1.0,0.0,0.0,0.0,0.0,1.0,1.0,0.0,0.0,2.0,414,523
190,0.7937312602363521,-0.4768629029784317,-0.3263140558943243,-0.46524629430696085,-0.18295169161693955,0.023569971531073514,-0.46401524241913844,-0.3020874190505117,-0.23640109732160117,0.0,1.0,0.0,0.0,0.0,0.0,0.0,0.0,0.0,0.0,0.0,1.0,0.0,0.0,0.0,0.0,0.0,0.0,0.0,1.0,0.0,0.0,0.0,0.0,0.0,0.0,0.0,0.0,0.0,1.0,0.0,0.0,0.0,1.0,0.0,0.0,1.0,0.0,0.0,3.8,None,555
191,0.7937312602363521,-0.4768629029784317,-0.3263140558943243,-0.46524629430696085,-0.21692988622085074,0.023569971531073514,-0.46401524241913844,-0.3020874190505117,-0.23640109732160117,0.0,1.0,0.0,0.0,0.0,0.0,0.0,0.0,0.0,0.0,0.0,1.0,0.0,0.0,0.0,0.0,0.0,0.0,0.0,0.0,0.0,0.0,1.0,0.0,0.0,0.0,0.0,0.0,0.0,1.0,0.0,0.0,0.0,1.0,0.0,0.0,1.0,0.0,0.0,3.8,None,550
192,0.7937312602363521,-0.4768629029784317,-0.3263140558943243,-0.46524629430696085,-0.2954312323747145,0.023569971531073514,-0.46401524241913844,-0.3020874190505117,-0.23640109732160117,0.0,1.0,0.0,0.0,0.0,0.0,0.0,0.0,0.0,0.0,0.0,1.0,0.0,0.0,0.0,0.0,0.0,0.0,1.0,0.0,0.0,0.0,0.0,0.0,0.0,0.0,0.0,0.0,0.0,1.0,0.0,0.0,0.0,1.0,0.0,0.0,1.0,0.0,0.0,3.7,None,540
193,0.7937312602363521,-0.4768629029784317,-0.3263140558943243,-0.46524629430696085,-0.3422977076904541,0.023569971531073514,-0.46401524241913844,-0.3020874190505117,-0.23640109732160117,0.0,1.0,0.0,0.0,0.0,0.0,0.0,0.0,0.0,0.0,0.0,1.0,0.0,0.0,0.0,0.0,0.0,0.0,0.0,0.0,1.0,0.0,0.0,0.0,0.0,0.0,0.0,0.0,0.0,1.0,0.0,0.0,0.0,1.0,0.0,0.0,1.0,0.0,0.0,3.6,None,530
194,0.7937312602363521,-0.4768629029784317,-0.3263140558943243,-0.46524629430696085,-0.18295169161693955,0.023569971531073514,-0.46401524241913844,-0.3020874190505117,-0.2354625402392459,0.0,1.0,0.0,0.0,0.0,0.0,0.0,0.0,0.0,0.0,0.0,1.0,0.0,0.0,0.0,0.0,0.0,0.0,0.0,1.0,0.0,0.0,0.0,0.0,0.0,0.0,0.0,0.0,0.0,1.0,0.0,0.0,0.0,1.0,0.0,0.0,1.0,0.0,0.0,4.3,None,595
195,0.7937312602363521,-0.4768629029784317,-0.3263140558943243,-0.46524629430696085,-0.21692988622085074,0.023569971531073514,-0.46401524241913844,-0.3020874190505117,-0.2354625402392459,0.0,1.0,0.0,0.0,0.0,0.0,0.0,0.0,0.0,0.0,0.0,1.0,0.0,0.0,0.0,0.0,0.0,0.0,0.0,0.0,0.0,0.0,1.0,0.0,0.0,0.0,0.0,0.0,0.0,1.0,0.0,0.0,0.0,1.0,0.0,0.0,1.0,0.0,0.0,4.1,None,585
196,0.7937312602363521,-0.4768629029784317,-0.3263140558943243,-0.46524629430696085,-0.2954312323747145,0.023569971531073514,-0.46401524241913844,-0.3020874190505117,-0.2354625402392459,0.0,1.0,0.0,0.0,0.0,0.0,0.0,0.0,0.0,0.0,0.0,1.0,0.0,0.0,0.0,0.0,0.0,0.0,1.0,0.0,0.0,0.0,0.0,0.0,0.0,0.0,0.0,0.0,0.0,1.0,0.0,0.0,0.0,1.0,0.0,0.0,1.0,0.0,0.0,4.0,None,570
197,0.7937312602363521,-0.4768629029784317,-0.3263140558943243,-0.46524629430696085,-0.3422977076904541,0.023569971531073514,-0.46401524241913844,-0.3020874190505117,-0.2354625402392459,0.0,1.0,0.0,0.0,0.0,0.0,0.0,0.0,0.0,0.0,0.0,1.0,0.0,0.0,0.0,0.0,0.0,0.0,0.0,0.0,1.0,0.0,0.0,0.0,0.0,0.0,0.0,0.0,0.0,1.0,0.0,0.0,0.0,1.0,0.0,0.0,1.0,0.0,0.0,3.9,None,560
198,0.7937312602363521,-0.4768629029784317,-0.3263140558943243,-0.46524629430696085,-0.18295169161693955,0.023569971531073514,-0.46401524241913844,-0.3020874190505117,-0.22607696941569327,0.0,1.0,0.0,0.0,0.0,0.0,0.0,0.0,0.0,0.0,0.0,1.0,0.0,0.0,0.0,0.0,0.0,0.0,0.0,1.0,0.0,0.0,0.0,0.0,0.0,0.0,0.0,0.0,0.0,1.0,0.0,0.0,0.0,1.0,0.0,0.0,1.0,0.0,0.0,4.2,None,590
199,0.7937312602363521,-0.4768629029784317,-0.3263140558943243,-0.46524629430696085,-0.21692988622085074,0.023569971531073514,-0.46401524241913844,-0.3020874190505117,-0.22607696941569327,0.0,1.0,0.0,0.0,0.0,0.0,0.0,0.0,0.0,0.0,0.0,1.0,0.0,0.0,0.0,0.0,0.0,0.0,0.0,0.0,0.0,0.0,1.0,0.0,0.0,0.0,0.0,0.0,0.0,1.0,0.0,0.0,0.0,1.0,0.0,0.0,1.0,0.0,0.0,4.2,None,590
200,0.7937312602363521,-0.4768629029784317,-0.3263140558943243,-0.46524629430696085,-0.2954312323747145,0.023569971531073514,-0.46401524241913844,-0.3020874190505117,-0.22607696941569327,0.0,1.0,0.0,0.0,0.0,0.0,0.0,0.0,0.0,0.0,0.0,1.0,0.0,0.0,0.0,0.0,0.0,0.0,1.0,0.0,0.0,0.0,0.0,0.0,0.0,0.0,0.0,0.0,0.0,1.0,0.0,0.0,0.0,1.0,0.0,0.0,1.0,0.0,0.0,4.1,None,580
201,0.7937312602363521,-0.4768629029784317,-0.3263140558943243,-0.46524629430696085,0.017402490357847154,0.023569971531073514,-0.46401524241913844,-0.3020874190505117,-0.23640109732160117,0.0,1.0,0.0,0.0,0.0,0.0,0.0,0.0,0.0,0.0,0.0,1.0,0.0,0.0,0.0,1.0,0.0,0.0,0.0,0.0,0.0,0.0,0.0,0.0,0.0,0.0,0.0,0.0,0.0,1.0,0.0,0.0,0.0,1.0,0.0,0.0,1.0,0.0,0.0,3.7,None,535
202,0.7937312602363521,-0.4768629029784317,-0.3263140558943243,-0.46524629430696085,0.07950057015120202,0.023569971531073514,-0.46401524241913844,-0.3020874190505117,-0.23640109732160117,0.0,1.0,0.0,0.0,0.0,0.0,0.0,0.0,0.0,0.0,0.0,1.0,0.0,0.0,0.0,0.0,0.0,0.0,0.0,0.0,0.0,0.0,0.0,0.0,1.0,0.0,0.0,0.0,0.0,1.0,0.0,0.0,0.0,1.0,0.0,0.0,1.0,0.0,0.0,4.1,None,575
203,0.7937312602363521,-0.4768629029784317,-0.3263140558943243,-0.46524629430696085,-0.09390538851703434,0.023569971531073514,-0.46401524241913844,-0.3020874190505117,-0.23640109732160117,0.0,1.0,0.0,0.0,0.0,0.0,0.0,0.0,0.0,0.0,0.0,1.0,0.0,1.0,0.0,0.0,0.0,0.0,0.0,0.0,0.0,0.0,0.0,0.0,0.0,0.0,0.0,0.0,0.0,1.0,0.0,0.0,0.0,1.0,0.0,0.0,1.0,0.0,0.0,3.6,None,530
204,0.7937312602363521,-0.4768629029784317,-0.3263140558943243,-0.46524629430696085,-0.07164381274205806,0.023569971531073514,-0.46401524241913844,-0.3020874190505117,-0.23640109732160117,0.0,1.0,0.0,0.0,0.0,0.0,0.0,0.0,0.0,0.0,0.0,1.0,0.0,0.0,0.0,0.0,1.0,0.0,0.0,0.0,0.0,0.0,0.0,0.0,0.0,0.0,0.0,0.0,0.0,1.0,0.0,0.0,0.0,1.0,0.0,0.0,1.0,0.0,0.0,4.0,None,565
