Growth Temp (Celsius),Metal_mmol (mmol),Chalcogen_mmol (mmol),CA_mmol (mmol),Amines_mmol (mmol),Phosphines_mmol (mmol),S_I_amount (g),S_II_amount (g),Time_min (min),x0_cadmium acetate,x0_cadmium acetate dihydrate,x0_cadmium oxide,x0_cadmium stearate,x0_dimethylcadmium,x1_None,x1_benzoic acid,x1_dodecylphosphonic acid,x1_ethylphosphonic acid,x1_lauric acid,x1_myrstic acid,x1_oleic acid,x1_stearic acid,x2_2-6-dimethylpyridine,x2_None,x2_aniline,x2_benzylamine,x2_dioctylamine/hexadecylamine,x2_dodecylamine,x2_heptylamine,x2_hexadecylamine,x2_octadecylamine,x2_octylamine,x2_oleylamine,x2_pyridine,x2_trioctylamine,x3_None,x3_diphenylphosphine,x3_tributylphosphine,x3_trioctylphosphine,x3_triphenylphosphine,x4_None,x4_liquid parafin,x4_octadecene,x4_phenyl ether,x4_trioctylphosphine oxide,x5_None,x5_phosphinic acid,x5_trioctylphosphine oxide,diameter_nm,abs_nm,emission_nm
1.102480341,-0.4387818,-0.245226754,-0.525726463,-0.417578052,-0.166760388,-0.124144708,-0.302794283,-0.226628754,0,0,0,1,0,1,0,0,0,0,0,0,0,0,0,0,0,0,0,0,0,1,0,0,0,0,0,0,0,1,0,0,0,1,0,0,1,0,0,3.41,566,575
0.403387122,-0.373263042,-0.551908026,0.128152379,-0.49946256,-0.265752729,-0.68147074,-0.302794283,-0.236682248,0,0,1,0,0,0,0,0,0,0,0,0,1,0,1,0,0,0,0,0,0,0,0,0,0,0,0,0,1,0,0,1,0,0,0,0,1,0,0,2.6,526,556
0.403387122,-0.373263042,-0.551908026,0.128152379,-0.49946256,-0.265752729,-0.68147074,-0.302794283,-0.236328398,0,0,1,0,0,0,0,0,0,0,0,0,1,0,1,0,0,0,0,0,0,0,0,0,0,0,0,0,1,0,0,1,0,0,0,0,1,0,0,3.2,559,580
0.403387122,-0.373263042,-0.551908026,0.128152379,-0.49946256,-0.265752729,-0.68147074,-0.302794283,-0.235620699,0,0,1,0,0,0,0,0,0,0,0,0,1,0,1,0,0,0,0,0,0,0,0,0,0,0,0,0,1,0,0,1,0,0,0,0,1,0,0,3.6,574,598
0.403387122,-0.373263042,-0.551908026,0.128152379,-0.49946256,-0.265752729,-0.68147074,-0.302794283,-0.234954629,0,0,1,0,0,0,0,0,0,0,0,0,1,0,1,0,0,0,0,0,0,0,0,0,0,0,0,0,1,0,0,1,0,0,0,0,1,0,0,3.9,582,601
0.481064146,0.378478495,0.693126393,6.062738269,-0.49946256,0.117525307,-0.68147074,-0.302794283,-0.236099436,0,0,1,0,0,0,0,0,0,0,0,1,0,0,1,0,0,0,0,0,0,0,0,0,0,0,0,0,0,1,0,1,0,0,0,0,1,0,0,3.23,556,562
0.481064146,0.378478495,0.693126393,6.062738269,-0.49946256,0.117525307,-0.68147074,-0.302794283,-0.235329293,0,0,1,0,0,0,0,0,0,0,0,1,0,0,1,0,0,0,0,0,0,0,0,0,0,0,0,0,0,1,0,1,0,0,0,0,1,0,0,3.61,570,577
0.481064146,0.378478495,0.693126393,6.062738269,-0.49946256,0.117525307,-0.68147074,-0.302794283,-0.234600779,0,0,1,0,0,0,0,0,0,0,0,1,0,0,1,0,0,0,0,0,0,0,0,0,0,0,0,0,0,1,0,1,0,0,0,0,1,0,0,3.86,574,588
0.481064146,0.378478495,0.693126393,6.062738269,-0.49946256,0.117525307,-0.68147074,-0.302794283,-0.221425082,0,0,1,0,0,0,0,0,0,0,0,1,0,0,1,0,0,0,0,0,0,0,0,0,0,0,0,0,0,1,0,1,0,0,0,0,1,0,0,4.74,605,624
0.325710098,-0.473265357,-0.565640024,-0.415976481,-0.49946256,-0.072844578,-0.461326958,-0.302794283,-0.195406723,0,0,1,0,0,0,0,0,0,0,0,1,0,0,1,0,0,0,0,0,0,0,0,0,0,0,0,0,0,1,0,0,0,1,0,0,1,0,0,3.7,578,580
0.791772243,-0.283605795,-0.31388674,-0.158352838,4.21474557,0.734323736,-0.133619251,-0.302794283,-0.234954629,0,0,1,0,0,0,0,0,0,0,0,0,1,0,0,0,0,0,0,0,1,0,0,0,0,0,0,0,0,1,0,0,0,0,0,1,1,0,0,3.7,577,600
0.791772243,-0.283605795,-0.31388674,-0.158352838,4.21474557,0.734323736,-0.133619251,-0.302794283,-0.235662328,0,0,1,0,0,0,0,0,0,0,0,0,1,0,0,0,0,0,0,0,1,0,0,0,0,0,0,0,0,1,0,0,0,0,0,1,1,0,0,2.9,543,577
0.791772243,-0.283605795,-0.31388674,-0.158352838,4.21474557,0.734323736,-0.133619251,-0.302794283,-0.236349213,0,0,1,0,0,0,0,0,0,0,0,0,1,0,0,0,0,0,0,0,1,0,0,0,0,0,0,0,0,1,0,0,0,0,0,1,1,0,0,2.69,530,547
0.791772243,-0.283605795,-0.31388674,-0.158352838,4.21474557,0.734323736,-0.133619251,-0.302794283,0.108487708,0,0,1,0,0,0,0,0,0,0,0,0,1,0,0,0,0,0,0,0,1,0,0,0,0,0,0,0,0,1,0,0,0,0,0,1,1,0,0,2.39,506,505
0.015002,-0.4387818,0.304053137,-0.456410685,-0.429158861,-0.072844578,-0.241740501,-0.302794283,-0.236862711,0,0,1,0,0,0,0,0,0,0,0,1,0,0,0,0,0,0,0,0,1,0,0,0,0,0,0,0,0,1,0,0,0,1,0,0,1,0,0,2.22,473,488
-0.295706097,-0.4387818,0.304053137,-0.456410685,-0.429158861,-0.072844578,-0.241740501,-0.302794283,-0.236862711,0,0,1,0,0,0,0,0,0,0,0,1,0,0,0,0,0,0,0,0,1,0,0,0,0,0,0,0,0,1,0,0,0,1,0,0,1,0,0,1.9,459,477
-0.606414194,-0.4387818,0.304053137,-0.456410685,-0.429158861,-0.072844578,-0.241740501,-0.302794283,-0.236862711,0,0,1,0,0,0,0,0,0,0,0,1,0,0,0,0,0,0,0,0,1,0,0,0,0,0,0,0,0,1,0,0,0,1,0,0,1,0,0,1.8,440,459
-0.917122291,-0.4387818,0.304053137,-0.456410685,-0.429158861,-0.072844578,-0.241740501,-0.302794283,-0.236862711,0,0,1,0,0,0,0,0,0,0,0,1,0,0,0,0,0,0,0,0,1,0,0,0,0,0,0,0,0,1,0,0,0,1,0,0,1,0,0,1.6,427,454
0.170356049,4.095805915,3.910991088,-0.525726463,-0.49946256,4.293817547,0.476652754,-0.302794283,-0.226628754,0,0,0,0,1,1,0,0,0,0,0,0,0,0,1,0,0,0,0,0,0,0,0,0,0,0,0,0,0,1,0,0,0,0,0,1,1,0,0,1.2,412,None
0.170356049,4.095805915,3.910991088,-0.525726463,-0.49946256,4.293817547,0.476652754,-0.302794283,-0.225588019,0,0,0,0,1,1,0,0,0,0,0,0,0,0,1,0,0,0,0,0,0,0,0,0,0,0,0,0,0,1,0,0,0,0,0,1,1,0,0,1.6,461,None
0.170356049,4.095805915,3.910991088,-0.525726463,-0.49946256,4.293817547,0.476652754,-0.302794283,-0.224547285,0,0,0,0,1,1,0,0,0,0,0,0,0,0,1,0,0,0,0,0,0,0,0,0,0,0,0,0,0,1,0,0,0,0,0,1,1,0,0,1.9,482,None
0.170356049,4.095805915,3.910991088,-0.525726463,-0.49946256,4.293817547,0.476652754,-0.302794283,-0.223506551,0,0,0,0,1,1,0,0,0,0,0,0,0,0,1,0,0,0,0,0,0,0,0,0,0,0,0,0,0,1,0,0,0,0,0,1,1,0,0,2.3,519,None
0.170356049,4.095805915,3.910991088,-0.525726463,-0.49946256,4.293817547,0.476652754,-0.302794283,-0.222465816,0,0,0,0,1,1,0,0,0,0,0,0,0,0,1,0,0,0,0,0,0,0,0,0,0,0,0,0,0,1,0,0,0,0,0,1,1,0,0,3.2,553,None
0.170356049,4.095805915,3.910991088,-0.525726463,-0.49946256,4.293817547,0.476652754,-0.302794283,-0.221425082,0,0,0,0,1,1,0,0,0,0,0,0,0,0,1,0,0,0,0,0,0,0,0,0,0,0,0,0,0,1,0,0,0,0,0,1,1,0,0,3.7,571,None
0.170356049,4.095805915,3.910991088,-0.525726463,-0.49946256,4.293817547,0.476652754,-0.302794283,-0.220384348,0,0,0,0,1,1,0,0,0,0,0,0,0,0,1,0,0,0,0,0,0,0,0,0,0,0,0,0,0,1,0,0,0,0,0,1,1,0,0,5.3,608,None
0.170356049,4.095805915,3.910991088,-0.525726463,-0.49946256,4.293817547,0.476652754,-0.302794283,-0.219343613,0,0,0,0,1,1,0,0,0,0,0,0,0,0,1,0,0,0,0,0,0,0,0,0,0,0,0,0,0,1,0,0,0,0,0,1,1,0,0,5.1,641,None
0.170356049,4.095805915,3.910991088,-0.525726463,-0.49946256,4.293817547,0.476652754,-0.302794283,-0.218302879,0,0,0,0,1,1,0,0,0,0,0,0,0,0,1,0,0,0,0,0,0,0,0,0,0,0,0,0,0,1,0,0,0,0,0,1,1,0,0,6.5,658,None
0.170356049,4.095805915,3.910991088,-0.525726463,-0.49946256,4.293817547,0.476652754,-0.302794283,-0.217262145,0,0,0,0,1,1,0,0,0,0,0,0,0,0,1,0,0,0,0,0,0,0,0,0,0,0,0,0,0,1,0,0,0,0,0,1,1,0,0,8.3,681,None
0.170356049,4.095805915,3.910991088,-0.525726463,-0.49946256,4.293817547,0.476652754,-0.302794283,-0.21622141,0,0,0,0,1,1,0,0,0,0,0,0,0,0,1,0,0,0,0,0,0,0,0,0,0,0,0,0,0,1,0,0,0,0,0,1,1,0,0,11.5,685,None
0.015002,0.181922222,0.294898472,-0.456410685,-0.460859864,-0.072844578,-0.241740501,-0.302794283,-0.23686958,0,0,1,0,0,0,0,0,0,0,0,0,1,0,0,0,0,0,0,0,1,0,0,0,0,0,0,0,0,1,0,0,0,1,0,0,1,0,0,2.13,480,None
0.015002,0.181922222,0.294898472,-0.456410685,-0.460859864,-0.072844578,-0.241740501,-0.302794283,-0.235995363,0,0,1,0,0,0,0,0,0,0,0,1,0,0,0,0,0,0,0,0,1,0,0,0,0,0,0,0,0,1,0,0,0,1,0,0,1,0,0,2.31,500,None
0.015002,0.181922222,0.294898472,-0.456410685,-0.460859864,-0.072844578,-0.241740501,-0.302794283,-0.23287316,0,0,1,0,0,0,0,0,0,0,0,1,0,0,0,0,0,0,0,0,1,0,0,0,0,0,0,0,0,1,0,0,0,1,0,0,1,0,0,2.59,525,None
0.015002,0.181922222,0.294898472,-0.456410685,-0.460859864,-0.072844578,-0.241740501,-0.302794283,-0.220384348,0,0,1,0,0,0,0,0,0,0,0,1,0,0,0,0,0,0,0,0,1,0,0,0,0,0,0,0,0,1,0,0,0,1,0,0,1,0,0,2.84,550,None
0.015002,0.181922222,0.294898472,-0.456410685,-0.460859864,-0.072844578,-0.241740501,-0.302794283,-0.170429099,0,0,1,0,0,0,0,0,0,0,0,1,0,0,0,0,0,0,0,0,1,0,0,0,0,0,0,0,0,1,0,0,0,1,0,0,1,0,0,2.91,552,None
1.102480341,-0.042220897,-0.158257438,-0.525726463,1.922840704,-0.263214463,0.107702921,-0.302794283,-0.199569661,0,0,0,0,1,1,0,0,0,0,0,0,0,0,0,0,0,0,0,0,1,0,0,0,0,0,0,0,0,1,0,0,0,0,0,1,1,0,0,3.9,520,535
1.102480341,-0.042220897,-0.158257438,-0.525726463,1.922840704,-0.263214463,0.107702921,-0.302794283,-0.132962662,0,0,0,0,1,1,0,0,0,0,0,0,0,0,0,0,0,0,0,0,1,0,0,0,0,0,0,0,0,1,0,0,0,0,0,1,1,0,0,4.07,548,558
1.102480341,-0.042220897,-0.158257438,-0.525726463,1.922840704,-0.263214463,0.107702921,-0.302794283,-0.028889227,0,0,0,0,1,1,0,0,0,0,0,0,0,0,0,0,0,0,0,0,1,0,0,0,0,0,0,0,0,1,0,0,0,0,0,1,1,0,0,4.19,570,580
1.102480341,-0.042220897,-0.158257438,-0.525726463,1.922840704,-0.263214463,0.107702921,-0.302794283,0.075184209,0,0,0,0,1,1,0,0,0,0,0,0,0,0,0,0,0,0,0,0,1,0,0,0,0,0,0,0,0,1,0,0,0,0,0,1,1,0,0,4.3,580,590
1.102480341,-0.042220897,-0.158257438,-0.525726463,1.922840704,-0.263214463,0.107702921,-0.302794283,0.179257644,0,0,0,0,1,1,0,0,0,0,0,0,0,0,0,0,0,0,0,0,1,0,0,0,0,0,0,0,0,1,0,0,0,0,0,1,1,0,0,4.39,595,600
1.102480341,-0.042220897,-0.158257438,-0.525726463,1.922840704,-0.263214463,0.107702921,-0.302794283,0.237538768,0,0,0,0,1,1,0,0,0,0,0,0,0,0,0,0,0,0,0,0,1,0,0,0,0,0,0,0,0,1,0,0,0,0,0,1,1,0,0,4.9,630,640
1.102480341,-0.042220897,-0.158257438,-0.525726463,1.922840704,-0.263214463,0.107702921,-0.302794283,0.283331079,0,0,0,0,1,1,0,0,0,0,0,0,0,0,0,0,0,0,0,0,1,0,0,0,0,0,0,0,0,1,0,0,0,0,0,1,1,0,0,5.05,640,650
0.325710098,-0.404298243,-0.474093375,-0.525726463,1.687096886,0.461037189,-0.402807724,-0.302794283,-0.236688492,0,0,0,1,0,1,0,0,0,0,0,0,0,0,0,0,0,0,0,0,0,0,0,1,0,0,0,0,1,0,0,0,0,0,0,1,1,0,0,1.92,460,470
0.325710098,-0.404298243,-0.474093375,-0.525726463,1.687096886,0.461037189,-0.402807724,-0.302794283,-0.226628754,0,0,0,1,0,1,0,0,0,0,0,0,0,0,0,0,0,0,0,0,0,0,0,1,0,0,0,0,1,0,0,0,0,0,0,1,1,0,0,2.87,540,550
0.325710098,-0.404298243,-0.474093375,-0.525726463,1.687096886,0.461037189,-0.402807724,-0.302794283,-0.205814067,0,0,0,1,0,1,0,0,0,0,0,0,0,0,0,0,0,0,0,0,0,0,0,1,0,0,0,0,1,0,0,0,0,0,0,1,1,0,0,3.02,550,565
0.325710098,-0.404298243,-0.474093375,-0.525726463,1.687096886,0.461037189,-0.402807724,-0.302794283,-0.174592036,0,0,0,1,0,1,0,0,0,0,0,0,0,0,0,0,0,0,0,0,0,0,0,1,0,0,0,0,1,0,0,0,0,0,0,1,1,0,0,3.15,555,570
0.325710098,-0.404298243,-0.474093375,-0.525726463,1.687096886,0.461037189,-0.402807724,-0.302794283,-0.112147975,0,0,0,1,0,1,0,0,0,0,0,0,0,0,0,0,0,0,0,0,0,0,0,1,0,0,0,0,1,0,0,0,0,0,0,1,1,0,0,3.38,565,575
0.325710098,-0.404298243,-0.474093375,-0.525726463,1.687096886,0.461037189,-0.402807724,-0.302794283,0.13762827,0,0,0,1,0,1,0,0,0,0,0,0,0,0,0,0,0,0,0,0,0,0,0,1,0,0,0,0,1,0,0,0,0,0,0,1,1,0,0,3.57,580,580
0.791772243,-0.23188046,-0.428320051,-0.301605446,-0.49946256,-0.45273826,0.197989738,-0.302794283,-0.236973653,0,0,1,0,0,0,0,0,0,0,1,0,0,0,1,0,0,0,0,0,0,0,0,0,0,0,1,0,0,0,0,0,0,1,0,0,1,0,0,1.3,410,435
0.791772243,-0.23188046,-0.428320051,-0.301605446,-0.49946256,-0.45273826,0.197989738,-0.302794283,-0.23686958,0,0,1,0,0,0,0,0,0,0,1,0,0,0,1,0,0,0,0,0,0,0,0,0,0,0,1,0,0,0,0,0,0,1,0,0,1,0,0,1.7,435,455
0.791772243,-0.23188046,-0.428320051,-0.301605446,-0.49946256,-0.45273826,0.197989738,-0.302794283,-0.236682248,0,0,1,0,0,0,0,0,0,0,1,0,0,0,1,0,0,0,0,0,0,0,0,0,0,0,1,0,0,0,0,0,0,1,0,0,1,0,0,2.1,470,480
0.791772243,-0.23188046,-0.428320051,-0.301605446,-0.49946256,-0.45273826,0.197989738,-0.302794283,-0.236349213,0,0,1,0,0,0,0,0,0,0,1,0,0,0,1,0,0,0,0,0,0,0,0,0,0,0,1,0,0,0,0,0,0,1,0,0,1,0,0,2.5,490,515
0.791772243,-0.23188046,-0.428320051,-0.301605446,-0.49946256,-0.45273826,0.197989738,-0.302794283,-0.235995363,0,0,1,0,0,0,0,0,0,0,1,0,0,0,1,0,0,0,0,0,0,0,0,0,0,0,1,0,0,0,0,0,0,1,0,0,1,0,0,2.8,508,525
0.791772243,-0.23188046,-0.428320051,-0.301605446,-0.49946256,-0.45273826,0.197989738,-0.302794283,-0.235641513,0,0,1,0,0,0,0,0,0,0,1,0,0,0,1,0,0,0,0,0,0,0,0,0,0,0,1,0,0,0,0,0,0,1,0,0,1,0,0,2.9,512,528
0.791772243,-0.23188046,-0.428320051,-0.301605446,-0.49946256,-0.45273826,0.197989738,-0.302794283,-0.235308478,0,0,1,0,0,0,0,0,0,0,1,0,0,0,1,0,0,0,0,0,0,0,0,0,0,0,1,0,0,0,0,0,0,1,0,0,1,0,0,3.1,520,530
0.791772243,-0.23188046,-0.428320051,-0.301605446,-0.49946256,-0.45273826,0.197989738,-0.302794283,-0.234954629,0,0,1,0,0,0,0,0,0,0,1,0,0,0,1,0,0,0,0,0,0,0,0,0,0,0,1,0,0,0,0,0,0,1,0,0,1,0,0,3.3,523,535
0.791772243,-0.23188046,-0.428320051,-0.301605446,-0.49946256,-0.45273826,0.197989738,-0.302794283,-0.230791691,0,0,1,0,0,0,0,0,0,0,1,0,0,0,1,0,0,0,0,0,0,0,0,0,0,0,1,0,0,0,0,0,0,1,0,0,1,0,0,3.8,535,550
0.791772243,-0.23188046,-0.428320051,-0.301605446,-0.49946256,-0.45273826,0.197989738,-0.302794283,-0.226628754,0,0,1,0,0,0,0,0,0,0,1,0,0,0,1,0,0,0,0,0,0,0,0,0,0,0,1,0,0,0,0,0,0,1,0,0,1,0,0,4.2,560,570
0.791772243,-0.23188046,-0.428320051,-0.301605446,-0.49946256,-0.45273826,0.197989738,-0.302794283,-0.21622141,0,0,1,0,0,0,0,0,0,0,1,0,0,0,1,0,0,0,0,0,0,0,0,0,0,0,1,0,0,0,0,0,0,1,0,0,1,0,0,4.6,575,580
0.791772243,-0.23188046,-0.428320051,-0.301605446,-0.49946256,-0.45273826,0.197989738,-0.302794283,-0.153777349,0,0,1,0,0,0,0,0,0,0,1,0,0,0,1,0,0,0,0,0,0,0,0,0,0,0,1,0,0,0,0,0,0,1,0,0,1,0,0,4.7,587,595
-0.917122291,-0.314640996,-0.529021364,-0.159508101,-0.49946256,-0.415510372,0.153403655,-0.302794283,-0.230791691,1,0,0,0,0,0,0,0,0,0,0,1,0,0,1,0,0,0,0,0,0,0,0,0,0,0,0,0,1,0,0,0,0,0,1,0,1,0,0,2.1208,475,507
-0.917122291,-0.314640996,-0.529021364,-0.159508101,-0.49946256,-0.415510372,0.153403655,-0.302794283,-0.222465816,1,0,0,0,0,0,0,0,0,0,0,1,0,0,1,0,0,0,0,0,0,0,0,0,0,0,0,0,1,0,0,0,0,0,1,0,1,0,0,2.25,490,542
-0.917122291,-0.314640996,-0.529021364,-0.159508101,-0.49946256,-0.415510372,0.153403655,-0.302794283,-0.203732598,1,0,0,0,0,0,0,0,0,0,0,1,0,0,1,0,0,0,0,0,0,0,0,0,0,0,0,0,1,0,0,0,0,0,1,0,1,0,0,2.299,495,525
-0.917122291,-0.314640996,-0.529021364,-0.159508101,-0.49946256,-0.415510372,0.153403655,-0.302794283,-0.187080848,1,0,0,0,0,0,0,0,0,0,0,1,0,0,1,0,0,0,0,0,0,0,0,0,0,0,0,0,1,0,0,0,0,0,1,0,1,0,0,2.4065,505,530
-0.917122291,-0.314640996,-0.529021364,-0.159508101,-0.49946256,-0.415510372,0.153403655,-0.302794283,-0.162103224,1,0,0,0,0,0,0,0,0,0,0,1,0,0,1,0,0,0,0,0,0,0,0,0,0,0,0,0,1,0,0,0,0,0,1,0,1,0,0,2.4527,510,535
-0.917122291,-0.314640996,-0.529021364,-0.159508101,-0.49946256,-0.415510372,0.153403655,-0.302794283,-0.132962662,1,0,0,0,0,0,0,0,0,0,0,1,0,0,1,0,0,0,0,0,0,0,0,0,0,0,0,0,1,0,0,0,0,0,1,0,1,0,0,2.4664,512,540
-1.383184437,-0.314640996,-0.529021364,-0.159508101,-0.49946256,-0.415510372,0.153403655,-0.302794283,-0.230791691,1,0,0,0,0,0,0,0,0,0,0,1,0,0,1,0,0,0,0,0,0,0,0,0,0,0,0,0,1,0,0,0,0,0,1,0,1,0,0,1.9138,445,490
-1.383184437,-0.314640996,-0.529021364,-0.159508101,-0.49946256,-0.415510372,0.153403655,-0.302794283,-0.222465816,1,0,0,0,0,0,0,0,0,0,0,1,0,0,1,0,0,0,0,0,0,0,0,0,0,0,0,0,1,0,0,0,0,0,1,0,1,0,0,2.0272,460,500
-1.383184437,-0.314640996,-0.529021364,-0.159508101,-0.49946256,-0.415510372,0.153403655,-0.302794283,-0.203732598,1,0,0,0,0,0,0,0,0,0,0,1,0,0,1,0,0,0,0,0,0,0,0,0,0,0,0,0,1,0,0,0,0,0,1,0,1,0,0,2.1516,477,505
-1.383184437,-0.314640996,-0.529021364,-0.159508101,-0.49946256,-0.415510372,0.153403655,-0.302794283,-0.187080848,1,0,0,0,0,0,0,0,0,0,0,1,0,0,1,0,0,0,0,0,0,0,0,0,0,0,0,0,1,0,0,0,0,0,1,0,1,0,0,2.2015,480,513
-1.383184437,-0.314640996,-0.529021364,-0.159508101,-0.49946256,-0.415510372,0.153403655,-0.302794283,-0.162103224,1,0,0,0,0,0,0,0,0,0,0,1,0,0,1,0,0,0,0,0,0,0,0,0,0,0,0,0,1,0,0,0,0,0,1,0,1,0,0,2.2939,495,521
-1.383184437,-0.314640996,-0.529021364,-0.159508101,-0.49946256,-0.415510372,0.153403655,-0.302794283,-0.132962662,1,0,0,0,0,0,0,0,0,0,0,1,0,0,1,0,0,0,0,0,0,0,0,0,0,0,0,0,1,0,0,0,0,0,1,0,1,0,0,2.3523,503,525
-1.849246583,-0.314640996,-0.529021364,-0.159508101,-0.49946256,-0.415510372,0.153403655,-0.302794283,-0.203732598,1,0,0,0,0,0,0,0,0,0,0,1,0,0,1,0,0,0,0,0,0,0,0,0,0,0,0,0,1,0,0,0,0,0,1,0,1,0,0,1.9458,455,490
-1.849246583,-0.314640996,-0.529021364,-0.159508101,-0.49946256,-0.415510372,0.153403655,-0.302794283,-0.187080848,1,0,0,0,0,0,0,0,0,0,0,1,0,0,1,0,0,0,0,0,0,0,0,0,0,0,0,0,1,0,0,0,0,0,1,0,1,0,0,2.0144,460,495
-1.849246583,-0.314640996,-0.529021364,-0.159508101,-0.49946256,-0.415510372,0.153403655,-0.302794283,-0.162103224,1,0,0,0,0,0,0,0,0,0,0,1,0,0,1,0,0,0,0,0,0,0,0,0,0,0,0,0,1,0,0,0,0,0,1,0,1,0,0,2.0673,465,497
-1.849246583,-0.314640996,-0.529021364,-0.159508101,-0.49946256,-0.415510372,0.153403655,-0.302794283,-0.132962662,1,0,0,0,0,0,0,0,0,0,0,1,0,0,1,0,0,0,0,0,0,0,0,0,0,0,0,0,1,0,0,0,0,0,1,0,1,0,0,2.0995,470,500
0.015002,-0.345676197,-0.396278724,0.083097124,-0.49946256,-0.187912598,0.277130034,1.049073834,-0.236682248,0,0,1,0,0,0,0,0,0,0,0,1,0,0,1,0,0,0,0,0,0,0,0,0,0,0,0,0,0,1,0,0,0,1,0,0,0,1,0,2.4731,491,504
0.015002,-0.345676197,-0.396278724,0.083097124,-0.49946256,-0.187912598,0.277130034,1.049073834,-0.235995363,0,0,1,0,0,0,0,0,0,0,0,1,0,0,1,0,0,0,0,0,0,0,0,0,0,0,0,0,0,1,0,0,0,1,0,0,0,1,0,2.9895,537,547
0.015002,-0.345676197,-0.396278724,0.083097124,-0.49946256,-0.187912598,0.277130034,1.049073834,-0.234954629,0,0,1,0,0,0,0,0,0,0,0,1,0,0,1,0,0,0,0,0,0,0,0,0,0,0,0,0,0,1,0,0,0,1,0,0,0,1,0,3.3729,553,563
0.015002,-0.345676197,-0.396278724,0.083097124,-0.49946256,-0.187912598,0.277130034,1.049073834,-0.230791691,0,0,1,0,0,0,0,0,0,0,0,1,0,0,1,0,0,0,0,0,0,0,0,0,0,0,0,0,0,1,0,0,0,1,0,0,0,1,0,3.6857,565,575
0.015002,-0.345676197,-0.396278724,0.083097124,-0.49946256,-0.187912598,0.277130034,1.049073834,-0.226628754,0,0,1,0,0,0,0,0,0,0,0,1,0,0,1,0,0,0,0,0,0,0,0,0,0,0,0,0,0,1,0,0,0,1,0,0,0,1,0,3.8215,568,578
0.015002,-0.345676197,-0.396278724,0.083097124,-0.49946256,-0.187912598,0.277130034,1.049073834,-0.21622141,0,0,1,0,0,0,0,0,0,0,0,1,0,0,1,0,0,0,0,0,0,0,0,0,0,0,0,0,0,1,0,0,0,1,0,0,0,1,0,3.8785,570,583
0.015002,-0.345676197,-0.396278724,0.083097124,-0.49946256,-0.187912598,0.277130034,1.049073834,-0.195406723,0,0,1,0,0,0,0,0,0,0,0,1,0,0,1,0,0,0,0,0,0,0,0,0,0,0,0,0,0,1,0,0,0,1,0,0,0,1,0,4.0901,575,586
0.015002,-0.345676197,-0.396278724,0.083097124,-0.49946256,-0.45273826,0.338435898,1.049073834,-0.236682248,0,0,1,0,0,0,0,0,0,0,0,1,0,0,1,0,0,0,0,0,0,0,0,0,0,0,1,0,0,0,0,0,0,1,0,0,0,1,0,2.34,472,498
0.015002,-0.345676197,-0.396278724,0.083097124,-0.49946256,-0.45273826,0.338435898,1.049073834,-0.235995363,0,0,1,0,0,0,0,0,0,0,0,1,0,0,1,0,0,0,0,0,0,0,0,0,0,0,1,0,0,0,0,0,0,1,0,0,0,1,0,2.7943,519,537
0.015002,-0.345676197,-0.396278724,0.083097124,-0.49946256,-0.45273826,0.338435898,1.049073834,-0.234954629,0,0,1,0,0,0,0,0,0,0,0,1,0,0,1,0,0,0,0,0,0,0,0,0,0,0,1,0,0,0,0,0,0,1,0,0,0,1,0,2.9968,532,547
0.015002,-0.345676197,-0.396278724,0.083097124,-0.49946256,-0.45273826,0.338435898,1.049073834,-0.226628754,0,0,1,0,0,0,0,0,0,0,0,1,0,0,1,0,0,0,0,0,0,0,0,0,0,0,1,0,0,0,0,0,0,1,0,0,0,1,0,3.161,542,555
0.015002,-0.345676197,-0.396278724,0.083097124,-0.49946256,-0.45273826,0.338435898,1.049073834,-0.195406723,0,0,1,0,0,0,0,0,0,0,0,1,0,0,1,0,0,0,0,0,0,0,0,0,0,0,1,0,0,0,0,0,0,1,0,0,0,1,0,3.125,550,566
0.015002,-0.345676197,-0.396278724,0.083097124,-0.49946256,-0.451046084,0.337878572,1.049073834,-0.195406723,0,0,1,0,0,0,0,0,0,0,0,1,0,0,1,0,0,0,0,0,0,0,0,0,0,0,0,0,0,1,0,0,0,1,0,0,0,1,0,3.25,560,None
0.015002,-0.345676197,-0.396278724,0.083097124,-0.49946256,-0.449353907,0.337599909,1.049073834,-0.195406723,0,0,1,0,0,0,0,0,0,0,0,1,0,0,1,0,0,0,0,0,0,0,0,0,0,0,0,0,0,1,0,0,0,1,0,0,0,1,0,3.625,573,None
0.015002,-0.345676197,-0.396278724,0.083097124,-0.49946256,-0.448084774,0.337321246,1.049073834,-0.195406723,0,0,1,0,0,0,0,0,0,0,0,1,0,0,1,0,0,0,0,0,0,0,0,0,0,0,0,0,0,1,0,0,0,1,0,0,0,1,0,3.8,580,None
0.015002,-0.345676197,-0.396278724,0.083097124,-0.49946256,-0.4425852,0.323388095,1.049073834,-0.195406723,0,0,1,0,0,0,0,0,0,0,0,1,0,0,1,0,0,0,0,0,0,0,0,0,0,0,0,0,0,1,0,0,0,1,0,0,0,1,0,5.25,611,None
0.015002,-0.345676197,-0.396278724,0.083097124,-0.49946256,-0.45273826,0.873468888,-0.302794283,-0.236682248,0,0,1,0,0,0,0,0,0,0,0,1,0,0,1,0,0,0,0,0,0,0,0,0,0,0,1,0,0,0,0,0,0,1,0,0,1,0,0,2.5094,501,511
0.015002,-0.345676197,-0.396278724,0.083097124,-0.49946256,-0.45273826,0.873468888,-0.302794283,-0.235995363,0,0,1,0,0,0,0,0,0,0,0,1,0,0,1,0,0,0,0,0,0,0,0,0,0,0,1,0,0,0,0,0,0,1,0,0,1,0,0,2.9639,532,542
0.015002,-0.345676197,-0.396278724,0.083097124,-0.49946256,-0.45273826,0.873468888,-0.302794283,-0.234954629,0,0,1,0,0,0,0,0,0,0,0,1,0,0,1,0,0,0,0,0,0,0,0,0,0,0,1,0,0,0,0,0,0,1,0,0,1,0,0,3.2593,542,558
0.015002,-0.345676197,-0.396278724,0.083097124,-0.49946256,-0.45273826,0.873468888,-0.302794283,-0.230791691,0,0,1,0,0,0,0,0,0,0,0,1,0,0,1,0,0,0,0,0,0,0,0,0,0,0,1,0,0,0,0,0,0,1,0,0,1,0,0,3.6297,555,573
0.015002,-0.345676197,-0.396278724,0.083097124,-0.49946256,-0.45273826,0.873468888,-0.302794283,-0.226628754,0,0,1,0,0,0,0,0,0,0,0,1,0,0,1,0,0,0,0,0,0,0,0,0,0,0,1,0,0,0,0,0,0,1,0,0,1,0,0,3.7911,558,578
0.015002,-0.345676197,-0.396278724,0.083097124,-0.49946256,-0.45273826,0.873468888,-0.302794283,-0.21622141,0,0,1,0,0,0,0,0,0,0,0,1,0,0,1,0,0,0,0,0,0,0,0,0,0,0,1,0,0,0,0,0,0,1,0,0,1,0,0,3.9063,560,581
0.015002,-0.345676197,-0.396278724,0.083097124,-0.49946256,-0.45273826,0.873468888,-0.302794283,-0.195406723,0,0,1,0,0,0,0,0,0,0,0,1,0,0,1,0,0,0,0,0,0,0,0,0,0,0,1,0,0,0,0,0,0,1,0,0,1,0,0,4.0278,563,584
1.568542486,-0.162913346,0.304053137,-0.294673868,1.438380051,2.098218203,-0.347075121,-0.302794283,-0.236765506,0,0,1,0,0,0,0,1,0,0,0,0,0,0,0,0,0,0,0,0,1,0,0,0,0,0,0,0,1,0,0,0,0,0,0,1,1,0,0,1.7,409,440
0.015002,0.86124829,0.304053137,2.337015183,-0.49946256,-0.288597115,4.262011161,-0.302794283,-0.235662328,0,0,1,0,0,0,0,0,0,0,0,1,0,0,1,0,0,0,0,0,0,0,0,0,0,0,0,0,0,1,0,0,0,1,0,0,1,0,0,2.3,497,None
0.015002,0.86124829,0.304053137,2.337015183,-0.49946256,-0.288597115,4.262011161,-0.302794283,-0.195406723,0,0,1,0,0,0,0,0,0,0,0,1,0,0,1,0,0,0,0,0,0,0,0,0,0,0,0,0,0,1,0,0,0,1,0,0,1,0,0,2.7,528,None
0.015002,0.86124829,0.304053137,2.337015183,-0.49946256,-0.288597115,4.262011161,-0.302794283,-0.174592036,0,0,1,0,0,0,0,0,0,0,0,1,0,0,1,0,0,0,0,0,0,0,0,0,0,0,0,0,0,1,0,0,0,1,0,0,1,0,0,2.9,543,None
0.015002,0.86124829,0.304053137,2.337015183,-0.49946256,-0.288597115,4.262011161,-0.302794283,-0.153777349,0,0,1,0,0,0,0,0,0,0,0,1,0,0,1,0,0,0,0,0,0,0,0,0,0,0,0,0,0,1,0,0,0,1,0,0,1,0,0,3.5,568,None
0.015002,0.86124829,0.304053137,2.337015183,-0.49946256,-0.288597115,4.262011161,-0.302794283,-0.132962662,0,0,1,0,0,0,0,0,0,0,0,1,0,0,1,0,0,0,0,0,0,0,0,0,0,0,0,0,0,1,0,0,0,1,0,0,1,0,0,4.5,608,None
0.947126292,-0.473265357,-0.56504497,0.010315556,-0.49946256,-0.224294398,-0.129160643,-0.302794283,-0.236863335,0,0,1,0,0,0,0,0,0,0,0,1,0,0,1,0,0,0,0,0,0,0,0,0,0,0,0,0,0,1,0,0,0,1,0,0,1,0,0,2.28,508,523
0.947126292,-0.473265357,-0.56504497,0.010315556,-0.49946256,-0.224294398,-0.129160643,-0.302794283,-0.234954629,0,0,1,0,0,0,0,0,0,0,0,1,0,0,1,0,0,0,0,0,0,0,0,0,0,0,0,0,0,1,0,0,0,1,0,0,1,0,0,3.28,585,604
0.015002,0.86124829,-0.016360133,1.738588963,-0.49946256,-0.338516329,4.969815221,-0.302794283,-0.233913894,0,0,1,0,0,0,0,0,0,0,0,1,0,0,1,0,0,0,0,0,0,0,0,0,0,0,0,0,0,1,0,0,0,1,0,0,1,0,0,2.5,524,544
0.325710098,0.86124829,-0.016360133,1.738588963,-0.49946256,-0.338516329,4.969815221,-0.302794283,-0.233913894,0,0,1,0,0,0,0,0,0,0,0,1,0,0,1,0,0,0,0,0,0,0,0,0,0,0,0,0,0,1,0,0,0,1,0,0,1,0,0,3,555,577
0.636418195,0.86124829,-0.016360133,1.738588963,-0.49946256,-0.338516329,4.969815221,-0.302794283,-0.233913894,0,0,1,0,0,0,0,0,0,0,0,1,0,0,1,0,0,0,0,0,0,0,0,0,0,0,0,0,0,1,0,0,0,1,0,0,1,0,0,4,592,610
0.947126292,0.86124829,-0.016360133,1.738588963,-0.49946256,-0.338516329,4.969815221,-0.302794283,-0.233913894,0,0,1,0,0,0,0,0,0,0,0,1,0,0,1,0,0,0,0,0,0,0,0,0,0,0,0,0,0,1,0,0,0,1,0,0,1,0,0,4.5,603,625
0.947126292,-0.473265357,-0.153680105,-0.479515944,1.73176829,-0.352899832,-0.57334949,-0.302794283,-0.236863335,0,0,1,0,0,0,0,0,0,0,0,0,1,0,0,0,0,1,0,0,0,0,0,0,0,0,0,0,1,0,0,0,0,0,0,1,1,0,0,2.28,495,509
0.947126292,-0.473265357,-0.153680105,-0.479515944,1.73176829,-0.352899832,-0.57334949,-0.302794283,-0.236238895,0,0,1,0,0,0,0,0,0,0,0,0,1,0,0,0,0,1,0,0,0,0,0,0,0,0,0,0,1,0,0,0,0,0,0,1,1,0,0,3.02,551,563
0.947126292,-0.473265357,-0.153680105,-0.479515944,1.73176829,-0.352899832,-0.57334949,-0.302794283,-0.235474996,0,0,1,0,0,0,0,0,0,0,0,0,1,0,0,0,0,1,0,0,0,0,0,0,0,0,0,0,1,0,0,0,0,0,0,1,1,0,0,3.66,579,591
0.947126292,-0.473265357,-0.153680105,-0.479515944,1.73176829,-0.352899832,-0.57334949,-0.302794283,-0.231832426,0,0,1,0,0,0,0,0,0,0,0,0,1,0,0,0,0,1,0,0,0,0,0,0,0,0,0,0,1,0,0,0,0,0,0,1,1,0,0,4.86,607,617
0.947126292,-0.473265357,-0.153680105,-0.479515944,1.73176829,-0.352899832,-0.57334949,-0.302794283,-0.22419968,0,0,1,0,0,0,0,0,0,0,0,0,1,0,0,0,0,1,0,0,0,0,0,0,0,0,0,0,1,0,0,0,0,0,0,1,1,0,0,5.11,611,623
0.947126292,-0.473265357,-0.153680105,-0.479515944,1.73176829,-0.352899832,-0.57334949,-0.302794283,-0.215873805,0,0,1,0,0,0,0,0,0,0,0,0,1,0,0,0,0,1,0,0,0,0,0,0,0,0,0,0,1,0,0,0,0,0,0,1,1,0,0,5.16,615,627
0.791772243,-0.33533113,0.075186516,-0.294673868,4.179652209,-0.258137933,-0.14281513,-0.302794283,-0.234954629,0,0,1,0,0,0,0,0,0,0,0,0,1,0,0,0,0,0,0,0,1,0,0,0,0,0,0,0,0,1,0,0,0,0,0,1,1,0,0,1.76,571,581
0.791772243,-0.33533113,0.075186516,-0.294673868,4.179652209,-0.258137933,-0.14281513,-0.302794283,-0.21622141,0,0,1,0,0,0,0,0,0,0,0,0,1,0,0,0,0,0,0,0,1,0,0,0,0,0,0,0,0,1,0,0,0,0,0,1,1,0,0,1.99,582,592
-0.761768243,-0.373263042,-0.553738959,-0.283121239,-0.49946256,-0.43750867,0.098785704,-0.302794283,-0.236349213,0,0,1,0,0,0,0,0,0,0,0,0,1,0,1,0,0,0,0,0,0,0,0,0,0,0,0,0,1,0,0,0,1,0,0,0,1,0,0,1.97,465,480
-0.761768243,-0.373263042,-0.553738959,-0.283121239,-0.49946256,-0.43750867,0.098785704,-0.302794283,-0.235662328,0,0,1,0,0,0,0,0,0,0,0,0,1,0,1,0,0,0,0,0,0,0,0,0,0,0,0,0,1,0,0,0,1,0,0,0,1,0,0,2.17,495,520
-0.761768243,-0.373263042,-0.553738959,-0.283121239,-0.49946256,-0.43750867,0.098785704,-0.302794283,-0.21622141,0,0,1,0,0,0,0,0,0,0,0,0,1,0,1,0,0,0,0,0,0,0,0,0,0,0,0,0,1,0,0,0,1,0,0,0,1,0,0,2.84,555,570
0.55874117,-0.373263042,-0.553738959,-0.283121239,-0.49946256,-0.43750867,0.098785704,-0.302794283,-0.236349213,0,0,1,0,0,0,0,0,0,0,0,0,1,0,1,0,0,0,0,0,0,0,0,0,0,0,0,0,1,0,0,0,1,0,0,0,1,0,0,2.57,525,540
0.55874117,-0.373263042,-0.553738959,-0.283121239,-0.49946256,-0.43750867,0.098785704,-0.302794283,-0.235662328,0,0,1,0,0,0,0,0,0,0,0,0,1,0,1,0,0,0,0,0,0,0,0,0,0,0,0,0,1,0,0,0,1,0,0,0,1,0,0,3.25,565,575
0.55874117,-0.373263042,-0.553738959,-0.283121239,-0.49946256,-0.43750867,0.098785704,-0.302794283,-0.21622141,0,0,1,0,0,0,0,0,0,0,0,0,1,0,1,0,0,0,0,0,0,0,0,0,0,0,0,0,1,0,0,0,1,0,0,0,1,0,0,4.5,608,615
-0.295706097,-0.373263042,-0.581660687,-0.283121239,-0.49946256,-0.43750867,0.098785704,-0.302794283,-0.236349213,0,0,1,0,0,0,0,0,0,0,0,0,1,0,1,0,0,0,0,0,0,0,0,0,0,0,0,0,1,0,0,0,1,0,0,0,1,0,0,2.02,465,480
-0.295706097,-0.373263042,-0.581660687,-0.283121239,-0.49946256,-0.43750867,0.098785704,-0.302794283,-0.235662328,0,0,1,0,0,0,0,0,0,0,0,0,1,0,1,0,0,0,0,0,0,0,0,0,0,0,0,0,1,0,0,0,1,0,0,0,1,0,0,2.32,508,518
-0.295706097,-0.373263042,-0.581660687,-0.283121239,-0.49946256,-0.43750867,0.098785704,-0.302794283,-0.21622141,0,0,1,0,0,0,0,0,0,0,0,0,1,0,1,0,0,0,0,0,0,0,0,0,0,0,0,0,1,0,0,0,1,0,0,0,1,0,0,3.31,570,580
-0.295706097,-0.373263042,-0.432897383,-0.283121239,-0.49946256,-0.43750867,0.098785704,-0.302794283,-0.236349213,0,0,1,0,0,0,0,0,0,0,0,0,1,0,1,0,0,0,0,0,0,0,0,0,0,0,0,0,1,0,0,0,1,0,0,0,1,0,0,2.61,528,550
-0.295706097,-0.373263042,-0.432897383,-0.283121239,-0.49946256,-0.43750867,0.098785704,-0.302794283,-0.235662328,0,0,1,0,0,0,0,0,0,0,0,0,1,0,1,0,0,0,0,0,0,0,0,0,0,0,0,0,1,0,0,0,1,0,0,0,1,0,0,2.76,540,560
-0.295706097,-0.373263042,-0.432897383,-0.283121239,-0.49946256,-0.43750867,0.098785704,-0.302794283,-0.21622141,0,0,1,0,0,0,0,0,0,0,0,0,1,0,1,0,0,0,0,0,0,0,0,0,0,0,0,0,1,0,0,0,1,0,0,0,1,0,0,3.66,578,610
-0.062675024,-0.473265357,-0.263993817,-0.251929138,-0.49946256,-0.437677887,0.093212444,-0.302794283,-0.235995363,0,0,1,0,0,0,0,0,0,0,0,1,0,0,1,0,0,0,0,0,0,0,0,0,0,0,0,0,0,1,0,0,0,1,0,0,1,0,0,2.5,474,617
0.325710098,-0.346710704,-0.396278724,0.292199722,0.003542277,0.020225144,-0.363794902,-0.302794283,-0.236349213,0,0,1,0,0,0,0,0,0,0,0,1,0,0,0,0,0,0,0,0,0,1,0,0,0,0,0,0,0,1,0,0,0,1,0,0,1,0,0,2.85,534,577
0.325710098,-0.346710704,-0.396278724,0.292199722,0.003542277,0.020225144,-0.363794902,-0.302794283,-0.235995363,0,0,1,0,0,0,0,0,0,0,0,1,0,0,0,0,0,0,0,0,0,1,0,0,0,0,0,0,0,1,0,0,0,1,0,0,1,0,0,3.12,561,586
0.325710098,-0.346710704,-0.396278724,0.292199722,0.003542277,0.020225144,-0.363794902,-0.302794283,-0.234954629,0,0,1,0,0,0,0,0,0,0,0,1,0,0,0,0,0,0,0,0,0,1,0,0,0,0,0,0,0,1,0,0,0,1,0,0,1,0,0,3.46,570,594
0.325710098,-0.346710704,-0.396278724,0.292199722,0.003542277,0.020225144,-0.363794902,-0.302794283,-0.23287316,0,0,1,0,0,0,0,0,0,0,0,1,0,0,0,0,0,0,0,0,0,1,0,0,0,0,0,0,0,1,0,0,0,1,0,0,1,0,0,3.79,579,595
0.325710098,-0.473265357,-0.153680105,-0.479515944,1.167472076,0.213979382,-0.489750585,-0.302794283,-0.237029229,0,0,1,0,0,0,0,0,0,0,0,0,1,0,0,0,0,0,0,0,1,0,0,0,0,0,0,0,0,1,0,0,0,0,0,1,1,0,0,1.98,450,None
0.325710098,-0.473265357,-0.153680105,-0.479515944,1.167472076,0.213979382,-0.489750585,-0.302794283,-0.237009038,0,0,1,0,0,0,0,0,0,0,0,0,1,0,0,0,0,0,0,0,1,0,0,0,0,0,0,0,0,1,0,0,0,0,0,1,1,0,0,2.09,467,None
0.325710098,-0.473265357,-0.153680105,-0.479515944,1.167472076,0.213979382,-0.489750585,-0.302794283,-0.236963246,0,0,1,0,0,0,0,0,0,0,0,0,1,0,0,0,0,0,0,0,1,0,0,0,0,0,0,0,0,1,0,0,0,0,0,1,1,0,0,2.34,497,None
0.325710098,-0.473265357,-0.153680105,-0.479515944,1.167472076,0.213979382,-0.489750585,-0.302794283,-0.236703062,0,0,1,0,0,0,0,0,0,0,0,0,1,0,0,0,0,0,0,0,1,0,0,0,0,0,0,0,0,1,0,0,0,0,0,1,1,0,0,3.21,557,None
0.325710098,-0.473265357,-0.153680105,-0.479515944,1.167472076,0.213979382,-0.489750585,-0.302794283,-0.235839253,0,0,1,0,0,0,0,0,0,0,0,0,1,0,0,0,0,0,0,0,1,0,0,0,0,0,0,0,0,1,0,0,0,0,0,1,1,0,0,4.37,594,None
0.325710098,-0.473265357,-0.153680105,-0.479515944,1.167472076,0.213979382,-0.489750585,-0.302794283,-0.232082202,0,0,1,0,0,0,0,0,0,0,0,0,1,0,0,0,0,0,0,0,1,0,0,0,0,0,0,0,0,1,0,0,0,0,0,1,1,0,0,6.04,628,None
-2.470662777,0.147438665,0.532919758,-0.525726463,-0.49946256,0.190288908,-0.402807724,-0.302794283,4.258936308,0,1,0,0,0,1,0,0,0,0,0,0,0,0,1,0,0,0,0,0,0,0,0,0,0,0,0,0,0,1,0,0,0,0,0,1,1,0,0,1.74,422,510
-2.470662777,0.147438665,0.532919758,1.42666796,-0.49946256,0.190288908,-0.402807724,-0.302794283,4.258936308,0,1,0,0,0,0,0,0,0,0,0,1,0,0,1,0,0,0,0,0,0,0,0,0,0,0,0,0,0,1,0,0,0,0,0,1,1,0,0,1.75,404,451
-2.470662777,0.147438665,0.532919758,0.976115401,-0.49946256,0.190288908,-0.402807724,-0.302794283,4.258936308,0,1,0,0,0,0,0,0,1,0,0,0,0,0,1,0,0,0,0,0,0,0,0,0,0,0,0,0,0,1,0,0,0,0,0,1,1,0,0,1.79,407,483
-2.470662777,0.147438665,0.532919758,0.953010142,-0.49946256,0.190288908,-0.402807724,-0.302794283,4.258936308,0,1,0,0,0,0,0,0,0,1,0,0,0,0,1,0,0,0,0,0,0,0,0,0,0,0,0,0,0,1,0,0,0,0,0,1,1,0,0,1.71,418,530
-2.470662777,0.147438665,0.532919758,-0.525726463,1.851792611,0.190288908,-0.402807724,-0.302794283,4.258936308,0,1,0,0,0,1,0,0,0,0,0,0,0,0,0,0,0,0,0,0,0,0,0,0,0,1,0,0,0,1,0,0,0,0,0,1,1,0,0,1.97,413,584
-0.140352048,-0.41464331,0.624466407,-0.525726463,-0.49946256,-0.121071616,-0.566728457,-0.302794283,-0.21622141,0,0,0,1,0,1,0,0,0,0,0,0,0,0,1,0,0,0,0,0,0,0,0,0,0,0,0,0,0,0,1,0,0,0,0,1,1,0,0,2,486,488
-0.140352048,-0.41464331,0.624466407,-0.525726463,-0.49946256,-0.121071616,-0.566728457,-0.302794283,-0.174592036,0,0,0,1,0,1,0,0,0,0,0,0,0,0,1,0,0,0,0,0,0,0,0,0,0,0,0,0,0,0,1,0,0,0,0,1,1,0,0,2,434,508
-0.140352048,-0.41464331,0.624466407,-0.525726463,-0.49946256,-0.121071616,-0.566728457,-0.302794283,-0.049703914,0,0,0,1,0,1,0,0,0,0,0,0,0,0,1,0,0,0,0,0,0,0,0,0,0,0,0,0,0,0,1,0,0,0,0,1,1,0,0,2,414,523
-2.859047898,0.8371098,1.173746298,0.895246993,0.762775036,-0.122763793,-0.68147074,-0.302794283,-0.234954629,0,0,1,0,0,0,1,0,0,0,0,0,0,0,0,0,0,0,1,0,0,0,0,0,0,0,0,1,0,0,0,1,0,0,0,0,1,0,0,1.44,383,None
-2.859047898,0.8371098,1.173746298,0.895246993,0.762775036,-0.122763793,-0.68147074,-0.302794283,-0.230791691,0,0,1,0,0,0,1,0,0,0,0,0,0,0,0,0,0,0,1,0,0,0,0,0,0,0,0,1,0,0,0,1,0,0,0,0,1,0,0,1.55,399,None
-2.859047898,0.8371098,1.173746298,0.895246993,0.762775036,-0.122763793,-0.68147074,-0.302794283,-0.226628754,0,0,1,0,0,0,1,0,0,0,0,0,0,0,0,0,0,0,1,0,0,0,0,0,0,0,0,1,0,0,0,1,0,0,0,0,1,0,0,1.67,412,None
-2.859047898,0.8371098,1.173746298,0.895246993,0.762775036,-0.122763793,-0.68147074,-0.302794283,-0.174592036,0,0,1,0,0,0,1,0,0,0,0,0,0,0,0,0,0,0,1,0,0,0,0,0,0,0,0,1,0,0,0,1,0,0,0,0,1,0,0,1.67,415,None
-2.859047898,0.8371098,1.173746298,0.895246993,0.762775036,-0.122763793,-0.68147074,-0.302794283,0.075184209,0,0,1,0,0,0,1,0,0,0,0,0,0,0,0,0,0,0,1,0,0,0,0,0,0,0,0,1,0,0,0,1,0,0,0,0,1,0,0,1.67,418,None
-2.781370874,0.8371098,1.173746298,0.895246993,0.762775036,-0.122763793,-0.68147074,-0.302794283,0.595551385,0,0,1,0,0,0,1,0,0,0,0,0,0,0,0,0,0,0,1,0,0,0,0,0,0,0,0,0,0,1,0,1,0,0,0,0,1,0,0,1.13,350,None
-2.781370874,0.8371098,1.173746298,0.895246993,0.762775036,-0.122763793,-0.68147074,-0.302794283,2.198282289,0,0,1,0,0,0,1,0,0,0,0,0,0,0,0,0,0,0,1,0,0,0,0,0,0,0,0,0,0,1,0,1,0,0,0,0,1,0,0,1.33,380,None
-2.781370874,0.8371098,1.173746298,0.895246993,0.762775036,-0.122763793,-0.68147074,-0.302794283,6.548551884,0,0,1,0,0,0,1,0,0,0,0,0,0,0,0,0,0,0,1,0,0,0,0,0,0,0,0,0,0,1,0,1,0,0,0,0,1,0,0,1.33,380,None
-2.781370874,0.8371098,1.173746298,0.895246993,0.762775036,-0.122763793,-0.68147074,-0.302794283,8.463503094,0,0,1,0,0,0,1,0,0,0,0,0,0,0,0,0,0,0,1,0,0,0,0,0,0,0,0,0,0,1,0,1,0,0,0,0,1,0,0,1.33,380,None
-2.315308728,0.8371098,1.173746298,0.895246993,0.762775036,-0.122763793,-0.68147074,-0.302794283,-0.21622141,0,0,1,0,0,0,1,0,0,0,0,0,0,0,0,0,0,0,1,0,0,0,0,0,0,0,0,0,0,1,0,1,0,0,0,0,1,0,0,1.44,380,None
-2.315308728,0.8371098,1.173746298,0.895246993,0.762775036,-0.122763793,-0.68147074,-0.302794283,-0.049703914,0,0,1,0,0,0,1,0,0,0,0,0,0,0,0,0,0,0,1,0,0,0,0,0,0,0,0,0,0,1,0,1,0,0,0,0,1,0,0,1.44,380,None
-2.315308728,0.8371098,1.173746298,0.895246993,0.762775036,-0.122763793,-0.68147074,-0.302794283,0.210479674,0,0,1,0,0,0,1,0,0,0,0,0,0,0,0,0,0,0,1,0,0,0,0,0,0,0,0,0,0,1,0,1,0,0,0,0,1,0,0,1.67,405,None
-2.315308728,0.8371098,1.173746298,0.895246993,0.762775036,-0.122763793,-0.68147074,-0.302794283,2.354392442,0,0,1,0,0,0,1,0,0,0,0,0,0,0,0,0,0,0,1,0,0,0,0,0,0,0,0,0,0,1,0,1,0,0,0,0,1,0,0,1.78,430,None
-1.771569558,0.8371098,1.173746298,0.895246993,0.762775036,-0.122763793,-0.68147074,-0.302794283,-0.226628754,0,0,1,0,0,0,1,0,0,0,0,0,0,0,0,0,0,0,1,0,0,0,0,0,0,0,0,0,0,1,0,1,0,0,0,0,1,0,0,1.78,430,None
-1.771569558,0.8371098,1.173746298,0.895246993,0.762775036,-0.122763793,-0.68147074,-0.302794283,-0.153777349,0,0,1,0,0,0,1,0,0,0,0,0,0,0,0,0,0,0,1,0,0,0,0,0,0,0,0,0,0,1,0,1,0,0,0,0,1,0,0,2.15,475,None
-1.771569558,0.8371098,1.173746298,0.895246993,0.762775036,-0.122763793,-0.68147074,-0.302794283,0.148035613,0,0,1,0,0,0,1,0,0,0,0,0,0,0,0,0,0,0,1,0,0,0,0,0,0,0,0,0,0,1,0,1,0,0,0,0,1,0,0,2.52,510,None
-1.771569558,0.8371098,1.173746298,0.895246993,0.762775036,-0.122763793,-0.68147074,-0.302794283,2.604168686,0,0,1,0,0,0,1,0,0,0,0,0,0,0,0,0,0,0,1,0,0,0,0,0,0,0,0,0,0,1,0,1,0,0,0,0,1,0,0,2.84,545,None
0.481064146,-0.466368646,-0.50155737,-0.387094906,-0.49946256,-0.371513776,-0.439424045,1.788095072,-0.236765506,0,0,1,0,0,0,0,0,0,0,0,1,0,0,1,0,0,0,0,0,0,0,0,0,0,0,0,0,0,1,0,0,0,1,0,0,0,0,1,2.1,490,None
0.481064146,-0.466368646,-0.50155737,-0.387094906,-0.49946256,-0.371513776,-0.439424045,1.788095072,-0.236161881,0,0,1,0,0,0,0,0,0,0,0,1,0,0,1,0,0,0,0,0,0,0,0,0,0,0,0,0,0,1,0,0,0,1,0,0,0,0,1,2.6,530,None
0.481064146,-0.466368646,-0.50155737,-0.387094906,-0.49946256,-0.371513776,-0.439424045,1.788095072,-0.233122936,0,0,1,0,0,0,0,0,0,0,0,1,0,0,1,0,0,0,0,0,0,0,0,0,0,0,0,0,0,1,0,0,0,1,0,0,0,0,1,3.4,570,None
0.481064146,-0.466368646,-0.50155737,-0.387094906,-0.49946256,-0.371513776,-0.439424045,1.788095072,-0.229272219,0,0,1,0,0,0,0,0,0,0,0,1,0,0,1,0,0,0,0,0,0,0,0,0,0,0,0,0,0,1,0,0,0,1,0,0,0,0,1,3.7,580,None
0.481064146,-0.466368646,-0.50155737,-0.387094906,-0.49946256,-0.371513776,-0.439424045,1.788095072,-0.194927985,0,0,1,0,0,0,0,0,0,0,0,1,0,0,1,0,0,0,0,0,0,0,0,0,0,0,0,0,0,1,0,0,0,1,0,0,0,0,1,4.4,610,None
0.481064146,-0.466368646,-0.50155737,-0.387094906,-0.49946256,-0.371513776,-0.439424045,1.788095072,-0.152070545,0,0,1,0,0,0,0,0,0,0,0,1,0,0,1,0,0,0,0,0,0,0,0,0,0,0,0,0,0,1,0,0,0,1,0,0,0,0,1,4.5,610,None
0.481064146,-0.466368646,-0.50155737,-0.387094906,-0.49946256,-0.371513776,-0.387704189,-0.302794283,-0.236723877,0,0,1,0,0,0,0,0,0,0,0,1,0,0,1,0,0,0,0,0,0,0,0,0,0,0,0,0,0,1,0,0,0,1,0,0,1,0,0,2.9,550,None
0.481064146,-0.466368646,-0.50155737,-0.387094906,-0.49946256,-0.371513776,-0.387704189,-0.302794283,-0.232623384,0,0,1,0,0,0,0,0,0,0,0,1,0,0,1,0,0,0,0,0,0,0,0,0,0,0,0,0,0,1,0,0,0,1,0,0,1,0,0,3.6,575,None
0.481064146,-0.466368646,-0.50155737,-0.387094906,-0.49946256,-0.371513776,-0.387704189,-0.302794283,-0.227565415,0,0,1,0,0,0,0,0,0,0,0,1,0,0,1,0,0,0,0,0,0,0,0,0,0,0,0,0,0,1,0,0,0,1,0,0,1,0,0,4.1,595,None
0.481064146,-0.466368646,-0.50155737,-0.387094906,-0.49946256,-0.371513776,-0.387704189,-0.302794283,-0.210351669,0,0,1,0,0,0,0,0,0,0,0,1,0,0,1,0,0,0,0,0,0,0,0,0,0,0,0,0,0,1,0,0,0,1,0,0,1,0,0,4.4,600,None
0.481064146,-0.466368646,-0.50155737,-0.387094906,-0.49946256,-0.371513776,-0.387704189,-0.302794283,-0.188912541,0,0,1,0,0,0,0,0,0,0,0,1,0,0,1,0,0,0,0,0,0,0,0,0,0,0,0,0,0,1,0,0,0,1,0,0,1,0,0,4.5,605,None
0.481064146,-0.466368646,-0.50155737,-0.387094906,-0.49946256,-0.371513776,-0.387704189,-0.302794283,-0.147179093,0,0,1,0,0,0,0,0,0,0,0,1,0,0,1,0,0,0,0,0,0,0,0,0,0,0,0,0,0,1,0,0,0,1,0,0,1,0,0,5.1,630,None
0.481064146,-0.466368646,-0.50155737,-0.387094906,-0.49946256,-0.371513776,-0.439424045,0.01083912,-0.236827951,0,0,1,0,0,0,0,0,0,0,0,1,0,0,1,0,0,0,0,0,0,0,0,0,0,0,0,0,0,1,0,0,0,1,0,0,0,0,1,2.3,510,None
0.481064146,-0.466368646,-0.50155737,-0.387094906,-0.49946256,-0.371513776,-0.439424045,0.01083912,-0.235995363,0,0,1,0,0,0,0,0,0,0,0,1,0,0,1,0,0,0,0,0,0,0,0,0,0,0,0,0,0,1,0,0,0,1,0,0,0,0,1,3,550,None
0.481064146,-0.466368646,-0.50155737,-0.387094906,-0.49946256,-0.371513776,-0.439424045,0.01083912,-0.233913894,0,0,1,0,0,0,0,0,0,0,0,1,0,0,1,0,0,0,0,0,0,0,0,0,0,0,0,0,0,1,0,0,0,1,0,0,0,0,1,3.5,570,None
0.481064146,-0.466368646,-0.50155737,-0.387094906,-0.49946256,-0.371513776,-0.439424045,0.01083912,-0.229917474,0,0,1,0,0,0,0,0,0,0,0,1,0,0,1,0,0,0,0,0,0,0,0,0,0,0,0,0,0,1,0,0,0,1,0,0,0,0,1,4,590,None
0.481064146,-0.466368646,-0.50155737,-0.387094906,-0.49946256,-0.371513776,-0.439424045,0.01083912,-0.207479242,0,0,1,0,0,0,0,0,0,0,0,1,0,0,1,0,0,0,0,0,0,0,0,0,0,0,0,0,0,1,0,0,0,1,0,0,0,0,1,4.4,600,None
0.481064146,-0.466368646,-0.50155737,-0.387094906,-0.49946256,-0.371513776,-0.439424045,0.01083912,-0.181356809,0,0,1,0,0,0,0,0,0,0,0,1,0,0,1,0,0,0,0,0,0,0,0,0,0,0,0,0,0,1,0,0,0,1,0,0,0,0,1,4.5,600,None
0.481064146,-0.466368646,-0.50155737,-0.387094906,-0.49946256,-0.371513776,-0.439424045,0.219928055,-0.236682248,0,0,1,0,0,0,0,0,0,0,0,1,0,0,1,0,0,0,0,0,0,0,0,0,0,0,0,0,0,1,0,0,0,1,0,0,0,0,1,2.2,500,None
0.481064146,-0.466368646,-0.50155737,-0.387094906,-0.49946256,-0.371513776,-0.439424045,0.219928055,-0.235620699,0,0,1,0,0,0,0,0,0,0,0,1,0,0,1,0,0,0,0,0,0,0,0,0,0,0,0,0,0,1,0,0,0,1,0,0,0,0,1,2.8,545,None
0.481064146,-0.466368646,-0.50155737,-0.387094906,-0.49946256,-0.371513776,-0.439424045,0.219928055,-0.231832426,0,0,1,0,0,0,0,0,0,0,0,1,0,0,1,0,0,0,0,0,0,0,0,0,0,0,0,0,0,1,0,0,0,1,0,0,0,0,1,3.6,570,None
0.481064146,-0.466368646,-0.50155737,-0.387094906,-0.49946256,-0.371513776,-0.439424045,0.219928055,-0.21990561,0,0,1,0,0,0,0,0,0,0,0,1,0,0,1,0,0,0,0,0,0,0,0,0,0,0,0,0,0,1,0,0,0,1,0,0,0,0,1,4.3,600,None
0.481064146,-0.466368646,-0.50155737,-0.387094906,-0.49946256,-0.371513776,-0.439424045,0.219928055,-0.185686264,0,0,1,0,0,0,0,0,0,0,0,1,0,0,1,0,0,0,0,0,0,0,0,0,0,0,0,0,0,1,0,0,0,1,0,0,0,0,1,4.6,620,None
0.481064146,-0.466368646,-0.50155737,-0.387094906,-0.49946256,-0.371513776,-0.439424045,0.219928055,-0.126572553,0,0,1,0,0,0,0,0,0,0,0,1,0,0,1,0,0,0,0,0,0,0,0,0,0,0,0,0,0,1,0,0,0,1,0,0,0,0,1,4.9,620,None
0.481064146,-0.466368646,-0.50155737,-0.387094906,-0.49946256,-0.371513776,-0.439424045,5.968747225,-0.236765506,0,0,1,0,0,0,0,0,0,0,0,1,0,0,1,0,0,0,0,0,0,0,0,0,0,0,0,0,0,1,0,0,0,1,0,0,0,0,1,1.7,450,None
0.481064146,-0.466368646,-0.50155737,-0.387094906,-0.49946256,-0.371513776,-0.439424045,5.968747225,-0.233913894,0,0,1,0,0,0,0,0,0,0,0,1,0,0,1,0,0,0,0,0,0,0,0,0,0,0,0,0,0,1,0,0,0,1,0,0,0,0,1,2.5,530,None
0.481064146,-0.466368646,-0.50155737,-0.387094906,-0.49946256,-0.371513776,-0.439424045,5.968747225,-0.207125392,0,0,1,0,0,0,0,0,0,0,0,1,0,0,1,0,0,0,0,0,0,0,0,0,0,0,0,0,0,1,0,0,0,1,0,0,0,0,1,3.5,585,None
0.481064146,-0.466368646,-0.50155737,-0.387094906,-0.49946256,-0.371513776,-0.439424045,5.968747225,-0.181460883,0,0,1,0,0,0,0,0,0,0,0,1,0,0,1,0,0,0,0,0,0,0,0,0,0,0,0,0,0,1,0,0,0,1,0,0,0,0,1,3.7,590,None
0.481064146,-0.466368646,-0.50155737,-0.387094906,-0.49946256,-0.371513776,-0.439424045,5.968747225,-0.149156489,0,0,1,0,0,0,0,0,0,0,0,1,0,0,1,0,0,0,0,0,0,0,0,0,0,0,0,0,0,1,0,0,0,1,0,0,0,0,1,3.9,595,None
