,Unnamed: 0,Growth Temp (Celsius),Metal_mmol (mmol),Chalcogen_mmol (mmol),CA_mmol (mmol),Amines_mmol (mmol),Phosphines_mmol (mmol),S_I_amount (g),S_II_amount (g),Time_min (min),x0_cadmium acetate,x0_cadmium acetate dihtdrate,x0_cadmium acetate dihydrate,x0_cadmium oxide,x0_cadmium stearate,x0_dimethylcadmium,x1_None,x1_benzoic acid,x1_dodecylphosphonic acid,x1_ethylphosphonic acid,x1_lauric acid,x1_myrstic acid,x1_oleic acid,x1_stearic acid,x2_2-6-dimethylpyridine,x2_None,x2_aniline,x2_benzylamine,x2_dioctylamine/hexadecylamine,x2_dodecylamine,x2_heptylamine,x2_hexadecylamine,x2_octadecylamine,x2_octylamine,x2_oleylamine,x2_pyridine,x2_trioctylamine,x3_None,x3_diphenylphosphine,x3_tributylphosphine,x3_trioctylphosphine,x3_triphenylphosphine,x4_None,x4_liquid parafin,x4_octadecene,x4_phenyl ether,x4_trioctylphosphine oxide,x5_None,x5_phosphinic acid,x5_trioctylphosphine oxide,diameter_nm,abs_nm,emission_nm
0,0,1.1051027856266395,-0.4374862204428412,-0.2437791996464849,-0.525436684979579,-0.4161124063127439,-0.1654549188794992,-0.1233601317110687,-0.3020874190505117,-0.2260769694156932,0.0,0.0,0.0,0.0,1.0,0.0,1.0,0.0,0.0,0.0,0.0,0.0,0.0,0.0,0.0,0.0,0.0,0.0,0.0,0.0,0.0,0.0,1.0,0.0,0.0,0.0,0.0,0.0,0.0,0.0,1.0,0.0,0.0,0.0,1.0,0.0,0.0,1.0,0.0,0.0,3.41,566,575
1,1,-0.0625404345869381,-0.4720271700354644,-0.4363605308914434,-0.3055102575219355,-0.4981287381152882,-0.3756709405020196,-0.2411932929559912,-0.3020874190505117,-0.2354625402392459,0.0,0.0,0.0,1.0,0.0,0.0,0.0,0.0,0.0,0.0,0.0,0.0,1.0,0.0,0.0,1.0,0.0,0.0,0.0,0.0,0.0,0.0,0.0,0.0,0.0,0.0,0.0,0.0,0.0,0.0,1.0,0.0,0.0,0.0,1.0,0.0,0.0,1.0,0.0,0.0,2.5,474,617
2,19,0.4045168534984929,-0.3718584162168571,-0.5509922756801092,0.1297125673416116,-0.4981287381152882,-0.2646294129514141,-0.6818111328718388,-0.3020874190505117,-0.2361508154329731,0.0,0.0,0.0,1.0,0.0,0.0,0.0,0.0,0.0,0.0,0.0,0.0,0.0,1.0,0.0,1.0,0.0,0.0,0.0,0.0,0.0,0.0,0.0,0.0,0.0,0.0,0.0,0.0,0.0,1.0,0.0,0.0,1.0,0.0,0.0,0.0,0.0,1.0,0.0,0.0,2.6,526,556
3,20,0.4045168534984929,-0.3718584162168571,-0.5509922756801092,0.1297125673416116,-0.4981287381152882,-0.2646294129514141,-0.6818111328718388,-0.3020874190505117,-0.2357962494240833,0.0,0.0,0.0,1.0,0.0,0.0,0.0,0.0,0.0,0.0,0.0,0.0,0.0,1.0,0.0,1.0,0.0,0.0,0.0,0.0,0.0,0.0,0.0,0.0,0.0,0.0,0.0,0.0,0.0,1.0,0.0,0.0,1.0,0.0,0.0,0.0,0.0,1.0,0.0,0.0,3.2,559,580
4,21,0.4045168534984929,-0.3718584162168571,-0.5509922756801092,0.1297125673416116,-0.4981287381152882,-0.2646294129514141,-0.6818111328718388,-0.3020874190505117,-0.2350871174063037,0.0,0.0,0.0,1.0,0.0,0.0,0.0,0.0,0.0,0.0,0.0,0.0,0.0,1.0,0.0,1.0,0.0,0.0,0.0,0.0,0.0,0.0,0.0,0.0,0.0,0.0,0.0,0.0,0.0,1.0,0.0,0.0,1.0,0.0,0.0,0.0,0.0,1.0,0.0,0.0,3.6,574,598
5,22,0.4045168534984929,-0.3718584162168571,-0.5509922756801092,0.1297125673416116,-0.4981287381152882,-0.2646294129514141,-0.6818111328718388,-0.3020874190505117,-0.2344196990366289,0.0,0.0,0.0,1.0,0.0,0.0,0.0,0.0,0.0,0.0,0.0,0.0,0.0,1.0,0.0,1.0,0.0,0.0,0.0,0.0,0.0,0.0,0.0,0.0,0.0,0.0,0.0,0.0,0.0,1.0,0.0,0.0,1.0,0.0,0.0,0.0,0.0,1.0,0.0,0.0,3.9,582,601
6,23,0.4823597348460647,0.381134284902329,0.6962011076205743,6.075828661288531,-0.4981287381152882,0.1193538846090767,-0.6818111328718388,-0.3020874190505117,-0.2355668243595076,0.0,0.0,0.0,1.0,0.0,0.0,0.0,0.0,0.0,0.0,0.0,0.0,1.0,0.0,0.0,1.0,0.0,0.0,0.0,0.0,0.0,0.0,0.0,0.0,0.0,0.0,0.0,0.0,0.0,0.0,1.0,0.0,1.0,0.0,0.0,0.0,0.0,1.0,0.0,0.0,3.23,556,562
7,24,0.4823597348460647,0.381134284902329,0.6962011076205743,6.075828661288531,-0.4981287381152882,0.1193538846090767,-0.6818111328718388,-0.3020874190505117,-0.234795121869571,0.0,0.0,0.0,1.0,0.0,0.0,0.0,0.0,0.0,0.0,0.0,0.0,1.0,0.0,0.0,1.0,0.0,0.0,0.0,0.0,0.0,0.0,0.0,0.0,0.0,0.0,0.0,0.0,0.0,0.0,1.0,0.0,1.0,0.0,0.0,0.0,0.0,1.0,0.0,0.0,3.61,570,577
8,25,0.4823597348460647,0.381134284902329,0.6962011076205743,6.075828661288531,-0.4981287381152882,0.1193538846090767,-0.6818111328718388,-0.3020874190505117,-0.2340651330277391,0.0,0.0,0.0,1.0,0.0,0.0,0.0,0.0,0.0,0.0,0.0,0.0,1.0,0.0,0.0,1.0,0.0,0.0,0.0,0.0,0.0,0.0,0.0,0.0,0.0,0.0,0.0,0.0,0.0,0.0,1.0,0.0,1.0,0.0,0.0,0.0,0.0,1.0,0.0,0.0,3.86,574,588
9,26,0.4823597348460647,0.381134284902329,0.6962011076205743,6.075828661288531,-0.4981287381152882,0.1193538846090767,-0.6818111328718388,-0.3020874190505117,-0.2208627634026084,0.0,0.0,0.0,1.0,0.0,0.0,0.0,0.0,0.0,0.0,0.0,0.0,1.0,0.0,0.0,1.0,0.0,0.0,0.0,0.0,0.0,0.0,0.0,0.0,0.0,0.0,0.0,0.0,0.0,0.0,1.0,0.0,1.0,0.0,0.0,0.0,0.0,1.0,0.0,0.0,4.74,605,624
10,27,0.326673972150921,-0.4720271700354644,-0.564748085054749,-0.4154734712507572,-0.4981287381152882,-0.0713662962984518,-0.4612229874133345,-0.3020874190505117,-0.1947917333371844,0.0,0.0,0.0,1.0,0.0,0.0,0.0,0.0,0.0,0.0,0.0,0.0,1.0,0.0,0.0,1.0,0.0,0.0,0.0,0.0,0.0,0.0,0.0,0.0,0.0,0.0,0.0,0.0,0.0,0.0,1.0,0.0,0.0,0.0,1.0,0.0,0.0,1.0,0.0,0.0,3.7,578,580
11,28,0.7937312602363521,-0.2820519472760368,-0.3125582465196844,-0.1573492958662598,4.223668649945473,0.7372872707494693,-0.1328537987308017,-0.3020874190505117,-0.2344196990366289,0.0,0.0,0.0,1.0,0.0,0.0,0.0,0.0,0.0,0.0,0.0,0.0,0.0,1.0,0.0,0.0,0.0,0.0,0.0,0.0,0.0,1.0,0.0,0.0,0.0,0.0,0.0,0.0,0.0,0.0,1.0,0.0,0.0,0.0,0.0,0.0,1.0,1.0,0.0,0.0,3.7,577,600
12,29,0.7937312602363521,-0.2820519472760368,-0.3125582465196844,-0.1573492958662598,4.223668649945473,0.7372872707494693,-0.1328537987308017,-0.3020874190505117,-0.2351288310544085,0.0,0.0,0.0,1.0,0.0,0.0,0.0,0.0,0.0,0.0,0.0,0.0,0.0,1.0,0.0,0.0,0.0,0.0,0.0,0.0,0.0,1.0,0.0,0.0,0.0,0.0,0.0,0.0,0.0,0.0,1.0,0.0,0.0,0.0,0.0,0.0,1.0,1.0,0.0,0.0,2.9,543,577
13,30,0.7937312602363521,-0.2820519472760368,-0.3125582465196844,-0.1573492958662598,4.223668649945473,0.7372872707494693,-0.1328537987308017,-0.3020874190505117,-0.2358171062481356,0.0,0.0,0.0,1.0,0.0,0.0,0.0,0.0,0.0,0.0,0.0,0.0,0.0,1.0,0.0,0.0,0.0,0.0,0.0,0.0,0.0,1.0,0.0,0.0,0.0,0.0,0.0,0.0,0.0,0.0,1.0,0.0,0.0,0.0,0.0,0.0,1.0,1.0,0.0,0.0,2.69,530,547
14,31,0.7937312602363521,-0.2820519472760368,-0.3125582465196844,-0.1573492958662598,4.223668649945473,0.7372872707494693,-0.1328537987308017,-0.3020874190505117,0.1097178978269676,0.0,0.0,0.0,1.0,0.0,0.0,0.0,0.0,0.0,0.0,0.0,0.0,0.0,1.0,0.0,0.0,0.0,0.0,0.0,0.0,0.0,1.0,0.0,0.0,0.0,0.0,0.0,0.0,0.0,0.0,1.0,0.0,0.0,0.0,0.0,0.0,1.0,1.0,0.0,0.0,2.39,506,505
15,32,0.0153024467606336,-0.4374862204428412,0.3064531753391106,-0.455986234203481,-0.4277118589533895,-0.0713662962984518,-0.2411932929559912,-0.3020874190505117,-0.2363316440975068,0.0,0.0,0.0,1.0,0.0,0.0,0.0,0.0,0.0,0.0,0.0,0.0,1.0,0.0,0.0,0.0,0.0,0.0,0.0,0.0,0.0,1.0,0.0,0.0,0.0,0.0,0.0,0.0,0.0,0.0,1.0,0.0,0.0,0.0,1.0,0.0,0.0,1.0,0.0,0.0,2.22,473,488
16,33,-0.2960690786296537,-0.4374862204428412,0.3064531753391106,-0.455986234203481,-0.4277118589533895,-0.0713662962984518,-0.2411932929559912,-0.3020874190505117,-0.2363316440975068,0.0,0.0,0.0,1.0,0.0,0.0,0.0,0.0,0.0,0.0,0.0,0.0,1.0,0.0,0.0,0.0,0.0,0.0,0.0,0.0,0.0,1.0,0.0,0.0,0.0,0.0,0.0,0.0,0.0,0.0,1.0,0.0,0.0,0.0,1.0,0.0,0.0,1.0,0.0,0.0,1.9,459,477
17,34,-0.607440604019941,-0.4374862204428412,0.3064531753391106,-0.455986234203481,-0.4277118589533895,-0.0713662962984518,-0.2411932929559912,-0.3020874190505117,-0.2363316440975068,0.0,0.0,0.0,1.0,0.0,0.0,0.0,0.0,0.0,0.0,0.0,0.0,1.0,0.0,0.0,0.0,0.0,0.0,0.0,0.0,0.0,1.0,0.0,0.0,0.0,0.0,0.0,0.0,0.0,0.0,1.0,0.0,0.0,0.0,1.0,0.0,0.0,1.0,0.0,0.0,1.8,440,459
18,35,-0.9188121294102284,-0.4374862204428412,0.3064531753391106,-0.455986234203481,-0.4277118589533895,-0.0713662962984518,-0.2411932929559912,-0.3020874190505117,-0.2363316440975068,0.0,0.0,0.0,1.0,0.0,0.0,0.0,0.0,0.0,0.0,0.0,0.0,1.0,0.0,0.0,0.0,0.0,0.0,0.0,0.0,0.0,1.0,0.0,0.0,0.0,0.0,0.0,0.0,0.0,0.0,1.0,0.0,0.0,0.0,1.0,0.0,0.0,1.0,0.0,0.0,1.6,427,454
19,36,0.1709882094557773,4.104648650987112,3.919645771077856,-0.525436684979579,-0.4981287381152882,4.303330831096015,0.4786500475402415,-0.3020874190505117,-0.2260769694156932,0.0,0.0,0.0,0.0,0.0,1.0,1.0,0.0,0.0,0.0,0.0,0.0,0.0,0.0,0.0,1.0,0.0,0.0,0.0,0.0,0.0,0.0,0.0,0.0,0.0,0.0,0.0,0.0,0.0,0.0,1.0,0.0,0.0,0.0,0.0,0.0,1.0,1.0,0.0,0.0,1.2,412,None
20,37,0.1709882094557773,4.104648650987112,3.919645771077856,-0.525436684979579,-0.4981287381152882,4.303330831096015,0.4786500475402415,-0.3020874190505117,-0.2250341282130763,0.0,0.0,0.0,0.0,0.0,1.0,1.0,0.0,0.0,0.0,0.0,0.0,0.0,0.0,0.0,1.0,0.0,0.0,0.0,0.0,0.0,0.0,0.0,0.0,0.0,0.0,0.0,0.0,0.0,0.0,1.0,0.0,0.0,0.0,0.0,0.0,1.0,1.0,0.0,0.0,1.6,461,None
21,38,0.1709882094557773,4.104648650987112,3.919645771077856,-0.525436684979579,-0.4981287381152882,4.303330831096015,0.4786500475402415,-0.3020874190505117,-0.2239912870104593,0.0,0.0,0.0,0.0,0.0,1.0,1.0,0.0,0.0,0.0,0.0,0.0,0.0,0.0,0.0,1.0,0.0,0.0,0.0,0.0,0.0,0.0,0.0,0.0,0.0,0.0,0.0,0.0,0.0,0.0,1.0,0.0,0.0,0.0,0.0,0.0,1.0,1.0,0.0,0.0,1.9,482,None
22,39,0.1709882094557773,4.104648650987112,3.919645771077856,-0.525436684979579,-0.4981287381152882,4.303330831096015,0.4786500475402415,-0.3020874190505117,-0.2229484458078423,0.0,0.0,0.0,0.0,0.0,1.0,1.0,0.0,0.0,0.0,0.0,0.0,0.0,0.0,0.0,1.0,0.0,0.0,0.0,0.0,0.0,0.0,0.0,0.0,0.0,0.0,0.0,0.0,0.0,0.0,1.0,0.0,0.0,0.0,0.0,0.0,1.0,1.0,0.0,0.0,2.3,519,None
23,40,0.1709882094557773,4.104648650987112,3.919645771077856,-0.525436684979579,-0.4981287381152882,4.303330831096015,0.4786500475402415,-0.3020874190505117,-0.2219056046052254,0.0,0.0,0.0,0.0,0.0,1.0,1.0,0.0,0.0,0.0,0.0,0.0,0.0,0.0,0.0,1.0,0.0,0.0,0.0,0.0,0.0,0.0,0.0,0.0,0.0,0.0,0.0,0.0,0.0,0.0,1.0,0.0,0.0,0.0,0.0,0.0,1.0,1.0,0.0,0.0,3.2,553,None
24,41,0.1709882094557773,4.104648650987112,3.919645771077856,-0.525436684979579,-0.4981287381152882,4.303330831096015,0.4786500475402415,-0.3020874190505117,-0.2208627634026084,0.0,0.0,0.0,0.0,0.0,1.0,1.0,0.0,0.0,0.0,0.0,0.0,0.0,0.0,0.0,1.0,0.0,0.0,0.0,0.0,0.0,0.0,0.0,0.0,0.0,0.0,0.0,0.0,0.0,0.0,1.0,0.0,0.0,0.0,0.0,0.0,1.0,1.0,0.0,0.0,3.7,571,None
25,42,0.1709882094557773,4.104648650987112,3.919645771077856,-0.525436684979579,-0.4981287381152882,4.303330831096015,0.4786500475402415,-0.3020874190505117,-0.2198199221999915,0.0,0.0,0.0,0.0,0.0,1.0,1.0,0.0,0.0,0.0,0.0,0.0,0.0,0.0,0.0,1.0,0.0,0.0,0.0,0.0,0.0,0.0,0.0,0.0,0.0,0.0,0.0,0.0,0.0,0.0,1.0,0.0,0.0,0.0,0.0,0.0,1.0,1.0,0.0,0.0,5.3,608,None
26,43,0.1709882094557773,4.104648650987112,3.919645771077856,-0.525436684979579,-0.4981287381152882,4.303330831096015,0.4786500475402415,-0.3020874190505117,-0.2187770809973745,0.0,0.0,0.0,0.0,0.0,1.0,1.0,0.0,0.0,0.0,0.0,0.0,0.0,0.0,0.0,1.0,0.0,0.0,0.0,0.0,0.0,0.0,0.0,0.0,0.0,0.0,0.0,0.0,0.0,0.0,1.0,0.0,0.0,0.0,0.0,0.0,1.0,1.0,0.0,0.0,5.1,641,None
27,44,0.1709882094557773,4.104648650987112,3.919645771077856,-0.525436684979579,-0.4981287381152882,4.303330831096015,0.4786500475402415,-0.3020874190505117,-0.2177342397947576,0.0,0.0,0.0,0.0,0.0,1.0,1.0,0.0,0.0,0.0,0.0,0.0,0.0,0.0,0.0,1.0,0.0,0.0,0.0,0.0,0.0,0.0,0.0,0.0,0.0,0.0,0.0,0.0,0.0,0.0,1.0,0.0,0.0,0.0,0.0,0.0,1.0,1.0,0.0,0.0,6.5,658,None
28,45,0.1709882094557773,4.104648650987112,3.919645771077856,-0.525436684979579,-0.4981287381152882,4.303330831096015,0.4786500475402415,-0.3020874190505117,-0.2166913985921406,0.0,0.0,0.0,0.0,0.0,1.0,1.0,0.0,0.0,0.0,0.0,0.0,0.0,0.0,0.0,1.0,0.0,0.0,0.0,0.0,0.0,0.0,0.0,0.0,0.0,0.0,0.0,0.0,0.0,0.0,1.0,0.0,0.0,0.0,0.0,0.0,1.0,1.0,0.0,0.0,8.3,681,None
29,46,0.1709882094557773,4.104648650987112,3.919645771077856,-0.525436684979579,-0.4981287381152882,4.303330831096015,0.4786500475402415,-0.3020874190505117,-0.2156485573895236,0.0,0.0,0.0,0.0,0.0,1.0,1.0,0.0,0.0,0.0,0.0,0.0,0.0,0.0,0.0,1.0,0.0,0.0,0.0,0.0,0.0,0.0,0.0,0.0,0.0,0.0,0.0,0.0,0.0,0.0,1.0,0.0,0.0,0.0,0.0,0.0,1.0,1.0,0.0,0.0,11.5,685,None
30,47,0.0153024467606336,0.1842508722243767,0.2972826357560174,-0.455986234203481,-0.459463895979803,-0.0713662962984518,-0.2411932929559912,-0.3020874190505117,-0.2363385268494441,0.0,0.0,0.0,1.0,0.0,0.0,0.0,0.0,0.0,0.0,0.0,0.0,0.0,1.0,0.0,0.0,0.0,0.0,0.0,0.0,0.0,1.0,0.0,0.0,0.0,0.0,0.0,0.0,0.0,0.0,1.0,0.0,0.0,0.0,1.0,0.0,0.0,1.0,0.0,0.0,2.13,480,None
31,48,0.0153024467606336,0.1842508722243767,0.2972826357560174,-0.455986234203481,-0.459463895979803,-0.0713662962984518,-0.2411932929559912,-0.3020874190505117,-0.2354625402392459,0.0,0.0,0.0,1.0,0.0,0.0,0.0,0.0,0.0,0.0,0.0,0.0,1.0,0.0,0.0,0.0,0.0,0.0,0.0,0.0,0.0,1.0,0.0,0.0,0.0,0.0,0.0,0.0,0.0,0.0,1.0,0.0,0.0,0.0,1.0,0.0,0.0,1.0,0.0,0.0,2.31,500,None
32,49,0.0153024467606336,0.1842508722243767,0.2972826357560174,-0.455986234203481,-0.459463895979803,-0.0713662962984518,-0.2411932929559912,-0.3020874190505117,-0.232334016631395,0.0,0.0,0.0,1.0,0.0,0.0,0.0,0.0,0.0,0.0,0.0,0.0,1.0,0.0,0.0,0.0,0.0,0.0,0.0,0.0,0.0,1.0,0.0,0.0,0.0,0.0,0.0,0.0,0.0,0.0,1.0,0.0,0.0,0.0,1.0,0.0,0.0,1.0,0.0,0.0,2.59,525,None
33,50,0.0153024467606336,0.1842508722243767,0.2972826357560174,-0.455986234203481,-0.459463895979803,-0.0713662962984518,-0.2411932929559912,-0.3020874190505117,-0.2198199221999915,0.0,0.0,0.0,1.0,0.0,0.0,0.0,0.0,0.0,0.0,0.0,0.0,1.0,0.0,0.0,0.0,0.0,0.0,0.0,0.0,0.0,1.0,0.0,0.0,0.0,0.0,0.0,0.0,0.0,0.0,1.0,0.0,0.0,0.0,1.0,0.0,0.0,1.0,0.0,0.0,2.84,550,None
34,51,0.0153024467606336,0.1842508722243767,0.2972826357560174,-0.455986234203481,-0.459463895979803,-0.0713662962984518,-0.2411932929559912,-0.3020874190505117,-0.1697635444743774,0.0,0.0,0.0,1.0,0.0,0.0,0.0,0.0,0.0,0.0,0.0,0.0,1.0,0.0,0.0,0.0,0.0,0.0,0.0,0.0,0.0,1.0,0.0,0.0,0.0,0.0,0.0,0.0,0.0,0.0,1.0,0.0,0.0,0.0,1.0,0.0,0.0,1.0,0.0,0.0,2.91,552,None
35,52,1.1051027856266395,-0.0402653001276741,-0.156659073607099,-0.525436684979579,1.9280741173883509,-0.2620864772059804,0.1089554847718116,-0.3020874190505117,-0.1989630981476523,0.0,0.0,0.0,0.0,0.0,1.0,1.0,0.0,0.0,0.0,0.0,0.0,0.0,0.0,0.0,0.0,0.0,0.0,0.0,0.0,0.0,1.0,0.0,0.0,0.0,0.0,0.0,0.0,0.0,0.0,1.0,0.0,0.0,0.0,0.0,0.0,1.0,1.0,0.0,0.0,3.9,520,535
36,53,1.1051027856266395,-0.0402653001276741,-0.156659073607099,-0.525436684979579,1.9280741173883509,-0.2620864772059804,0.1089554847718116,-0.3020874190505117,-0.1322212611801669,0.0,0.0,0.0,0.0,0.0,1.0,1.0,0.0,0.0,0.0,0.0,0.0,0.0,0.0,0.0,0.0,0.0,0.0,0.0,0.0,0.0,1.0,0.0,0.0,0.0,0.0,0.0,0.0,0.0,0.0,1.0,0.0,0.0,0.0,0.0,0.0,1.0,1.0,0.0,0.0,4.07,548,558
37,54,1.1051027856266395,-0.0402653001276741,-0.156659073607099,-0.525436684979579,1.9280741173883509,-0.2620864772059804,0.1089554847718116,-0.3020874190505117,-0.0279371409184709,0.0,0.0,0.0,0.0,0.0,1.0,1.0,0.0,0.0,0.0,0.0,0.0,0.0,0.0,0.0,0.0,0.0,0.0,0.0,0.0,0.0,1.0,0.0,0.0,0.0,0.0,0.0,0.0,0.0,0.0,1.0,0.0,0.0,0.0,0.0,0.0,1.0,1.0,0.0,0.0,4.19,570,580
38,55,1.1051027856266395,-0.0402653001276741,-0.156659073607099,-0.525436684979579,1.9280741173883509,-0.2620864772059804,0.1089554847718116,-0.3020874190505117,0.0763469793432249,0.0,0.0,0.0,0.0,0.0,1.0,1.0,0.0,0.0,0.0,0.0,0.0,0.0,0.0,0.0,0.0,0.0,0.0,0.0,0.0,0.0,1.0,0.0,0.0,0.0,0.0,0.0,0.0,0.0,0.0,1.0,0.0,0.0,0.0,0.0,0.0,1.0,1.0,0.0,0.0,4.3,580,590
39,56,1.1051027856266395,-0.0402653001276741,-0.156659073607099,-0.525436684979579,1.9280741173883509,-0.2620864772059804,0.1089554847718116,-0.3020874190505117,0.1806310996049208,0.0,0.0,0.0,0.0,0.0,1.0,1.0,0.0,0.0,0.0,0.0,0.0,0.0,0.0,0.0,0.0,0.0,0.0,0.0,0.0,0.0,1.0,0.0,0.0,0.0,0.0,0.0,0.0,0.0,0.0,1.0,0.0,0.0,0.0,0.0,0.0,1.0,1.0,0.0,0.0,4.39,595,600
40,57,1.1051027856266395,-0.0402653001276741,-0.156659073607099,-0.525436684979579,1.9280741173883509,-0.2620864772059804,0.1089554847718116,-0.3020874190505117,0.2390302069514706,0.0,0.0,0.0,0.0,0.0,1.0,1.0,0.0,0.0,0.0,0.0,0.0,0.0,0.0,0.0,0.0,0.0,0.0,0.0,0.0,0.0,1.0,0.0,0.0,0.0,0.0,0.0,0.0,0.0,0.0,1.0,0.0,0.0,0.0,0.0,0.0,1.0,1.0,0.0,0.0,4.9,630,640
41,58,1.1051027856266395,-0.0402653001276741,-0.156659073607099,-0.525436684979579,1.9280741173883509,-0.2620864772059804,0.1089554847718116,-0.3020874190505117,0.2849152198666168,0.0,0.0,0.0,0.0,0.0,1.0,1.0,0.0,0.0,0.0,0.0,0.0,0.0,0.0,0.0,0.0,0.0,0.0,0.0,0.0,0.0,1.0,0.0,0.0,0.0,0.0,0.0,0.0,0.0,0.0,1.0,0.0,0.0,0.0,0.0,0.0,1.0,1.0,0.0,0.0,5.05,640,650
42,59,0.326673972150921,-0.402945270850218,-0.4730426892238164,-0.525436684979579,1.6919507829786131,0.4634978554911061,-0.4025856322914537,-0.3020874190505117,-0.2361570724801887,0.0,0.0,0.0,0.0,1.0,0.0,1.0,0.0,0.0,0.0,0.0,0.0,0.0,0.0,0.0,0.0,0.0,0.0,0.0,0.0,0.0,0.0,0.0,0.0,1.0,0.0,0.0,0.0,0.0,1.0,0.0,0.0,0.0,0.0,0.0,0.0,1.0,1.0,0.0,0.0,1.92,460,470
43,60,0.326673972150921,-0.402945270850218,-0.4730426892238164,-0.525436684979579,1.6919507829786131,0.4634978554911061,-0.4025856322914537,-0.3020874190505117,-0.2260769694156932,0.0,0.0,0.0,0.0,1.0,0.0,1.0,0.0,0.0,0.0,0.0,0.0,0.0,0.0,0.0,0.0,0.0,0.0,0.0,0.0,0.0,0.0,0.0,0.0,1.0,0.0,0.0,0.0,0.0,1.0,0.0,0.0,0.0,0.0,0.0,0.0,1.0,1.0,0.0,0.0,2.87,540,550
44,61,0.326673972150921,-0.402945270850218,-0.4730426892238164,-0.525436684979579,1.6919507829786131,0.4634978554911061,-0.4025856322914537,-0.3020874190505117,-0.205220145363354,0.0,0.0,0.0,0.0,1.0,0.0,1.0,0.0,0.0,0.0,0.0,0.0,0.0,0.0,0.0,0.0,0.0,0.0,0.0,0.0,0.0,0.0,0.0,0.0,1.0,0.0,0.0,0.0,0.0,1.0,0.0,0.0,0.0,0.0,0.0,0.0,1.0,1.0,0.0,0.0,3.02,550,565
45,62,0.326673972150921,-0.402945270850218,-0.4730426892238164,-0.525436684979579,1.6919507829786131,0.4634978554911061,-0.4025856322914537,-0.3020874190505117,-0.1739349092848452,0.0,0.0,0.0,0.0,1.0,0.0,1.0,0.0,0.0,0.0,0.0,0.0,0.0,0.0,0.0,0.0,0.0,0.0,0.0,0.0,0.0,0.0,0.0,0.0,1.0,0.0,0.0,0.0,0.0,1.0,0.0,0.0,0.0,0.0,0.0,0.0,1.0,1.0,0.0,0.0,3.15,555,570
46,63,0.326673972150921,-0.402945270850218,-0.4730426892238164,-0.525436684979579,1.6919507829786131,0.4634978554911061,-0.4025856322914537,-0.3020874190505117,-0.1113644371278277,0.0,0.0,0.0,0.0,1.0,0.0,1.0,0.0,0.0,0.0,0.0,0.0,0.0,0.0,0.0,0.0,0.0,0.0,0.0,0.0,0.0,0.0,0.0,0.0,1.0,0.0,0.0,0.0,0.0,1.0,0.0,0.0,0.0,0.0,0.0,0.0,1.0,1.0,0.0,0.0,3.38,565,575
47,64,0.326673972150921,-0.402945270850218,-0.4730426892238164,-0.525436684979579,1.6919507829786131,0.4634978554911061,-0.4025856322914537,-0.3020874190505117,0.1389174515002424,0.0,0.0,0.0,0.0,1.0,0.0,1.0,0.0,0.0,0.0,0.0,0.0,0.0,0.0,0.0,0.0,0.0,0.0,0.0,0.0,0.0,0.0,0.0,0.0,1.0,0.0,0.0,0.0,0.0,1.0,0.0,0.0,0.0,0.0,0.0,0.0,1.0,1.0,0.0,0.0,3.57,580,580
48,65,0.7937312602363521,-0.2302405228871019,-0.4271899913083501,-0.3008802274701956,-0.4981287381152882,-0.4519590128650311,0.1994245469598563,-0.3020874190505117,-0.2364428109697058,0.0,0.0,0.0,1.0,0.0,0.0,0.0,0.0,0.0,0.0,0.0,1.0,0.0,0.0,0.0,1.0,0.0,0.0,0.0,0.0,0.0,0.0,0.0,0.0,0.0,0.0,0.0,1.0,0.0,0.0,0.0,0.0,0.0,0.0,1.0,0.0,0.0,1.0,0.0,0.0,1.3,410,435
49,66,0.7937312602363521,-0.2302405228871019,-0.4271899913083501,-0.3008802274701956,-0.4981287381152882,-0.4519590128650311,0.1994245469598563,-0.3020874190505117,-0.2363385268494441,0.0,0.0,0.0,1.0,0.0,0.0,0.0,0.0,0.0,0.0,0.0,1.0,0.0,0.0,0.0,1.0,0.0,0.0,0.0,0.0,0.0,0.0,0.0,0.0,0.0,0.0,0.0,1.0,0.0,0.0,0.0,0.0,0.0,0.0,1.0,0.0,0.0,1.0,0.0,0.0,1.7,435,455
50,67,0.7937312602363521,-0.2302405228871019,-0.4271899913083501,-0.3008802274701956,-0.4981287381152882,-0.4519590128650311,0.1994245469598563,-0.3020874190505117,-0.2361508154329731,0.0,0.0,0.0,1.0,0.0,0.0,0.0,0.0,0.0,0.0,0.0,1.0,0.0,0.0,0.0,1.0,0.0,0.0,0.0,0.0,0.0,0.0,0.0,0.0,0.0,0.0,0.0,1.0,0.0,0.0,0.0,0.0,0.0,0.0,1.0,0.0,0.0,1.0,0.0,0.0,2.1,470,480
51,68,0.7937312602363521,-0.2302405228871019,-0.4271899913083501,-0.3008802274701956,-0.4981287381152882,-0.4519590128650311,0.1994245469598563,-0.3020874190505117,-0.2358171062481356,0.0,0.0,0.0,1.0,0.0,0.0,0.0,0.0,0.0,0.0,0.0,1.0,0.0,0.0,0.0,1.0,0.0,0.0,0.0,0.0,0.0,0.0,0.0,0.0,0.0,0.0,0.0,1.0,0.0,0.0,0.0,0.0,0.0,0.0,1.0,0.0,0.0,1.0,0.0,0.0,2.5,490,515
52,69,0.7937312602363521,-0.2302405228871019,-0.4271899913083501,-0.3008802274701956,-0.4981287381152882,-0.4519590128650311,0.1994245469598563,-0.3020874190505117,-0.2354625402392459,0.0,0.0,0.0,1.0,0.0,0.0,0.0,0.0,0.0,0.0,0.0,1.0,0.0,0.0,0.0,1.0,0.0,0.0,0.0,0.0,0.0,0.0,0.0,0.0,0.0,0.0,0.0,1.0,0.0,0.0,0.0,0.0,0.0,0.0,1.0,0.0,0.0,1.0,0.0,0.0,2.8,508,525
53,70,0.7937312602363521,-0.2302405228871019,-0.4271899913083501,-0.3008802274701956,-0.4981287381152882,-0.4519590128650311,0.1994245469598563,-0.3020874190505117,-0.2351079742303561,0.0,0.0,0.0,1.0,0.0,0.0,0.0,0.0,0.0,0.0,0.0,1.0,0.0,0.0,0.0,1.0,0.0,0.0,0.0,0.0,0.0,0.0,0.0,0.0,0.0,0.0,0.0,1.0,0.0,0.0,0.0,0.0,0.0,0.0,1.0,0.0,0.0,1.0,0.0,0.0,2.9,512,528
54,71,0.7937312602363521,-0.2302405228871019,-0.4271899913083501,-0.3008802274701956,-0.4981287381152882,-0.4519590128650311,0.1994245469598563,-0.3020874190505117,-0.2347742650455187,0.0,0.0,0.0,1.0,0.0,0.0,0.0,0.0,0.0,0.0,0.0,1.0,0.0,0.0,0.0,1.0,0.0,0.0,0.0,0.0,0.0,0.0,0.0,0.0,0.0,0.0,0.0,1.0,0.0,0.0,0.0,0.0,0.0,0.0,1.0,0.0,0.0,1.0,0.0,0.0,3.1,520,530
55,72,0.7937312602363521,-0.2302405228871019,-0.4271899913083501,-0.3008802274701956,-0.4981287381152882,-0.4519590128650311,0.1994245469598563,-0.3020874190505117,-0.2344196990366289,0.0,0.0,0.0,1.0,0.0,0.0,0.0,0.0,0.0,0.0,0.0,1.0,0.0,0.0,0.0,1.0,0.0,0.0,0.0,0.0,0.0,0.0,0.0,0.0,0.0,0.0,0.0,1.0,0.0,0.0,0.0,0.0,0.0,0.0,1.0,0.0,0.0,1.0,0.0,0.0,3.3,523,535
56,73,0.7937312602363521,-0.2302405228871019,-0.4271899913083501,-0.3008802274701956,-0.4981287381152882,-0.4519590128650311,0.1994245469598563,-0.3020874190505117,-0.2302483342261611,0.0,0.0,0.0,1.0,0.0,0.0,0.0,0.0,0.0,0.0,0.0,1.0,0.0,0.0,0.0,1.0,0.0,0.0,0.0,0.0,0.0,0.0,0.0,0.0,0.0,0.0,0.0,1.0,0.0,0.0,0.0,0.0,0.0,0.0,1.0,0.0,0.0,1.0,0.0,0.0,3.8,535,550
57,74,0.7937312602363521,-0.2302405228871019,-0.4271899913083501,-0.3008802274701956,-0.4981287381152882,-0.4519590128650311,0.1994245469598563,-0.3020874190505117,-0.2260769694156932,0.0,0.0,0.0,1.0,0.0,0.0,0.0,0.0,0.0,0.0,0.0,1.0,0.0,0.0,0.0,1.0,0.0,0.0,0.0,0.0,0.0,0.0,0.0,0.0,0.0,0.0,0.0,1.0,0.0,0.0,0.0,0.0,0.0,0.0,1.0,0.0,0.0,1.0,0.0,0.0,4.2,560,570
58,75,0.7937312602363521,-0.2302405228871019,-0.4271899913083501,-0.3008802274701956,-0.4981287381152882,-0.4519590128650311,0.1994245469598563,-0.3020874190505117,-0.2156485573895236,0.0,0.0,0.0,1.0,0.0,0.0,0.0,0.0,0.0,0.0,0.0,1.0,0.0,0.0,0.0,1.0,0.0,0.0,0.0,0.0,0.0,0.0,0.0,0.0,0.0,0.0,0.0,1.0,0.0,0.0,0.0,0.0,0.0,0.0,1.0,0.0,0.0,1.0,0.0,0.0,4.6,575,580
59,76,0.7937312602363521,-0.2302405228871019,-0.4271899913083501,-0.3008802274701956,-0.4981287381152882,-0.4519590128650311,0.1994245469598563,-0.3020874190505117,-0.1530780852325061,0.0,0.0,0.0,1.0,0.0,0.0,0.0,0.0,0.0,0.0,0.0,1.0,0.0,0.0,0.0,1.0,0.0,0.0,0.0,0.0,0.0,0.0,0.0,0.0,0.0,0.0,0.0,1.0,0.0,0.0,0.0,0.0,0.0,0.0,1.0,0.0,0.0,1.0,0.0,0.0,4.7,587,595
60,77,-0.9188121294102284,-0.3131388019093976,-0.5280659267223761,-0.1585068033791948,-0.4981287381152882,-0.4146626219320032,0.1547484668669948,-0.3020874190505117,-0.2302483342261611,1.0,0.0,0.0,0.0,0.0,0.0,0.0,0.0,0.0,0.0,0.0,0.0,1.0,0.0,0.0,1.0,0.0,0.0,0.0,0.0,0.0,0.0,0.0,0.0,0.0,0.0,0.0,0.0,0.0,1.0,0.0,0.0,0.0,0.0,0.0,1.0,0.0,1.0,0.0,0.0,2.1208,475,507
61,78,-0.9188121294102284,-0.3131388019093976,-0.5280659267223761,-0.1585068033791948,-0.4981287381152882,-0.4146626219320032,0.1547484668669948,-0.3020874190505117,-0.2219056046052254,1.0,0.0,0.0,0.0,0.0,0.0,0.0,0.0,0.0,0.0,0.0,0.0,1.0,0.0,0.0,1.0,0.0,0.0,0.0,0.0,0.0,0.0,0.0,0.0,0.0,0.0,0.0,0.0,0.0,1.0,0.0,0.0,0.0,0.0,0.0,1.0,0.0,1.0,0.0,0.0,2.25,490,542
62,79,-0.9188121294102284,-0.3131388019093976,-0.5280659267223761,-0.1585068033791948,-0.4981287381152882,-0.4146626219320032,0.1547484668669948,-0.3020874190505117,-0.2031344629581201,1.0,0.0,0.0,0.0,0.0,0.0,0.0,0.0,0.0,0.0,0.0,0.0,1.0,0.0,0.0,1.0,0.0,0.0,0.0,0.0,0.0,0.0,0.0,0.0,0.0,0.0,0.0,0.0,0.0,1.0,0.0,0.0,0.0,0.0,0.0,1.0,0.0,1.0,0.0,0.0,2.299,495,525
63,80,-0.9188121294102284,-0.3131388019093976,-0.5280659267223761,-0.1585068033791948,-0.4981287381152882,-0.4146626219320032,0.1547484668669948,-0.3020874190505117,-0.1864490037162488,1.0,0.0,0.0,0.0,0.0,0.0,0.0,0.0,0.0,0.0,0.0,0.0,1.0,0.0,0.0,1.0,0.0,0.0,0.0,0.0,0.0,0.0,0.0,0.0,0.0,0.0,0.0,0.0,0.0,1.0,0.0,0.0,0.0,0.0,0.0,1.0,0.0,1.0,0.0,0.0,2.4065,505,530
64,81,-0.9188121294102284,-0.3131388019093976,-0.5280659267223761,-0.1585068033791948,-0.4981287381152882,-0.4146626219320032,0.1547484668669948,-0.3020874190505117,-0.1614208148534417,1.0,0.0,0.0,0.0,0.0,0.0,0.0,0.0,0.0,0.0,0.0,0.0,1.0,0.0,0.0,1.0,0.0,0.0,0.0,0.0,0.0,0.0,0.0,0.0,0.0,0.0,0.0,0.0,0.0,1.0,0.0,0.0,0.0,0.0,0.0,1.0,0.0,1.0,0.0,0.0,2.4527,510,535
65,82,-0.9188121294102284,-0.3131388019093976,-0.5280659267223761,-0.1585068033791948,-0.4981287381152882,-0.4146626219320032,0.1547484668669948,-0.3020874190505117,-0.1322212611801669,1.0,0.0,0.0,0.0,0.0,0.0,0.0,0.0,0.0,0.0,0.0,0.0,1.0,0.0,0.0,1.0,0.0,0.0,0.0,0.0,0.0,0.0,0.0,0.0,0.0,0.0,0.0,0.0,0.0,1.0,0.0,0.0,0.0,0.0,0.0,1.0,0.0,1.0,0.0,0.0,2.4664,512,540
66,83,-1.3858694174956596,-0.3131388019093976,-0.5280659267223761,-0.1585068033791948,-0.4981287381152882,-0.4146626219320032,0.1547484668669948,-0.3020874190505117,-0.2302483342261611,1.0,0.0,0.0,0.0,0.0,0.0,0.0,0.0,0.0,0.0,0.0,0.0,1.0,0.0,0.0,1.0,0.0,0.0,0.0,0.0,0.0,0.0,0.0,0.0,0.0,0.0,0.0,0.0,0.0,1.0,0.0,0.0,0.0,0.0,0.0,1.0,0.0,1.0,0.0,0.0,1.9138,445,490
67,84,-1.3858694174956596,-0.3131388019093976,-0.5280659267223761,-0.1585068033791948,-0.4981287381152882,-0.4146626219320032,0.1547484668669948,-0.3020874190505117,-0.2219056046052254,1.0,0.0,0.0,0.0,0.0,0.0,0.0,0.0,0.0,0.0,0.0,0.0,1.0,0.0,0.0,1.0,0.0,0.0,0.0,0.0,0.0,0.0,0.0,0.0,0.0,0.0,0.0,0.0,0.0,1.0,0.0,0.0,0.0,0.0,0.0,1.0,0.0,1.0,0.0,0.0,2.0272,460,500
68,85,-1.3858694174956596,-0.3131388019093976,-0.5280659267223761,-0.1585068033791948,-0.4981287381152882,-0.4146626219320032,0.1547484668669948,-0.3020874190505117,-0.2031344629581201,1.0,0.0,0.0,0.0,0.0,0.0,0.0,0.0,0.0,0.0,0.0,0.0,1.0,0.0,0.0,1.0,0.0,0.0,0.0,0.0,0.0,0.0,0.0,0.0,0.0,0.0,0.0,0.0,0.0,1.0,0.0,0.0,0.0,0.0,0.0,1.0,0.0,1.0,0.0,0.0,2.1516,477,505
69,86,-1.3858694174956596,-0.3131388019093976,-0.5280659267223761,-0.1585068033791948,-0.4981287381152882,-0.4146626219320032,0.1547484668669948,-0.3020874190505117,-0.1864490037162488,1.0,0.0,0.0,0.0,0.0,0.0,0.0,0.0,0.0,0.0,0.0,0.0,1.0,0.0,0.0,1.0,0.0,0.0,0.0,0.0,0.0,0.0,0.0,0.0,0.0,0.0,0.0,0.0,0.0,1.0,0.0,0.0,0.0,0.0,0.0,1.0,0.0,1.0,0.0,0.0,2.2015,480,513
70,87,-1.3858694174956596,-0.3131388019093976,-0.5280659267223761,-0.1585068033791948,-0.4981287381152882,-0.4146626219320032,0.1547484668669948,-0.3020874190505117,-0.1614208148534417,1.0,0.0,0.0,0.0,0.0,0.0,0.0,0.0,0.0,0.0,0.0,0.0,1.0,0.0,0.0,1.0,0.0,0.0,0.0,0.0,0.0,0.0,0.0,0.0,0.0,0.0,0.0,0.0,0.0,1.0,0.0,0.0,0.0,0.0,0.0,1.0,0.0,1.0,0.0,0.0,2.2939,495,521
71,88,-1.3858694174956596,-0.3131388019093976,-0.5280659267223761,-0.1585068033791948,-0.4981287381152882,-0.4146626219320032,0.1547484668669948,-0.3020874190505117,-0.1322212611801669,1.0,0.0,0.0,0.0,0.0,0.0,0.0,0.0,0.0,0.0,0.0,0.0,1.0,0.0,0.0,1.0,0.0,0.0,0.0,0.0,0.0,0.0,0.0,0.0,0.0,0.0,0.0,0.0,0.0,1.0,0.0,0.0,0.0,0.0,0.0,1.0,0.0,1.0,0.0,0.0,2.3523,503,525
72,90,-1.8529267055810903,-0.3131388019093976,-0.5280659267223761,-0.1585068033791948,-0.4981287381152882,-0.4146626219320032,0.1547484668669948,-0.3020874190505117,-0.2031344629581201,1.0,0.0,0.0,0.0,0.0,0.0,0.0,0.0,0.0,0.0,0.0,0.0,1.0,0.0,0.0,1.0,0.0,0.0,0.0,0.0,0.0,0.0,0.0,0.0,0.0,0.0,0.0,0.0,0.0,1.0,0.0,0.0,0.0,0.0,0.0,1.0,0.0,1.0,0.0,0.0,1.9458,455,490
73,91,-1.8529267055810903,-0.3131388019093976,-0.5280659267223761,-0.1585068033791948,-0.4981287381152882,-0.4146626219320032,0.1547484668669948,-0.3020874190505117,-0.1864490037162488,1.0,0.0,0.0,0.0,0.0,0.0,0.0,0.0,0.0,0.0,0.0,0.0,1.0,0.0,0.0,1.0,0.0,0.0,0.0,0.0,0.0,0.0,0.0,0.0,0.0,0.0,0.0,0.0,0.0,1.0,0.0,0.0,0.0,0.0,0.0,1.0,0.0,1.0,0.0,0.0,2.0144,460,495
74,92,-1.8529267055810903,-0.3131388019093976,-0.5280659267223761,-0.1585068033791948,-0.4981287381152882,-0.4146626219320032,0.1547484668669948,-0.3020874190505117,-0.1614208148534417,1.0,0.0,0.0,0.0,0.0,0.0,0.0,0.0,0.0,0.0,0.0,0.0,1.0,0.0,0.0,1.0,0.0,0.0,0.0,0.0,0.0,0.0,0.0,0.0,0.0,0.0,0.0,0.0,0.0,1.0,0.0,0.0,0.0,0.0,0.0,1.0,0.0,1.0,0.0,0.0,2.0673,465,497
75,93,-1.8529267055810903,-0.3131388019093976,-0.5280659267223761,-0.1585068033791948,-0.4981287381152882,-0.4146626219320032,0.1547484668669948,-0.3020874190505117,-0.1322212611801669,1.0,0.0,0.0,0.0,0.0,0.0,0.0,0.0,0.0,0.0,0.0,0.0,1.0,0.0,0.0,1.0,0.0,0.0,0.0,0.0,0.0,0.0,0.0,0.0,0.0,0.0,0.0,0.0,0.0,1.0,0.0,0.0,0.0,0.0,0.0,1.0,0.0,1.0,0.0,0.0,2.0995,470,500
76,94,0.0153024467606336,-0.3442256565427585,-0.3950931027675237,0.0845697743371479,-0.4981287381152882,-0.1866460500914469,0.2787245891246857,1.052413267082969,-0.2361508154329731,0.0,0.0,0.0,1.0,0.0,0.0,0.0,0.0,0.0,0.0,0.0,0.0,1.0,0.0,0.0,1.0,0.0,0.0,0.0,0.0,0.0,0.0,0.0,0.0,0.0,0.0,0.0,0.0,0.0,0.0,1.0,0.0,0.0,0.0,1.0,0.0,0.0,0.0,1.0,0.0,2.4731,491,504
77,95,0.0153024467606336,-0.3442256565427585,-0.3950931027675237,0.0845697743371479,-0.4981287381152882,-0.1866460500914469,0.2787245891246857,1.052413267082969,-0.2354625402392459,0.0,0.0,0.0,1.0,0.0,0.0,0.0,0.0,0.0,0.0,0.0,0.0,1.0,0.0,0.0,1.0,0.0,0.0,0.0,0.0,0.0,0.0,0.0,0.0,0.0,0.0,0.0,0.0,0.0,0.0,1.0,0.0,0.0,0.0,1.0,0.0,0.0,0.0,1.0,0.0,2.9895,537,547
78,96,0.0153024467606336,-0.3442256565427585,-0.3950931027675237,0.0845697743371479,-0.4981287381152882,-0.1866460500914469,0.2787245891246857,1.052413267082969,-0.2344196990366289,0.0,0.0,0.0,1.0,0.0,0.0,0.0,0.0,0.0,0.0,0.0,0.0,1.0,0.0,0.0,1.0,0.0,0.0,0.0,0.0,0.0,0.0,0.0,0.0,0.0,0.0,0.0,0.0,0.0,0.0,1.0,0.0,0.0,0.0,1.0,0.0,0.0,0.0,1.0,0.0,3.3729,553,563
79,97,0.0153024467606336,-0.3442256565427585,-0.3950931027675237,0.0845697743371479,-0.4981287381152882,-0.1866460500914469,0.2787245891246857,1.052413267082969,-0.2302483342261611,0.0,0.0,0.0,1.0,0.0,0.0,0.0,0.0,0.0,0.0,0.0,0.0,1.0,0.0,0.0,1.0,0.0,0.0,0.0,0.0,0.0,0.0,0.0,0.0,0.0,0.0,0.0,0.0,0.0,0.0,1.0,0.0,0.0,0.0,1.0,0.0,0.0,0.0,1.0,0.0,3.6857,565,575
80,98,0.0153024467606336,-0.3442256565427585,-0.3950931027675237,0.0845697743371479,-0.4981287381152882,-0.1866460500914469,0.2787245891246857,1.052413267082969,-0.2260769694156932,0.0,0.0,0.0,1.0,0.0,0.0,0.0,0.0,0.0,0.0,0.0,0.0,1.0,0.0,0.0,1.0,0.0,0.0,0.0,0.0,0.0,0.0,0.0,0.0,0.0,0.0,0.0,0.0,0.0,0.0,1.0,0.0,0.0,0.0,1.0,0.0,0.0,0.0,1.0,0.0,3.8215,568,578
81,99,0.0153024467606336,-0.3442256565427585,-0.3950931027675237,0.0845697743371479,-0.4981287381152882,-0.1866460500914469,0.2787245891246857,1.052413267082969,-0.2156485573895236,0.0,0.0,0.0,1.0,0.0,0.0,0.0,0.0,0.0,0.0,0.0,0.0,1.0,0.0,0.0,1.0,0.0,0.0,0.0,0.0,0.0,0.0,0.0,0.0,0.0,0.0,0.0,0.0,0.0,0.0,1.0,0.0,0.0,0.0,1.0,0.0,0.0,0.0,1.0,0.0,3.8785,570,583
82,100,0.0153024467606336,-0.3442256565427585,-0.3950931027675237,0.0845697743371479,-0.4981287381152882,-0.1866460500914469,0.2787245891246857,1.052413267082969,-0.1947917333371844,0.0,0.0,0.0,1.0,0.0,0.0,0.0,0.0,0.0,0.0,0.0,0.0,1.0,0.0,0.0,1.0,0.0,0.0,0.0,0.0,0.0,0.0,0.0,0.0,0.0,0.0,0.0,0.0,0.0,0.0,1.0,0.0,0.0,0.0,1.0,0.0,0.0,0.0,1.0,0.0,4.0901,575,586
83,101,0.0153024467606336,-0.3442256565427585,-0.3950931027675237,0.0845697743371479,-0.4981287381152882,-0.4519590128650311,0.3401541992523705,1.052413267082969,-0.2361508154329731,0.0,0.0,0.0,1.0,0.0,0.0,0.0,0.0,0.0,0.0,0.0,0.0,1.0,0.0,0.0,1.0,0.0,0.0,0.0,0.0,0.0,0.0,0.0,0.0,0.0,0.0,0.0,1.0,0.0,0.0,0.0,0.0,0.0,0.0,1.0,0.0,0.0,0.0,1.0,0.0,2.34,472,498
84,102,0.0153024467606336,-0.3442256565427585,-0.3950931027675237,0.0845697743371479,-0.4981287381152882,-0.4519590128650311,0.3401541992523705,1.052413267082969,-0.2354625402392459,0.0,0.0,0.0,1.0,0.0,0.0,0.0,0.0,0.0,0.0,0.0,0.0,1.0,0.0,0.0,1.0,0.0,0.0,0.0,0.0,0.0,0.0,0.0,0.0,0.0,0.0,0.0,1.0,0.0,0.0,0.0,0.0,0.0,0.0,1.0,0.0,0.0,0.0,1.0,0.0,2.7943,519,537
85,103,0.0153024467606336,-0.3442256565427585,-0.3950931027675237,0.0845697743371479,-0.4981287381152882,-0.4519590128650311,0.3401541992523705,1.052413267082969,-0.2344196990366289,0.0,0.0,0.0,1.0,0.0,0.0,0.0,0.0,0.0,0.0,0.0,0.0,1.0,0.0,0.0,1.0,0.0,0.0,0.0,0.0,0.0,0.0,0.0,0.0,0.0,0.0,0.0,1.0,0.0,0.0,0.0,0.0,0.0,0.0,1.0,0.0,0.0,0.0,1.0,0.0,2.9968,532,547
86,104,0.0153024467606336,-0.3442256565427585,-0.3950931027675237,0.0845697743371479,-0.4981287381152882,-0.4519590128650311,0.3401541992523705,1.052413267082969,-0.2260769694156932,0.0,0.0,0.0,1.0,0.0,0.0,0.0,0.0,0.0,0.0,0.0,0.0,1.0,0.0,0.0,1.0,0.0,0.0,0.0,0.0,0.0,0.0,0.0,0.0,0.0,0.0,0.0,1.0,0.0,0.0,0.0,0.0,0.0,0.0,1.0,0.0,0.0,0.0,1.0,0.0,3.161,542,555
87,105,0.0153024467606336,-0.3442256565427585,-0.3950931027675237,0.0845697743371479,-0.4981287381152882,-0.4519590128650311,0.3401541992523705,1.052413267082969,-0.1947917333371844,0.0,0.0,0.0,1.0,0.0,0.0,0.0,0.0,0.0,0.0,0.0,0.0,1.0,0.0,0.0,1.0,0.0,0.0,0.0,0.0,0.0,0.0,0.0,0.0,0.0,0.0,0.0,1.0,0.0,0.0,0.0,0.0,0.0,0.0,1.0,0.0,0.0,0.0,1.0,0.0,3.125,550,566
88,106,0.0153024467606336,-0.3442256565427585,-0.3950931027675237,0.0845697743371479,-0.4981287381152882,-0.4502637223680753,0.3395957482512096,1.052413267082969,-0.1947917333371844,0.0,0.0,0.0,1.0,0.0,0.0,0.0,0.0,0.0,0.0,0.0,0.0,1.0,0.0,0.0,1.0,0.0,0.0,0.0,0.0,0.0,0.0,0.0,0.0,0.0,0.0,0.0,0.0,0.0,0.0,1.0,0.0,0.0,0.0,1.0,0.0,0.0,0.0,1.0,0.0,3.25,560,None
89,107,0.0153024467606336,-0.3442256565427585,-0.3950931027675237,0.0845697743371479,-0.4981287381152882,-0.4485684318711195,0.3393165227506293,1.052413267082969,-0.1947917333371844,0.0,0.0,0.0,1.0,0.0,0.0,0.0,0.0,0.0,0.0,0.0,0.0,1.0,0.0,0.0,1.0,0.0,0.0,0.0,0.0,0.0,0.0,0.0,0.0,0.0,0.0,0.0,0.0,0.0,0.0,1.0,0.0,0.0,0.0,1.0,0.0,0.0,0.0,1.0,0.0,3.625,573,None
90,108,0.0153024467606336,-0.3442256565427585,-0.3950931027675237,0.0845697743371479,-0.4981287381152882,-0.4472969639984026,0.339037297250049,1.052413267082969,-0.1947917333371844,0.0,0.0,0.0,1.0,0.0,0.0,0.0,0.0,0.0,0.0,0.0,0.0,1.0,0.0,0.0,1.0,0.0,0.0,0.0,0.0,0.0,0.0,0.0,0.0,0.0,0.0,0.0,0.0,0.0,0.0,1.0,0.0,0.0,0.0,1.0,0.0,0.0,0.0,1.0,0.0,3.8,580,None
91,109,0.0153024467606336,-0.3442256565427585,-0.3950931027675237,0.0845697743371479,-0.4981287381152882,-0.4417872698832962,0.3250760222210297,1.052413267082969,-0.1947917333371844,0.0,0.0,0.0,1.0,0.0,0.0,0.0,0.0,0.0,0.0,0.0,0.0,1.0,0.0,0.0,1.0,0.0,0.0,0.0,0.0,0.0,0.0,0.0,0.0,0.0,0.0,0.0,0.0,0.0,0.0,1.0,0.0,0.0,0.0,1.0,0.0,0.0,0.0,1.0,0.0,5.25,611,None
92,110,0.0153024467606336,-0.3442256565427585,-0.3950931027675237,0.0845697743371479,-0.4981287381152882,-0.4519590128650311,0.8762671603667096,-0.3020874190505117,-0.2361508154329731,0.0,0.0,0.0,1.0,0.0,0.0,0.0,0.0,0.0,0.0,0.0,0.0,1.0,0.0,0.0,1.0,0.0,0.0,0.0,0.0,0.0,0.0,0.0,0.0,0.0,0.0,0.0,1.0,0.0,0.0,0.0,0.0,0.0,0.0,1.0,0.0,0.0,1.0,0.0,0.0,2.5094,501,511
93,111,0.0153024467606336,-0.3442256565427585,-0.3950931027675237,0.0845697743371479,-0.4981287381152882,-0.4519590128650311,0.8762671603667096,-0.3020874190505117,-0.2354625402392459,0.0,0.0,0.0,1.0,0.0,0.0,0.0,0.0,0.0,0.0,0.0,0.0,1.0,0.0,0.0,1.0,0.0,0.0,0.0,0.0,0.0,0.0,0.0,0.0,0.0,0.0,0.0,1.0,0.0,0.0,0.0,0.0,0.0,0.0,1.0,0.0,0.0,1.0,0.0,0.0,2.9639,532,542
94,112,0.0153024467606336,-0.3442256565427585,-0.3950931027675237,0.0845697743371479,-0.4981287381152882,-0.4519590128650311,0.8762671603667096,-0.3020874190505117,-0.2344196990366289,0.0,0.0,0.0,1.0,0.0,0.0,0.0,0.0,0.0,0.0,0.0,0.0,1.0,0.0,0.0,1.0,0.0,0.0,0.0,0.0,0.0,0.0,0.0,0.0,0.0,0.0,0.0,1.0,0.0,0.0,0.0,0.0,0.0,0.0,1.0,0.0,0.0,1.0,0.0,0.0,3.2593,542,558
95,113,0.0153024467606336,-0.3442256565427585,-0.3950931027675237,0.0845697743371479,-0.4981287381152882,-0.4519590128650311,0.8762671603667096,-0.3020874190505117,-0.2302483342261611,0.0,0.0,0.0,1.0,0.0,0.0,0.0,0.0,0.0,0.0,0.0,0.0,1.0,0.0,0.0,1.0,0.0,0.0,0.0,0.0,0.0,0.0,0.0,0.0,0.0,0.0,0.0,1.0,0.0,0.0,0.0,0.0,0.0,0.0,1.0,0.0,0.0,1.0,0.0,0.0,3.6297,555,573
96,114,0.0153024467606336,-0.3442256565427585,-0.3950931027675237,0.0845697743371479,-0.4981287381152882,-0.4519590128650311,0.8762671603667096,-0.3020874190505117,-0.2260769694156932,0.0,0.0,0.0,1.0,0.0,0.0,0.0,0.0,0.0,0.0,0.0,0.0,1.0,0.0,0.0,1.0,0.0,0.0,0.0,0.0,0.0,0.0,0.0,0.0,0.0,0.0,0.0,1.0,0.0,0.0,0.0,0.0,0.0,0.0,1.0,0.0,0.0,1.0,0.0,0.0,3.7911,558,578
97,115,0.0153024467606336,-0.3442256565427585,-0.3950931027675237,0.0845697743371479,-0.4981287381152882,-0.4519590128650311,0.8762671603667096,-0.3020874190505117,-0.2156485573895236,0.0,0.0,0.0,1.0,0.0,0.0,0.0,0.0,0.0,0.0,0.0,0.0,1.0,0.0,0.0,1.0,0.0,0.0,0.0,0.0,0.0,0.0,0.0,0.0,0.0,0.0,0.0,1.0,0.0,0.0,0.0,0.0,0.0,0.0,1.0,0.0,0.0,1.0,0.0,0.0,3.9063,560,581
98,116,0.0153024467606336,-0.3442256565427585,-0.3950931027675237,0.0845697743371479,-0.4981287381152882,-0.4519590128650311,0.8762671603667096,-0.3020874190505117,-0.1947917333371844,0.0,0.0,0.0,1.0,0.0,0.0,0.0,0.0,0.0,0.0,0.0,0.0,1.0,0.0,0.0,1.0,0.0,0.0,0.0,0.0,0.0,0.0,0.0,0.0,0.0,0.0,0.0,1.0,0.0,0.0,0.0,0.0,0.0,0.0,1.0,0.0,0.0,1.0,0.0,0.0,4.0278,563,584
99,117,1.572160073712071,-0.1611586237018555,0.3064531753391106,-0.2939351823925858,1.4428335460532906,2.103691411295852,-0.3467405321753767,-0.3020874190505117,-0.2362342427291824,0.0,0.0,0.0,1.0,0.0,0.0,0.0,0.0,1.0,0.0,0.0,0.0,0.0,0.0,0.0,0.0,0.0,0.0,0.0,0.0,0.0,1.0,0.0,0.0,0.0,0.0,0.0,0.0,0.0,1.0,0.0,0.0,0.0,0.0,0.0,0.0,1.0,1.0,0.0,0.0,1.7,409,440
100,118,0.0153024467606336,0.8647075791990542,0.3064531753391106,2.3428669320732665,-0.4981287381152882,-0.2875158346603175,4.271649247424192,-0.3020874190505117,-0.2351288310544085,0.0,0.0,0.0,1.0,0.0,0.0,0.0,0.0,0.0,0.0,0.0,0.0,1.0,0.0,0.0,1.0,0.0,0.0,0.0,0.0,0.0,0.0,0.0,0.0,0.0,0.0,0.0,0.0,0.0,0.0,1.0,0.0,0.0,0.0,1.0,0.0,0.0,1.0,0.0,0.0,2.3,497,None
101,119,0.0153024467606336,0.8647075791990542,0.3064531753391106,2.3428669320732665,-0.4981287381152882,-0.2875158346603175,4.271649247424192,-0.3020874190505117,-0.1947917333371844,0.0,0.0,0.0,1.0,0.0,0.0,0.0,0.0,0.0,0.0,0.0,0.0,1.0,0.0,0.0,1.0,0.0,0.0,0.0,0.0,0.0,0.0,0.0,0.0,0.0,0.0,0.0,0.0,0.0,0.0,1.0,0.0,0.0,0.0,1.0,0.0,0.0,1.0,0.0,0.0,2.7,528,None
102,120,0.0153024467606336,0.8647075791990542,0.3064531753391106,2.3428669320732665,-0.4981287381152882,-0.2875158346603175,4.271649247424192,-0.3020874190505117,-0.1739349092848452,0.0,0.0,0.0,1.0,0.0,0.0,0.0,0.0,0.0,0.0,0.0,0.0,1.0,0.0,0.0,1.0,0.0,0.0,0.0,0.0,0.0,0.0,0.0,0.0,0.0,0.0,0.0,0.0,0.0,0.0,1.0,0.0,0.0,0.0,1.0,0.0,0.0,1.0,0.0,0.0,2.9,543,None
103,121,0.0153024467606336,0.8647075791990542,0.3064531753391106,2.3428669320732665,-0.4981287381152882,-0.2875158346603175,4.271649247424192,-0.3020874190505117,-0.1530780852325061,0.0,0.0,0.0,1.0,0.0,0.0,0.0,0.0,0.0,0.0,0.0,0.0,1.0,0.0,0.0,1.0,0.0,0.0,0.0,0.0,0.0,0.0,0.0,0.0,0.0,0.0,0.0,0.0,0.0,0.0,1.0,0.0,0.0,0.0,1.0,0.0,0.0,1.0,0.0,0.0,3.5,568,None
104,122,0.0153024467606336,0.8647075791990542,0.3064531753391106,2.3428669320732665,-0.4981287381152882,-0.2875158346603175,4.271649247424192,-0.3020874190505117,-0.1322212611801669,0.0,0.0,0.0,1.0,0.0,0.0,0.0,0.0,0.0,0.0,0.0,0.0,1.0,0.0,0.0,1.0,0.0,0.0,0.0,0.0,0.0,0.0,0.0,0.0,0.0,0.0,0.0,0.0,0.0,0.0,1.0,0.0,0.0,0.0,1.0,0.0,0.0,1.0,0.0,0.0,4.5,608,None
105,123,0.9494170229314958,-0.4720271700354644,-0.5641519999818481,0.0116468010222451,-0.4981287381152882,-0.2230947957759967,-0.1283861907215156,-0.3020874190505117,-0.2363322698022284,0.0,0.0,0.0,1.0,0.0,0.0,0.0,0.0,0.0,0.0,0.0,0.0,1.0,0.0,0.0,1.0,0.0,0.0,0.0,0.0,0.0,0.0,0.0,0.0,0.0,0.0,0.0,0.0,0.0,0.0,1.0,0.0,0.0,0.0,1.0,0.0,0.0,1.0,0.0,0.0,2.28,508,523
106,126,0.9494170229314958,-0.4720271700354644,-0.5641519999818481,0.0116468010222451,-0.4981287381152882,-0.2230947957759967,-0.1283861907215156,-0.3020874190505117,-0.2344196990366289,0.0,0.0,0.0,1.0,0.0,0.0,0.0,0.0,0.0,0.0,0.0,0.0,1.0,0.0,0.0,1.0,0.0,0.0,0.0,0.0,0.0,0.0,0.0,0.0,0.0,0.0,0.0,0.0,0.0,0.0,1.0,0.0,0.0,0.0,1.0,0.0,0.0,1.0,0.0,0.0,3.28,585,604
107,129,0.0153024467606336,0.8647075791990542,-0.0145157100691534,1.7432780403729542,-0.4981287381152882,-0.3375269043205139,4.98088201889837,-0.3020874190505117,-0.2333768578340119,0.0,0.0,0.0,1.0,0.0,0.0,0.0,0.0,0.0,0.0,0.0,0.0,1.0,0.0,0.0,1.0,0.0,0.0,0.0,0.0,0.0,0.0,0.0,0.0,0.0,0.0,0.0,0.0,0.0,0.0,1.0,0.0,0.0,0.0,1.0,0.0,0.0,1.0,0.0,0.0,2.5,524,544
108,130,0.326673972150921,0.8647075791990542,-0.0145157100691534,1.7432780403729542,-0.4981287381152882,-0.3375269043205139,4.98088201889837,-0.3020874190505117,-0.2333768578340119,0.0,0.0,0.0,1.0,0.0,0.0,0.0,0.0,0.0,0.0,0.0,0.0,1.0,0.0,0.0,1.0,0.0,0.0,0.0,0.0,0.0,0.0,0.0,0.0,0.0,0.0,0.0,0.0,0.0,0.0,1.0,0.0,0.0,0.0,1.0,0.0,0.0,1.0,0.0,0.0,3.0,555,577
109,131,0.6380454975412084,0.8647075791990542,-0.0145157100691534,1.7432780403729542,-0.4981287381152882,-0.3375269043205139,4.98088201889837,-0.3020874190505117,-0.2333768578340119,0.0,0.0,0.0,1.0,0.0,0.0,0.0,0.0,0.0,0.0,0.0,0.0,1.0,0.0,0.0,1.0,0.0,0.0,0.0,0.0,0.0,0.0,0.0,0.0,0.0,0.0,0.0,0.0,0.0,0.0,1.0,0.0,0.0,0.0,1.0,0.0,0.0,1.0,0.0,0.0,4.0,592,610
110,132,0.9494170229314958,0.8647075791990542,-0.0145157100691534,1.7432780403729542,-0.4981287381152882,-0.3375269043205139,4.98088201889837,-0.3020874190505117,-0.2333768578340119,0.0,0.0,0.0,1.0,0.0,0.0,0.0,0.0,0.0,0.0,0.0,0.0,1.0,0.0,0.0,1.0,0.0,0.0,0.0,0.0,0.0,0.0,0.0,0.0,0.0,0.0,0.0,0.0,0.0,0.0,1.0,0.0,0.0,0.0,1.0,0.0,0.0,1.0,0.0,0.0,4.5,603,625
111,133,0.9494170229314958,-0.4720271700354644,-0.1520738038155523,-0.4791363844621803,1.7366941015129806,-0.3519368735446384,-0.5734716386466494,-0.3020874190505117,-0.2363322698022284,0.0,0.0,0.0,1.0,0.0,0.0,0.0,0.0,0.0,0.0,0.0,0.0,0.0,1.0,0.0,0.0,0.0,0.0,1.0,0.0,0.0,0.0,0.0,0.0,0.0,0.0,0.0,0.0,0.0,1.0,0.0,0.0,0.0,0.0,0.0,0.0,1.0,1.0,0.0,0.0,2.28,495,509
112,134,0.9494170229314958,-0.4720271700354644,-0.1520738038155523,-0.4791363844621803,1.7366941015129806,-0.3519368735446384,-0.5734716386466494,-0.3020874190505117,-0.2357065650806582,0.0,0.0,0.0,1.0,0.0,0.0,0.0,0.0,0.0,0.0,0.0,0.0,0.0,1.0,0.0,0.0,0.0,0.0,1.0,0.0,0.0,0.0,0.0,0.0,0.0,0.0,0.0,0.0,0.0,1.0,0.0,0.0,0.0,0.0,0.0,0.0,1.0,1.0,0.0,0.0,3.02,551,563
113,135,0.9494170229314958,-0.4720271700354644,-0.1520738038155523,-0.4791363844621803,1.7366941015129806,-0.3519368735446384,-0.5734716386466494,-0.3020874190505117,-0.2349411196379374,0.0,0.0,0.0,1.0,0.0,0.0,0.0,0.0,0.0,0.0,0.0,0.0,0.0,1.0,0.0,0.0,0.0,0.0,1.0,0.0,0.0,0.0,0.0,0.0,0.0,0.0,0.0,0.0,0.0,1.0,0.0,0.0,0.0,0.0,0.0,0.0,1.0,1.0,0.0,0.0,3.66,579,591
114,136,0.9494170229314958,-0.4720271700354644,-0.1520738038155523,-0.4791363844621803,1.7366941015129806,-0.3519368735446384,-0.5734716386466494,-0.3020874190505117,-0.231291175428778,0.0,0.0,0.0,1.0,0.0,0.0,0.0,0.0,0.0,0.0,0.0,0.0,0.0,1.0,0.0,0.0,0.0,0.0,1.0,0.0,0.0,0.0,0.0,0.0,0.0,0.0,0.0,0.0,0.0,1.0,0.0,0.0,0.0,0.0,0.0,0.0,1.0,1.0,0.0,0.0,4.86,607,617
115,137,0.9494170229314958,-0.4720271700354644,-0.1520738038155523,-0.4791363844621803,1.7366941015129806,-0.3519368735446384,-0.5734716386466494,-0.3020874190505117,-0.2236429780487852,0.0,0.0,0.0,1.0,0.0,0.0,0.0,0.0,0.0,0.0,0.0,0.0,0.0,1.0,0.0,0.0,0.0,0.0,1.0,0.0,0.0,0.0,0.0,0.0,0.0,0.0,0.0,0.0,0.0,1.0,0.0,0.0,0.0,0.0,0.0,0.0,1.0,1.0,0.0,0.0,5.11,611,623
116,138,0.9494170229314958,-0.4720271700354644,-0.1520738038155523,-0.4791363844621803,1.7366941015129806,-0.3519368735446384,-0.5734716386466494,-0.3020874190505117,-0.2153002484278496,0.0,0.0,0.0,1.0,0.0,0.0,0.0,0.0,0.0,0.0,0.0,0.0,0.0,1.0,0.0,0.0,0.0,0.0,1.0,0.0,0.0,0.0,0.0,0.0,0.0,0.0,0.0,0.0,0.0,1.0,0.0,0.0,0.0,0.0,0.0,0.0,1.0,1.0,0.0,0.0,5.16,615,627
117,140,0.7937312602363521,-0.3338633716649716,0.0771896857617791,-0.2939351823925858,4.18851879345867,-0.257000605715113,-0.1420682402499545,-0.3020874190505117,-0.2344196990366289,0.0,0.0,0.0,1.0,0.0,0.0,0.0,0.0,0.0,0.0,0.0,0.0,0.0,1.0,0.0,0.0,0.0,0.0,0.0,0.0,0.0,1.0,0.0,0.0,0.0,0.0,0.0,0.0,0.0,0.0,1.0,0.0,0.0,0.0,0.0,0.0,1.0,1.0,0.0,0.0,1.76,571,581
118,141,0.7937312602363521,-0.3338633716649716,0.0771896857617791,-0.2939351823925858,4.18851879345867,-0.257000605715113,-0.1420682402499545,-0.3020874190505117,-0.2156485573895236,0.0,0.0,0.0,1.0,0.0,0.0,0.0,0.0,0.0,0.0,0.0,0.0,0.0,1.0,0.0,0.0,0.0,0.0,0.0,0.0,0.0,1.0,0.0,0.0,0.0,0.0,0.0,0.0,0.0,0.0,1.0,0.0,0.0,0.0,0.0,0.0,1.0,1.0,0.0,0.0,1.99,582,592
119,142,-0.7631263667150848,-0.3718584162168571,-0.5528263835967279,-0.2823601072632362,-0.4981287381152882,-0.4367013983924288,0.1000202687532393,-0.3020874190505117,-0.2358171062481356,0.0,0.0,0.0,1.0,0.0,0.0,0.0,0.0,0.0,0.0,0.0,0.0,0.0,1.0,0.0,1.0,0.0,0.0,0.0,0.0,0.0,0.0,0.0,0.0,0.0,0.0,0.0,0.0,0.0,1.0,0.0,0.0,0.0,1.0,0.0,0.0,0.0,1.0,0.0,0.0,1.97,465,480
120,143,-0.7631263667150848,-0.3718584162168571,-0.5528263835967279,-0.2823601072632362,-0.4981287381152882,-0.4367013983924288,0.1000202687532393,-0.3020874190505117,-0.2351288310544085,0.0,0.0,0.0,1.0,0.0,0.0,0.0,0.0,0.0,0.0,0.0,0.0,0.0,1.0,0.0,1.0,0.0,0.0,0.0,0.0,0.0,0.0,0.0,0.0,0.0,0.0,0.0,0.0,0.0,1.0,0.0,0.0,0.0,1.0,0.0,0.0,0.0,1.0,0.0,0.0,2.17,495,520
121,144,-0.7631263667150848,-0.3718584162168571,-0.5528263835967279,-0.2823601072632362,-0.4981287381152882,-0.4367013983924288,0.1000202687532393,-0.3020874190505117,-0.2156485573895236,0.0,0.0,0.0,1.0,0.0,0.0,0.0,0.0,0.0,0.0,0.0,0.0,0.0,1.0,0.0,1.0,0.0,0.0,0.0,0.0,0.0,0.0,0.0,0.0,0.0,0.0,0.0,0.0,0.0,1.0,0.0,0.0,0.0,1.0,0.0,0.0,0.0,1.0,0.0,0.0,2.84,555,570
122,145,0.5602026161936365,-0.3718584162168571,-0.5528263835967279,-0.2823601072632362,-0.4981287381152882,-0.4367013983924288,0.1000202687532393,-0.3020874190505117,-0.2358171062481356,0.0,0.0,0.0,1.0,0.0,0.0,0.0,0.0,0.0,0.0,0.0,0.0,0.0,1.0,0.0,1.0,0.0,0.0,0.0,0.0,0.0,0.0,0.0,0.0,0.0,0.0,0.0,0.0,0.0,1.0,0.0,0.0,0.0,1.0,0.0,0.0,0.0,1.0,0.0,0.0,2.57,525,540
123,146,0.5602026161936365,-0.3718584162168571,-0.5528263835967279,-0.2823601072632362,-0.4981287381152882,-0.4367013983924288,0.1000202687532393,-0.3020874190505117,-0.2351288310544085,0.0,0.0,0.0,1.0,0.0,0.0,0.0,0.0,0.0,0.0,0.0,0.0,0.0,1.0,0.0,1.0,0.0,0.0,0.0,0.0,0.0,0.0,0.0,0.0,0.0,0.0,0.0,0.0,0.0,1.0,0.0,0.0,0.0,1.0,0.0,0.0,0.0,1.0,0.0,0.0,3.25,565,575
124,147,0.5602026161936365,-0.3718584162168571,-0.5528263835967279,-0.2823601072632362,-0.4981287381152882,-0.4367013983924288,0.1000202687532393,-0.3020874190505117,-0.2156485573895236,0.0,0.0,0.0,1.0,0.0,0.0,0.0,0.0,0.0,0.0,0.0,0.0,0.0,1.0,0.0,1.0,0.0,0.0,0.0,0.0,0.0,0.0,0.0,0.0,0.0,0.0,0.0,0.0,0.0,1.0,0.0,0.0,0.0,1.0,0.0,0.0,0.0,1.0,0.0,0.0,4.5,608,615
125,148,-0.2960690786296537,-0.3718584162168571,-0.5807965293251623,-0.2823601072632362,-0.4981287381152882,-0.4367013983924288,0.1000202687532393,-0.3020874190505117,-0.2358171062481356,0.0,0.0,0.0,1.0,0.0,0.0,0.0,0.0,0.0,0.0,0.0,0.0,0.0,1.0,0.0,1.0,0.0,0.0,0.0,0.0,0.0,0.0,0.0,0.0,0.0,0.0,0.0,0.0,0.0,1.0,0.0,0.0,0.0,1.0,0.0,0.0,0.0,1.0,0.0,0.0,2.02,465,480
126,149,-0.2960690786296537,-0.3718584162168571,-0.5807965293251623,-0.2823601072632362,-0.4981287381152882,-0.4367013983924288,0.1000202687532393,-0.3020874190505117,-0.2351288310544085,0.0,0.0,0.0,1.0,0.0,0.0,0.0,0.0,0.0,0.0,0.0,0.0,0.0,1.0,0.0,1.0,0.0,0.0,0.0,0.0,0.0,0.0,0.0,0.0,0.0,0.0,0.0,0.0,0.0,1.0,0.0,0.0,0.0,1.0,0.0,0.0,0.0,1.0,0.0,0.0,2.32,508,518
127,150,-0.2960690786296537,-0.3718584162168571,-0.5807965293251623,-0.2823601072632362,-0.4981287381152882,-0.4367013983924288,0.1000202687532393,-0.3020874190505117,-0.2156485573895236,0.0,0.0,0.0,1.0,0.0,0.0,0.0,0.0,0.0,0.0,0.0,0.0,0.0,1.0,0.0,1.0,0.0,0.0,0.0,0.0,0.0,0.0,0.0,0.0,0.0,0.0,0.0,0.0,0.0,1.0,0.0,0.0,0.0,1.0,0.0,0.0,0.0,1.0,0.0,0.0,3.31,570,580
128,151,-0.2960690786296537,-0.3718584162168571,-0.4317752610998968,-0.2823601072632362,-0.4981287381152882,-0.4367013983924288,0.1000202687532393,-0.3020874190505117,-0.2358171062481356,0.0,0.0,0.0,1.0,0.0,0.0,0.0,0.0,0.0,0.0,0.0,0.0,0.0,1.0,0.0,1.0,0.0,0.0,0.0,0.0,0.0,0.0,0.0,0.0,0.0,0.0,0.0,0.0,0.0,1.0,0.0,0.0,0.0,1.0,0.0,0.0,0.0,1.0,0.0,0.0,2.61,528,550
129,152,-0.2960690786296537,-0.3718584162168571,-0.4317752610998968,-0.2823601072632362,-0.4981287381152882,-0.4367013983924288,0.1000202687532393,-0.3020874190505117,-0.2351288310544085,0.0,0.0,0.0,1.0,0.0,0.0,0.0,0.0,0.0,0.0,0.0,0.0,0.0,1.0,0.0,1.0,0.0,0.0,0.0,0.0,0.0,0.0,0.0,0.0,0.0,0.0,0.0,0.0,0.0,1.0,0.0,0.0,0.0,1.0,0.0,0.0,0.0,1.0,0.0,0.0,2.76,540,560
130,153,-0.2960690786296537,-0.3718584162168571,-0.4317752610998968,-0.2823601072632362,-0.4981287381152882,-0.4367013983924288,0.1000202687532393,-0.3020874190505117,-0.2156485573895236,0.0,0.0,0.0,1.0,0.0,0.0,0.0,0.0,0.0,0.0,0.0,0.0,0.0,1.0,0.0,1.0,0.0,0.0,0.0,0.0,0.0,0.0,0.0,0.0,0.0,0.0,0.0,0.0,0.0,1.0,0.0,0.0,0.0,1.0,0.0,0.0,0.0,1.0,0.0,0.0,3.66,578,610
131,154,-0.0625404345869381,-0.4720271700354644,-0.2625788057918261,-0.2511074044139921,-0.4981287381152882,-0.4368709274421244,0.0944357587416316,-0.3020874190505117,-0.2354625402392459,0.0,0.0,0.0,1.0,0.0,0.0,0.0,0.0,0.0,0.0,0.0,0.0,1.0,0.0,0.0,1.0,0.0,0.0,0.0,0.0,0.0,0.0,0.0,0.0,0.0,0.0,0.0,0.0,0.0,0.0,1.0,0.0,0.0,0.0,1.0,0.0,0.0,1.0,0.0,0.0,2.5,474,617
132,155,0.326673972150921,-0.3452618850305372,-0.3950931027675237,0.2940786341783768,0.0056858715289122,0.0218746810341176,-0.3634940622101998,-0.3020874190505117,-0.2358171062481356,0.0,0.0,0.0,1.0,0.0,0.0,0.0,0.0,0.0,0.0,0.0,0.0,1.0,0.0,0.0,0.0,0.0,0.0,0.0,0.0,0.0,0.0,1.0,0.0,0.0,0.0,0.0,0.0,0.0,0.0,1.0,0.0,0.0,0.0,1.0,0.0,0.0,1.0,0.0,0.0,2.85,534,577
133,156,0.326673972150921,-0.3452618850305372,-0.3950931027675237,0.2940786341783768,0.0056858715289122,0.0218746810341176,-0.3634940622101998,-0.3020874190505117,-0.2354625402392459,0.0,0.0,0.0,1.0,0.0,0.0,0.0,0.0,0.0,0.0,0.0,0.0,1.0,0.0,0.0,0.0,0.0,0.0,0.0,0.0,0.0,0.0,1.0,0.0,0.0,0.0,0.0,0.0,0.0,0.0,1.0,0.0,0.0,0.0,1.0,0.0,0.0,1.0,0.0,0.0,3.12,561,586
134,157,0.326673972150921,-0.3452618850305372,-0.3950931027675237,0.2940786341783768,0.0056858715289122,0.0218746810341176,-0.3634940622101998,-0.3020874190505117,-0.2344196990366289,0.0,0.0,0.0,1.0,0.0,0.0,0.0,0.0,0.0,0.0,0.0,0.0,1.0,0.0,0.0,0.0,0.0,0.0,0.0,0.0,0.0,0.0,1.0,0.0,0.0,0.0,0.0,0.0,0.0,0.0,1.0,0.0,0.0,0.0,1.0,0.0,0.0,1.0,0.0,0.0,3.46,570,594
135,158,0.326673972150921,-0.3452618850305372,-0.3950931027675237,0.2940786341783768,0.0056858715289122,0.0218746810341176,-0.3634940622101998,-0.3020874190505117,-0.232334016631395,0.0,0.0,0.0,1.0,0.0,0.0,0.0,0.0,0.0,0.0,0.0,0.0,1.0,0.0,0.0,0.0,0.0,0.0,0.0,0.0,0.0,0.0,1.0,0.0,0.0,0.0,0.0,0.0,0.0,0.0,1.0,0.0,0.0,0.0,1.0,0.0,0.0,1.0,0.0,0.0,3.79,579,595
136,159,0.326673972150921,-0.4720271700354644,-0.1520738038155523,-0.4791363844621803,1.1714894450079338,0.2159854429355578,-0.4897039884725339,-0.3020874190505117,-0.2364984986899256,0.0,0.0,0.0,1.0,0.0,0.0,0.0,0.0,0.0,0.0,0.0,0.0,0.0,1.0,0.0,0.0,0.0,0.0,0.0,0.0,0.0,1.0,0.0,0.0,0.0,0.0,0.0,0.0,0.0,0.0,1.0,0.0,0.0,0.0,0.0,0.0,1.0,1.0,0.0,0.0,1.98,450,None
137,160,0.326673972150921,-0.4720271700354644,-0.1520738038155523,-0.4791363844621803,1.1714894450079338,0.2159854429355578,-0.4897039884725339,-0.3020874190505117,-0.2364782675705948,0.0,0.0,0.0,1.0,0.0,0.0,0.0,0.0,0.0,0.0,0.0,0.0,0.0,1.0,0.0,0.0,0.0,0.0,0.0,0.0,0.0,1.0,0.0,0.0,0.0,0.0,0.0,0.0,0.0,0.0,1.0,0.0,0.0,0.0,0.0,0.0,1.0,1.0,0.0,0.0,2.09,467,None
138,161,0.326673972150921,-0.4720271700354644,-0.1520738038155523,-0.4791363844621803,1.1714894450079338,0.2159854429355578,-0.4897039884725339,-0.3020874190505117,-0.2364323825576796,0.0,0.0,0.0,1.0,0.0,0.0,0.0,0.0,0.0,0.0,0.0,0.0,0.0,1.0,0.0,0.0,0.0,0.0,0.0,0.0,0.0,1.0,0.0,0.0,0.0,0.0,0.0,0.0,0.0,0.0,1.0,0.0,0.0,0.0,0.0,0.0,1.0,1.0,0.0,0.0,2.34,497,None
139,162,0.326673972150921,-0.4720271700354644,-0.1520738038155523,-0.4791363844621803,1.1714894450079338,0.2159854429355578,-0.4897039884725339,-0.3020874190505117,-0.2361716722570254,0.0,0.0,0.0,1.0,0.0,0.0,0.0,0.0,0.0,0.0,0.0,0.0,0.0,1.0,0.0,0.0,0.0,0.0,0.0,0.0,0.0,1.0,0.0,0.0,0.0,0.0,0.0,0.0,0.0,0.0,1.0,0.0,0.0,0.0,0.0,0.0,1.0,1.0,0.0,0.0,3.21,557,None
140,163,0.326673972150921,-0.4720271700354644,-0.1520738038155523,-0.4791363844621803,1.1714894450079338,0.2159854429355578,-0.4897039884725339,-0.3020874190505117,-0.2353061140588533,0.0,0.0,0.0,1.0,0.0,0.0,0.0,0.0,0.0,0.0,0.0,0.0,0.0,1.0,0.0,0.0,0.0,0.0,0.0,0.0,0.0,1.0,0.0,0.0,0.0,0.0,0.0,0.0,0.0,0.0,1.0,0.0,0.0,0.0,0.0,0.0,1.0,1.0,0.0,0.0,4.37,594,None
141,164,0.326673972150921,-0.4720271700354644,-0.1520738038155523,-0.4791363844621803,1.1714894450079338,0.2159854429355578,-0.4897039884725339,-0.3020874190505117,-0.2315414573174061,0.0,0.0,0.0,1.0,0.0,0.0,0.0,0.0,0.0,0.0,0.0,0.0,0.0,1.0,0.0,0.0,0.0,0.0,0.0,0.0,0.0,1.0,0.0,0.0,0.0,0.0,0.0,0.0,0.0,0.0,1.0,0.0,0.0,0.0,0.0,0.0,1.0,1.0,0.0,0.0,6.04,628,None
142,165,-2.475669756361665,0.1497099226317534,0.5357166649164422,-0.525436684979579,-0.4981287381152882,0.1922513759781765,-0.4025856322914537,-0.3020874190505117,4.268568613863401,0.0,1.0,0.0,0.0,0.0,0.0,1.0,0.0,0.0,0.0,0.0,0.0,0.0,0.0,0.0,1.0,0.0,0.0,0.0,0.0,0.0,0.0,0.0,0.0,0.0,0.0,0.0,0.0,0.0,0.0,1.0,0.0,0.0,0.0,0.0,0.0,1.0,1.0,0.0,0.0,1.74,422,510
143,166,-2.475669756361665,0.1497099226317534,0.5357166649164422,1.4307510118805131,-0.4981287381152882,0.1922513759781765,-0.4025856322914537,-0.3020874190505117,4.268568613863401,0.0,1.0,0.0,0.0,0.0,0.0,0.0,0.0,0.0,0.0,0.0,0.0,1.0,0.0,0.0,1.0,0.0,0.0,0.0,0.0,0.0,0.0,0.0,0.0,0.0,0.0,0.0,0.0,0.0,0.0,1.0,0.0,0.0,0.0,0.0,0.0,1.0,1.0,0.0,0.0,1.75,404,451
144,167,-2.475669756361665,0.1497099226317534,0.5357166649164422,0.9793230818358768,-0.4981287381152882,0.1922513759781765,-0.4025856322914537,-0.3020874190505117,4.268568613863401,0.0,1.0,0.0,0.0,0.0,0.0,0.0,0.0,0.0,1.0,0.0,0.0,0.0,0.0,0.0,1.0,0.0,0.0,0.0,0.0,0.0,0.0,0.0,0.0,0.0,0.0,0.0,0.0,0.0,0.0,1.0,0.0,0.0,0.0,0.0,0.0,1.0,1.0,0.0,0.0,1.79,407,483
145,168,-2.475669756361665,0.1497099226317534,0.5357166649164422,0.9561729315771774,-0.4981287381152882,0.1922513759781765,-0.4025856322914537,-0.3020874190505117,4.268568613863401,0.0,1.0,0.0,0.0,0.0,0.0,0.0,0.0,0.0,0.0,1.0,0.0,0.0,0.0,0.0,1.0,0.0,0.0,0.0,0.0,0.0,0.0,0.0,0.0,0.0,0.0,0.0,0.0,0.0,0.0,1.0,0.0,0.0,0.0,0.0,0.0,1.0,1.0,0.0,0.0,1.71,418,530
146,169,-2.475669756361665,0.1497099226317534,0.5357166649164422,-0.525436684979579,1.8569116465006248,0.1922513759781765,-0.4025856322914537,-0.3020874190505117,4.268568613863401,0.0,1.0,0.0,0.0,0.0,0.0,1.0,0.0,0.0,0.0,0.0,0.0,0.0,0.0,0.0,0.0,0.0,0.0,0.0,0.0,0.0,0.0,0.0,0.0,0.0,0.0,1.0,0.0,0.0,0.0,1.0,0.0,0.0,0.0,0.0,0.0,1.0,1.0,0.0,0.0,1.97,413,584
147,170,-0.14038331593451,-0.413307555728005,0.6274220607473748,-0.525436684979579,-0.4981287381152882,-0.1196820754616924,-0.5668372407528595,-0.3020874190505117,-0.2156485573895236,0.0,0.0,0.0,0.0,1.0,0.0,1.0,0.0,0.0,0.0,0.0,0.0,0.0,0.0,0.0,1.0,0.0,0.0,0.0,0.0,0.0,0.0,0.0,0.0,0.0,0.0,0.0,0.0,0.0,0.0,0.0,1.0,0.0,0.0,0.0,0.0,1.0,1.0,0.0,0.0,2.0,486,488
148,171,-0.14038331593451,-0.413307555728005,0.6274220607473748,-0.525436684979579,-0.4981287381152882,-0.1196820754616924,-0.5668372407528595,-0.3020874190505117,-0.1739349092848452,0.0,0.0,0.0,0.0,1.0,0.0,1.0,0.0,0.0,0.0,0.0,0.0,0.0,0.0,0.0,1.0,0.0,0.0,0.0,0.0,0.0,0.0,0.0,0.0,0.0,0.0,0.0,0.0,0.0,0.0,0.0,1.0,0.0,0.0,0.0,0.0,1.0,1.0,0.0,0.0,2.0,434,508
149,172,-0.14038331593451,-0.413307555728005,0.6274220607473748,-0.525436684979579,-0.4981287381152882,-0.1196820754616924,-0.5668372407528595,-0.3020874190505117,-0.0487939649708101,0.0,0.0,0.0,0.0,1.0,0.0,1.0,0.0,0.0,0.0,0.0,0.0,0.0,0.0,0.0,1.0,0.0,0.0,0.0,0.0,0.0,0.0,0.0,0.0,0.0,0.0,0.0,0.0,0.0,0.0,0.0,1.0,0.0,0.0,0.0,0.0,1.0,1.0,0.0,0.0,2.0,414,523
150,173,-2.8648841630995245,0.8405289144842178,1.1776544357329704,0.8982975559304291,0.766140895778753,-0.1213773659586482,-0.6818111328718388,-0.3020874190505117,-0.2344196990366289,0.0,0.0,0.0,1.0,0.0,0.0,0.0,1.0,0.0,0.0,0.0,0.0,0.0,0.0,0.0,0.0,0.0,0.0,0.0,1.0,0.0,0.0,0.0,0.0,0.0,0.0,0.0,0.0,1.0,0.0,0.0,0.0,1.0,0.0,0.0,0.0,0.0,1.0,0.0,0.0,1.44,383,None
151,174,-2.8648841630995245,0.8405289144842178,1.1776544357329704,0.8982975559304291,0.766140895778753,-0.1213773659586482,-0.6818111328718388,-0.3020874190505117,-0.2302483342261611,0.0,0.0,0.0,1.0,0.0,0.0,0.0,1.0,0.0,0.0,0.0,0.0,0.0,0.0,0.0,0.0,0.0,0.0,0.0,1.0,0.0,0.0,0.0,0.0,0.0,0.0,0.0,0.0,1.0,0.0,0.0,0.0,1.0,0.0,0.0,0.0,0.0,1.0,0.0,0.0,1.55,399,None
152,175,-2.8648841630995245,0.8405289144842178,1.1776544357329704,0.8982975559304291,0.766140895778753,-0.1213773659586482,-0.6818111328718388,-0.3020874190505117,-0.2260769694156932,0.0,0.0,0.0,1.0,0.0,0.0,0.0,1.0,0.0,0.0,0.0,0.0,0.0,0.0,0.0,0.0,0.0,0.0,0.0,1.0,0.0,0.0,0.0,0.0,0.0,0.0,0.0,0.0,1.0,0.0,0.0,0.0,1.0,0.0,0.0,0.0,0.0,1.0,0.0,0.0,1.67,412,None
153,176,-2.8648841630995245,0.8405289144842178,1.1776544357329704,0.8982975559304291,0.766140895778753,-0.1213773659586482,-0.6818111328718388,-0.3020874190505117,-0.1739349092848452,0.0,0.0,0.0,1.0,0.0,0.0,0.0,1.0,0.0,0.0,0.0,0.0,0.0,0.0,0.0,0.0,0.0,0.0,0.0,1.0,0.0,0.0,0.0,0.0,0.0,0.0,0.0,0.0,1.0,0.0,0.0,0.0,1.0,0.0,0.0,0.0,0.0,1.0,0.0,0.0,1.67,415,None
154,177,-2.8648841630995245,0.8405289144842178,1.1776544357329704,0.8982975559304291,0.766140895778753,-0.1213773659586482,-0.6818111328718388,-0.3020874190505117,0.0763469793432249,0.0,0.0,0.0,1.0,0.0,0.0,0.0,1.0,0.0,0.0,0.0,0.0,0.0,0.0,0.0,0.0,0.0,0.0,0.0,1.0,0.0,0.0,0.0,0.0,0.0,0.0,0.0,0.0,1.0,0.0,0.0,0.0,1.0,0.0,0.0,0.0,0.0,1.0,0.0,0.0,1.67,418,None
155,178,-2.7870412817519528,0.8405289144842178,1.1776544357329704,0.8982975559304291,0.766140895778753,-0.1213773659586482,-0.6818111328718388,-0.3020874190505117,0.5977675806517045,0.0,0.0,0.0,1.0,0.0,0.0,0.0,1.0,0.0,0.0,0.0,0.0,0.0,0.0,0.0,0.0,0.0,0.0,0.0,1.0,0.0,0.0,0.0,0.0,0.0,0.0,0.0,0.0,0.0,0.0,1.0,0.0,1.0,0.0,0.0,0.0,0.0,1.0,0.0,0.0,1.13,350,None
156,179,-2.7870412817519528,0.8405289144842178,1.1776544357329704,0.8982975559304291,0.766140895778753,-0.1213773659586482,-0.6818111328718388,-0.3020874190505117,2.203743032681822,0.0,0.0,0.0,1.0,0.0,0.0,0.0,1.0,0.0,0.0,0.0,0.0,0.0,0.0,0.0,0.0,0.0,0.0,0.0,1.0,0.0,0.0,0.0,0.0,0.0,0.0,0.0,0.0,0.0,0.0,1.0,0.0,1.0,0.0,0.0,0.0,0.0,1.0,0.0,0.0,1.33,380,None
157,180,-2.7870412817519528,0.8405289144842178,1.1776544357329704,0.8982975559304291,0.766140895778753,-0.1213773659586482,-0.6818111328718388,-0.3020874190505117,6.562819259620712,0.0,0.0,0.0,1.0,0.0,0.0,0.0,1.0,0.0,0.0,0.0,0.0,0.0,0.0,0.0,0.0,0.0,0.0,0.0,1.0,0.0,0.0,0.0,0.0,0.0,0.0,0.0,0.0,0.0,0.0,1.0,0.0,1.0,0.0,0.0,0.0,0.0,1.0,0.0,0.0,1.33,380,None
158,181,-2.7870412817519528,0.8405289144842178,1.1776544357329704,0.8982975559304291,0.766140895778753,-0.1213773659586482,-0.6818111328718388,-0.3020874190505117,8.481647072435917,0.0,0.0,0.0,1.0,0.0,0.0,0.0,1.0,0.0,0.0,0.0,0.0,0.0,0.0,0.0,0.0,0.0,0.0,0.0,1.0,0.0,0.0,0.0,0.0,0.0,0.0,0.0,0.0,0.0,0.0,1.0,0.0,1.0,0.0,0.0,0.0,0.0,1.0,0.0,0.0,1.33,380,None
159,182,-2.3199839936665216,0.8405289144842178,1.1776544357329704,0.8982975559304291,0.766140895778753,-0.1213773659586482,-0.6818111328718388,-0.3020874190505117,-0.2156485573895236,0.0,0.0,0.0,1.0,0.0,0.0,0.0,1.0,0.0,0.0,0.0,0.0,0.0,0.0,0.0,0.0,0.0,0.0,0.0,1.0,0.0,0.0,0.0,0.0,0.0,0.0,0.0,0.0,0.0,0.0,1.0,0.0,1.0,0.0,0.0,0.0,0.0,1.0,0.0,0.0,1.44,380,None
160,183,-2.3199839936665216,0.8405289144842178,1.1776544357329704,0.8982975559304291,0.766140895778753,-0.1213773659586482,-0.6818111328718388,-0.3020874190505117,-0.0487939649708101,0.0,0.0,0.0,1.0,0.0,0.0,0.0,1.0,0.0,0.0,0.0,0.0,0.0,0.0,0.0,0.0,0.0,0.0,0.0,1.0,0.0,0.0,0.0,0.0,0.0,0.0,0.0,0.0,0.0,0.0,1.0,0.0,1.0,0.0,0.0,0.0,0.0,1.0,0.0,0.0,1.44,380,None
161,184,-2.3199839936665216,0.8405289144842178,1.1776544357329704,0.8982975559304291,0.766140895778753,-0.1213773659586482,-0.6818111328718388,-0.3020874190505117,0.2119163356834296,0.0,0.0,0.0,1.0,0.0,0.0,0.0,1.0,0.0,0.0,0.0,0.0,0.0,0.0,0.0,0.0,0.0,0.0,0.0,1.0,0.0,0.0,0.0,0.0,0.0,0.0,0.0,0.0,0.0,0.0,1.0,0.0,1.0,0.0,0.0,0.0,0.0,1.0,0.0,0.0,1.67,405,None
162,185,-2.3199839936665216,0.8405289144842178,1.1776544357329704,0.8982975559304291,0.766140895778753,-0.1213773659586482,-0.6818111328718388,-0.3020874190505117,2.3601692130743657,0.0,0.0,0.0,1.0,0.0,0.0,0.0,1.0,0.0,0.0,0.0,0.0,0.0,0.0,0.0,0.0,0.0,0.0,0.0,1.0,0.0,0.0,0.0,0.0,0.0,0.0,0.0,0.0,0.0,0.0,1.0,0.0,1.0,0.0,0.0,0.0,0.0,1.0,0.0,0.0,1.78,430,None
163,186,-1.7750838242335187,0.8405289144842178,1.1776544357329704,0.8982975559304291,0.766140895778753,-0.1213773659586482,-0.6818111328718388,-0.3020874190505117,-0.2260769694156932,0.0,0.0,0.0,1.0,0.0,0.0,0.0,1.0,0.0,0.0,0.0,0.0,0.0,0.0,0.0,0.0,0.0,0.0,0.0,1.0,0.0,0.0,0.0,0.0,0.0,0.0,0.0,0.0,0.0,0.0,1.0,0.0,1.0,0.0,0.0,0.0,0.0,1.0,0.0,0.0,1.78,430,None
164,187,-1.7750838242335187,0.8405289144842178,1.1776544357329704,0.8982975559304291,0.766140895778753,-0.1213773659586482,-0.6818111328718388,-0.3020874190505117,-0.1530780852325061,0.0,0.0,0.0,1.0,0.0,0.0,0.0,1.0,0.0,0.0,0.0,0.0,0.0,0.0,0.0,0.0,0.0,0.0,0.0,1.0,0.0,0.0,0.0,0.0,0.0,0.0,0.0,0.0,0.0,0.0,1.0,0.0,1.0,0.0,0.0,0.0,0.0,1.0,0.0,0.0,2.15,475,None
165,188,-1.7750838242335187,0.8405289144842178,1.1776544357329704,0.8982975559304291,0.766140895778753,-0.1213773659586482,-0.6818111328718388,-0.3020874190505117,0.149345863526412,0.0,0.0,0.0,1.0,0.0,0.0,0.0,1.0,0.0,0.0,0.0,0.0,0.0,0.0,0.0,0.0,0.0,0.0,0.0,1.0,0.0,0.0,0.0,0.0,0.0,0.0,0.0,0.0,0.0,0.0,1.0,0.0,1.0,0.0,0.0,0.0,0.0,1.0,0.0,0.0,2.52,510,None
166,189,-1.7750838242335187,0.8405289144842178,1.1776544357329704,0.8982975559304291,0.766140895778753,-0.1213773659586482,-0.6818111328718388,-0.3020874190505117,2.610451101702436,0.0,0.0,0.0,1.0,0.0,0.0,0.0,1.0,0.0,0.0,0.0,0.0,0.0,0.0,0.0,0.0,0.0,0.0,0.0,1.0,0.0,0.0,0.0,0.0,0.0,0.0,0.0,0.0,0.0,0.0,1.0,0.0,1.0,0.0,0.0,0.0,0.0,1.0,0.0,0.0,2.84,545,None
167,205,0.4823597348460647,-0.4651189801169398,-0.5005543079730963,-0.3865357834273831,-0.4981287381152882,-0.3705850690111522,-0.4392758630677163,1.7928736421692717,-0.2362342427291824,0.0,0.0,0.0,1.0,0.0,0.0,0.0,0.0,0.0,0.0,0.0,0.0,1.0,0.0,0.0,1.0,0.0,0.0,0.0,0.0,0.0,0.0,0.0,0.0,0.0,0.0,0.0,0.0,0.0,0.0,1.0,0.0,0.0,0.0,1.0,0.0,0.0,0.0,0.0,1.0,2.1,490,None
168,206,0.4823597348460647,-0.4651189801169398,-0.5005543079730963,-0.3865357834273831,-0.4981287381152882,-0.3705850690111522,-0.4392758630677163,1.7928736421692717,-0.2356293948316646,0.0,0.0,0.0,1.0,0.0,0.0,0.0,0.0,0.0,0.0,0.0,0.0,1.0,0.0,0.0,1.0,0.0,0.0,0.0,0.0,0.0,0.0,0.0,0.0,0.0,0.0,0.0,0.0,0.0,0.0,1.0,0.0,0.0,0.0,1.0,0.0,0.0,0.0,0.0,1.0,2.6,530,None
169,207,0.4823597348460647,-0.4651189801169398,-0.5005543079730963,-0.3865357834273831,-0.4981287381152882,-0.3705850690111522,-0.4392758630677163,1.7928736421692717,-0.2325842985200231,0.0,0.0,0.0,1.0,0.0,0.0,0.0,0.0,0.0,0.0,0.0,0.0,1.0,0.0,0.0,1.0,0.0,0.0,0.0,0.0,0.0,0.0,0.0,0.0,0.0,0.0,0.0,0.0,0.0,0.0,1.0,0.0,0.0,0.0,1.0,0.0,0.0,0.0,0.0,1.0,3.4,570,None
170,208,0.4823597348460647,-0.4651189801169398,-0.5005543079730963,-0.3865357834273831,-0.4981287381152882,-0.3705850690111522,-0.4392758630677163,1.7928736421692717,-0.2287257860703403,0.0,0.0,0.0,1.0,0.0,0.0,0.0,0.0,0.0,0.0,0.0,0.0,1.0,0.0,0.0,1.0,0.0,0.0,0.0,0.0,0.0,0.0,0.0,0.0,0.0,0.0,0.0,0.0,0.0,0.0,1.0,0.0,0.0,0.0,1.0,0.0,0.0,0.0,0.0,1.0,3.7,580,None
171,209,0.4823597348460647,-0.4651189801169398,-0.5005543079730963,-0.3865357834273831,-0.4981287381152882,-0.3705850690111522,-0.4392758630677163,1.7928736421692717,-0.1943120263839806,0.0,0.0,0.0,1.0,0.0,0.0,0.0,0.0,0.0,0.0,0.0,0.0,1.0,0.0,0.0,1.0,0.0,0.0,0.0,0.0,0.0,0.0,0.0,0.0,0.0,0.0,0.0,0.0,0.0,0.0,1.0,0.0,0.0,0.0,1.0,0.0,0.0,0.0,0.0,1.0,4.4,610,None
172,210,0.4823597348460647,-0.4651189801169398,-0.5005543079730963,-0.3865357834273831,-0.4981287381152882,-0.3705850690111522,-0.4392758630677163,1.7928736421692717,-0.1513678256602142,0.0,0.0,0.0,1.0,0.0,0.0,0.0,0.0,0.0,0.0,0.0,0.0,1.0,0.0,0.0,1.0,0.0,0.0,0.0,0.0,0.0,0.0,0.0,0.0,0.0,0.0,0.0,0.0,0.0,0.0,1.0,0.0,0.0,0.0,1.0,0.0,0.0,0.0,0.0,1.0,4.5,610,None
173,211,0.4823597348460647,-0.4651189801169398,-0.5005543079730963,-0.3865357834273831,-0.4981287381152882,-0.3705850690111522,-0.3874516101599968,-0.3020874190505117,-0.2361925290810777,0.0,0.0,0.0,1.0,0.0,0.0,0.0,0.0,0.0,0.0,0.0,0.0,1.0,0.0,0.0,1.0,0.0,0.0,0.0,0.0,0.0,0.0,0.0,0.0,0.0,0.0,0.0,0.0,0.0,0.0,1.0,0.0,0.0,0.0,1.0,0.0,0.0,1.0,0.0,0.0,2.9,550,None
174,212,0.4823597348460647,-0.4651189801169398,-0.5005543079730963,-0.3865357834273831,-0.4981287381152882,-0.3705850690111522,-0.3874516101599968,-0.3020874190505117,-0.2320837347427669,0.0,0.0,0.0,1.0,0.0,0.0,0.0,0.0,0.0,0.0,0.0,0.0,1.0,0.0,0.0,1.0,0.0,0.0,0.0,0.0,0.0,0.0,0.0,0.0,0.0,0.0,0.0,0.0,0.0,0.0,1.0,0.0,0.0,0.0,1.0,0.0,0.0,1.0,0.0,0.0,3.6,575,None
175,213,0.4823597348460647,-0.4651189801169398,-0.5005543079730963,-0.3865357834273831,-0.4981287381152882,-0.3705850690111522,-0.3874516101599968,-0.3020874190505117,-0.2270155264980485,0.0,0.0,0.0,1.0,0.0,0.0,0.0,0.0,0.0,0.0,0.0,0.0,1.0,0.0,0.0,1.0,0.0,0.0,0.0,0.0,0.0,0.0,0.0,0.0,0.0,0.0,0.0,0.0,0.0,0.0,1.0,0.0,0.0,0.0,1.0,0.0,0.0,1.0,0.0,0.0,4.1,595,None
176,214,0.4823597348460647,-0.4651189801169398,-0.5005543079730963,-0.3865357834273831,-0.4981287381152882,-0.3705850690111522,-0.3874516101599968,-0.3020874190505117,-0.209766933006764,0.0,0.0,0.0,1.0,0.0,0.0,0.0,0.0,0.0,0.0,0.0,0.0,1.0,0.0,0.0,1.0,0.0,0.0,0.0,0.0,0.0,0.0,0.0,0.0,0.0,0.0,0.0,0.0,0.0,0.0,1.0,0.0,0.0,0.0,1.0,0.0,0.0,1.0,0.0,0.0,4.4,600,None
177,215,0.4823597348460647,-0.4651189801169398,-0.5005543079730963,-0.3865357834273831,-0.4981287381152882,-0.3705850690111522,-0.3874516101599968,-0.3020874190505117,-0.1882844042328546,0.0,0.0,0.0,1.0,0.0,0.0,0.0,0.0,0.0,0.0,0.0,0.0,1.0,0.0,0.0,1.0,0.0,0.0,0.0,0.0,0.0,0.0,0.0,0.0,0.0,0.0,0.0,0.0,0.0,0.0,1.0,0.0,0.0,0.0,1.0,0.0,0.0,1.0,0.0,0.0,4.5,605,None
178,216,0.4823597348460647,-0.4651189801169398,-0.5005543079730963,-0.3865357834273831,-0.4981287381152882,-0.3705850690111522,-0.3874516101599968,-0.3020874190505117,-0.1464664720079145,0.0,0.0,0.0,1.0,0.0,0.0,0.0,0.0,0.0,0.0,0.0,0.0,1.0,0.0,0.0,1.0,0.0,0.0,0.0,0.0,0.0,0.0,0.0,0.0,0.0,0.0,0.0,0.0,0.0,0.0,1.0,0.0,0.0,0.0,1.0,0.0,0.0,1.0,0.0,0.0,5.1,630,None
179,217,0.4823597348460647,-0.4651189801169398,-0.5005543079730963,-0.3865357834273831,-0.4981287381152882,-0.3705850690111522,-0.4392758630677163,0.0121567401324558,-0.2362968132013394,0.0,0.0,0.0,1.0,0.0,0.0,0.0,0.0,0.0,0.0,0.0,0.0,1.0,0.0,0.0,1.0,0.0,0.0,0.0,0.0,0.0,0.0,0.0,0.0,0.0,0.0,0.0,0.0,0.0,0.0,1.0,0.0,0.0,0.0,1.0,0.0,0.0,0.0,0.0,1.0,2.3,510,None
180,218,0.4823597348460647,-0.4651189801169398,-0.5005543079730963,-0.3865357834273831,-0.4981287381152882,-0.3705850690111522,-0.4392758630677163,0.0121567401324558,-0.2354625402392459,0.0,0.0,0.0,1.0,0.0,0.0,0.0,0.0,0.0,0.0,0.0,0.0,1.0,0.0,0.0,1.0,0.0,0.0,0.0,0.0,0.0,0.0,0.0,0.0,0.0,0.0,0.0,0.0,0.0,0.0,1.0,0.0,0.0,0.0,1.0,0.0,0.0,0.0,0.0,1.0,3.0,550,None
181,219,0.4823597348460647,-0.4651189801169398,-0.5005543079730963,-0.3865357834273831,-0.4981287381152882,-0.3705850690111522,-0.4392758630677163,0.0121567401324558,-0.2333768578340119,0.0,0.0,0.0,1.0,0.0,0.0,0.0,0.0,0.0,0.0,0.0,0.0,1.0,0.0,0.0,1.0,0.0,0.0,0.0,0.0,0.0,0.0,0.0,0.0,0.0,0.0,0.0,0.0,0.0,0.0,1.0,0.0,0.0,0.0,1.0,0.0,0.0,0.0,0.0,1.0,3.5,570,None
182,220,0.4823597348460647,-0.4651189801169398,-0.5005543079730963,-0.3865357834273831,-0.4981287381152882,-0.3705850690111522,-0.4392758630677163,0.0121567401324558,-0.2293723476159628,0.0,0.0,0.0,1.0,0.0,0.0,0.0,0.0,0.0,0.0,0.0,0.0,1.0,0.0,0.0,1.0,0.0,0.0,0.0,0.0,0.0,0.0,0.0,0.0,0.0,0.0,0.0,0.0,0.0,0.0,1.0,0.0,0.0,0.0,1.0,0.0,0.0,0.0,0.0,1.0,4.0,590,None
183,221,0.4823597348460647,-0.4651189801169398,-0.5005543079730963,-0.3865357834273831,-0.4981287381152882,-0.3705850690111522,-0.4392758630677163,0.0121567401324558,-0.2068886912875412,0.0,0.0,0.0,1.0,0.0,0.0,0.0,0.0,0.0,0.0,0.0,0.0,1.0,0.0,0.0,1.0,0.0,0.0,0.0,0.0,0.0,0.0,0.0,0.0,0.0,0.0,0.0,0.0,0.0,0.0,1.0,0.0,0.0,0.0,1.0,0.0,0.0,0.0,0.0,1.0,4.4,600,None
184,222,0.4823597348460647,-0.4651189801169398,-0.5005543079730963,-0.3865357834273831,-0.4981287381152882,-0.3705850690111522,-0.4392758630677163,0.0121567401324558,-0.1807133771018555,0.0,0.0,0.0,1.0,0.0,0.0,0.0,0.0,0.0,0.0,0.0,0.0,1.0,0.0,0.0,1.0,0.0,0.0,0.0,0.0,0.0,0.0,0.0,0.0,0.0,0.0,0.0,0.0,0.0,0.0,1.0,0.0,0.0,0.0,1.0,0.0,0.0,0.0,0.0,1.0,4.5,600,None
185,223,0.4823597348460647,-0.4651189801169398,-0.5005543079730963,-0.3865357834273831,-0.4981287381152882,-0.3705850690111522,-0.4392758630677163,0.2216528462544341,-0.2361508154329731,0.0,0.0,0.0,1.0,0.0,0.0,0.0,0.0,0.0,0.0,0.0,0.0,1.0,0.0,0.0,1.0,0.0,0.0,0.0,0.0,0.0,0.0,0.0,0.0,0.0,0.0,0.0,0.0,0.0,0.0,1.0,0.0,0.0,0.0,1.0,0.0,0.0,0.0,0.0,1.0,2.2,500,None
186,224,0.4823597348460647,-0.4651189801169398,-0.5005543079730963,-0.3865357834273831,-0.4981287381152882,-0.3705850690111522,-0.4392758630677163,0.2216528462544341,-0.2350871174063037,0.0,0.0,0.0,1.0,0.0,0.0,0.0,0.0,0.0,0.0,0.0,0.0,1.0,0.0,0.0,1.0,0.0,0.0,0.0,0.0,0.0,0.0,0.0,0.0,0.0,0.0,0.0,0.0,0.0,0.0,1.0,0.0,0.0,0.0,1.0,0.0,0.0,0.0,0.0,1.0,2.8,545,None
187,225,0.4823597348460647,-0.4651189801169398,-0.5005543079730963,-0.3865357834273831,-0.4981287381152882,-0.3705850690111522,-0.4392758630677163,0.2216528462544341,-0.231291175428778,0.0,0.0,0.0,1.0,0.0,0.0,0.0,0.0,0.0,0.0,0.0,0.0,1.0,0.0,0.0,1.0,0.0,0.0,0.0,0.0,0.0,0.0,0.0,0.0,0.0,0.0,0.0,0.0,0.0,0.0,1.0,0.0,0.0,0.0,1.0,0.0,0.0,0.0,0.0,1.0,3.6,570,None
188,226,0.4823597348460647,-0.4651189801169398,-0.5005543079730963,-0.3865357834273831,-0.4981287381152882,-0.3705850690111522,-0.4392758630677163,0.2216528462544341,-0.2193402152467877,0.0,0.0,0.0,1.0,0.0,0.0,0.0,0.0,0.0,0.0,0.0,0.0,1.0,0.0,0.0,1.0,0.0,0.0,0.0,0.0,0.0,0.0,0.0,0.0,0.0,0.0,0.0,0.0,0.0,0.0,1.0,0.0,0.0,0.0,1.0,0.0,0.0,0.0,0.0,1.0,4.3,600,None
189,227,0.4823597348460647,-0.4651189801169398,-0.5005543079730963,-0.3865357834273831,-0.4981287381152882,-0.3705850690111522,-0.4392758630677163,0.2216528462544341,-0.185051596504742,0.0,0.0,0.0,1.0,0.0,0.0,0.0,0.0,0.0,0.0,0.0,0.0,1.0,0.0,0.0,1.0,0.0,0.0,0.0,0.0,0.0,0.0,0.0,0.0,0.0,0.0,0.0,0.0,0.0,0.0,1.0,0.0,0.0,0.0,1.0,0.0,0.0,0.0,0.0,1.0,4.6,620,None
190,228,0.4823597348460647,-0.4651189801169398,-0.5005543079730963,-0.3865357834273831,-0.4981287381152882,-0.3705850690111522,-0.4392758630677163,0.2216528462544341,-0.1258182161960988,0.0,0.0,0.0,1.0,0.0,0.0,0.0,0.0,0.0,0.0,0.0,0.0,1.0,0.0,0.0,1.0,0.0,0.0,0.0,0.0,0.0,0.0,0.0,0.0,0.0,0.0,0.0,0.0,0.0,0.0,1.0,0.0,0.0,0.0,1.0,0.0,0.0,0.0,0.0,1.0,4.9,620,None
191,229,0.4823597348460647,-0.4651189801169398,-0.5005543079730963,-0.3865357834273831,-0.4981287381152882,-0.3705850690111522,-0.4392758630677163,5.98166701403706,-0.2362342427291824,0.0,0.0,0.0,1.0,0.0,0.0,0.0,0.0,0.0,0.0,0.0,0.0,1.0,0.0,0.0,1.0,0.0,0.0,0.0,0.0,0.0,0.0,0.0,0.0,0.0,0.0,0.0,0.0,0.0,0.0,1.0,0.0,0.0,0.0,1.0,0.0,0.0,0.0,0.0,1.0,1.7,450,None
192,230,0.4823597348460647,-0.4651189801169398,-0.5005543079730963,-0.3865357834273831,-0.4981287381152882,-0.3705850690111522,-0.4392758630677163,5.98166701403706,-0.2333768578340119,0.0,0.0,0.0,1.0,0.0,0.0,0.0,0.0,0.0,0.0,0.0,0.0,1.0,0.0,0.0,1.0,0.0,0.0,0.0,0.0,0.0,0.0,0.0,0.0,0.0,0.0,0.0,0.0,0.0,0.0,1.0,0.0,0.0,0.0,1.0,0.0,0.0,0.0,0.0,1.0,2.5,530,None
193,231,0.4823597348460647,-0.4651189801169398,-0.5005543079730963,-0.3865357834273831,-0.4981287381152882,-0.3705850690111522,-0.4392758630677163,5.98166701403706,-0.2065341252786514,0.0,0.0,0.0,1.0,0.0,0.0,0.0,0.0,0.0,0.0,0.0,0.0,1.0,0.0,0.0,1.0,0.0,0.0,0.0,0.0,0.0,0.0,0.0,0.0,0.0,0.0,0.0,0.0,0.0,0.0,1.0,0.0,0.0,0.0,1.0,0.0,0.0,0.0,0.0,1.0,3.5,585,None
194,232,0.4823597348460647,-0.4651189801169398,-0.5005543079730963,-0.3865357834273831,-0.4981287381152882,-0.3705850690111522,-0.4392758630677163,5.98166701403706,-0.1808176612221172,0.0,0.0,0.0,1.0,0.0,0.0,0.0,0.0,0.0,0.0,0.0,0.0,1.0,0.0,0.0,1.0,0.0,0.0,0.0,0.0,0.0,0.0,0.0,0.0,0.0,0.0,0.0,0.0,0.0,0.0,1.0,0.0,0.0,0.0,1.0,0.0,0.0,0.0,0.0,1.0,3.7,590,None
195,233,0.4823597348460647,-0.4651189801169398,-0.5005543079730963,-0.3865357834273831,-0.4981287381152882,-0.3705850690111522,-0.4392758630677163,5.98166701403706,-0.1484478702928868,0.0,0.0,0.0,1.0,0.0,0.0,0.0,0.0,0.0,0.0,0.0,0.0,1.0,0.0,0.0,1.0,0.0,0.0,0.0,0.0,0.0,0.0,0.0,0.0,0.0,0.0,0.0,0.0,0.0,0.0,1.0,0.0,0.0,0.0,1.0,0.0,0.0,0.0,0.0,1.0,3.9,595,None
