,Unnamed: 0,Growth Temp (Celsius),Metal_mmol (mmol),Chalcogen_mmol (mmol),CA_mmol (mmol),Amines_mmol (mmol),Phosphines_mmol (mmol),S_I_amount (g),S_II_amount (g),Time_min (min),x0_cadmium acetate,x0_cadmium acetate dihydrate,x0_cadmium oxide,x0_cadmium stearate,x0_dimethylcadmium,x1_None,x1_benzoic acid,x1_dodecylphosphonic acid,x1_ethylphosphonic acid,x1_lauric acid,x1_myrstic acid,x1_oleic acid,x1_stearic acid,x2_2-6-dimethylpyridine,x2_None,x2_aniline,x2_benzylamine,x2_dioctylamine/hexadecylamine,x2_dodecylamine,x2_heptylamine,x2_hexadecylamine,x2_octadecylamine,x2_octylamine,x2_oleylamine,x2_pyridine,x2_trioctylamine,x3_None,x3_diphenylphosphine,x3_tributylphosphine,x3_trioctylphosphine,x3_triphenylphosphine,x4_None,x4_liquid parafin,x4_octadecene,x4_phenyl ether,x4_trioctylphosphine oxide,x5_None,x5_phosphinic acid,x5_trioctylphosphine oxide,diameter_nm,abs_nm,emission_nm
0,0,1.102480341,-0.4387818,-0.245226754,-0.525726463,-0.417578052,-0.166760388,-0.124144708,-0.302794283,-0.226628754,0,0,0,1,0,1,0,0,0,0,0,0,0,0,0,0,0,0,0,0,0,1,0,0,0,0,0,0,0,1,0,0,0,1,0,0,1,0,0,3.41,566.0,575
1,1,0.325710098,-0.473265357,-0.588526686,-0.525726463,-0.49946256,-0.45273826,-0.527397959,-0.302794283,-0.235995363,0,0,0,1,0,1,0,0,0,0,0,0,0,0,1,0,0,0,0,0,0,0,0,0,0,0,1,0,0,0,0,0,0,1,0,0,1,0,0,1.99,440.7843616287095,497
2,2,0.325710098,-0.473265357,-0.588526686,-0.525726463,-0.49946256,-0.446392598,-0.527397959,-0.302794283,-0.235995363,0,0,0,1,0,1,0,0,0,0,0,0,0,0,1,0,0,0,0,0,0,0,0,0,0,0,0,0,0,1,0,0,0,1,0,0,1,0,0,2.13,461.0243616287095,510
3,3,0.325710098,-0.473265357,-0.588526686,-0.525726463,-0.49946256,-0.446392598,-0.527397959,-0.302794283,-0.234954629,0,0,0,1,0,1,0,0,0,0,0,0,0,0,1,0,0,0,0,0,0,0,0,0,0,0,0,0,0,1,0,0,0,1,0,0,1,0,0,2.27,500.0361904761905,517
4,4,0.325710098,-0.473265357,-0.588526686,-0.525726463,-0.49946256,-0.446392598,-0.527397959,-0.302794283,-0.23287316,0,0,0,1,0,1,0,0,0,0,0,0,0,0,1,0,0,0,0,0,0,0,0,0,0,0,0,0,0,1,0,0,0,1,0,0,1,0,0,2.53,500.0361904761905,522
5,5,0.325710098,-0.473265357,-0.588526686,-0.525726463,-0.49946256,-0.446392598,-0.527397959,-0.302794283,-0.226628754,0,0,0,1,0,1,0,0,0,0,0,0,0,0,1,0,0,0,0,0,0,0,0,0,0,0,0,0,0,1,0,0,0,1,0,0,1,0,0,2.71,544.8,532
6,6,0.325710098,-0.473265357,-0.588526686,-0.525726463,-0.49946256,-0.446392598,-0.527397959,-0.302794283,-0.205814067,0,0,0,1,0,1,0,0,0,0,0,0,0,0,1,0,0,0,0,0,0,0,0,0,0,0,0,0,0,1,0,0,0,1,0,0,1,0,0,2.91,559.4426666666667,547
7,7,0.325710098,-0.473265357,-0.588526686,-0.525726463,-0.49946256,-0.446392598,-0.527397959,-0.302794283,-0.174592036,0,0,0,1,0,1,0,0,0,0,0,0,0,0,1,0,0,0,0,0,0,0,0,0,0,0,0,0,0,1,0,0,0,1,0,0,1,0,0,3.02,559.4426666666667,550
8,8,0.325710098,-0.473265357,-0.588526686,-0.525726463,-0.49946256,-0.446392598,-0.527397959,-0.302794283,-0.143370006,0,0,0,1,0,1,0,0,0,0,0,0,0,0,1,0,0,0,0,0,0,0,0,0,0,0,0,0,0,1,0,0,0,1,0,0,1,0,0,3.02,559.4426666666667,549
9,9,0.325710098,-0.473265357,-0.588526686,-0.525726463,-0.49946256,-0.446392598,-0.527397959,-0.302794283,-0.112147975,0,0,0,1,0,1,0,0,0,0,0,0,0,0,1,0,0,0,0,0,0,0,0,0,0,0,0,0,0,1,0,0,0,1,0,0,1,0,0,3.02,559.4426666666667,548
10,10,0.325710098,-0.473265357,-0.588526686,-0.525726463,-0.49946256,-0.401972958,-0.527397959,-0.302794283,-0.235995363,0,0,0,1,0,1,0,0,0,0,0,0,0,0,1,0,0,0,0,0,0,0,0,0,0,0,0,0,0,1,0,0,0,1,0,0,1,0,0,2.98,553.3021904761905,549
11,11,0.325710098,-0.473265357,-0.588526686,-0.525726463,-0.49946256,-0.401972958,-0.527397959,-0.302794283,-0.234954629,0,0,0,1,0,1,0,0,0,0,0,0,0,0,1,0,0,0,0,0,0,0,0,0,0,0,0,0,0,1,0,0,0,1,0,0,1,0,0,3.21,560.9188571428572,560
12,12,0.325710098,-0.473265357,-0.588526686,-0.525726463,-0.49946256,-0.401972958,-0.527397959,-0.302794283,-0.23287316,0,0,0,1,0,1,0,0,0,0,0,0,0,0,1,0,0,0,0,0,0,0,0,0,0,0,0,0,0,1,0,0,0,1,0,0,1,0,0,3.43,576.4620634920635,582
13,13,0.325710098,-0.473265357,-0.588526686,-0.525726463,-0.49946256,-0.401972958,-0.527397959,-0.302794283,-0.226628754,0,0,0,1,0,1,0,0,0,0,0,0,0,0,1,0,0,0,0,0,0,0,0,0,0,0,0,0,0,1,0,0,0,1,0,0,1,0,0,4.07,581.6003571428571,593
14,14,0.325710098,-0.473265357,-0.588526686,-0.525726463,-0.49946256,-0.401972958,-0.527397959,-0.302794283,-0.205814067,0,0,0,1,0,1,0,0,0,0,0,0,0,0,1,0,0,0,0,0,0,0,0,0,0,0,0,0,0,1,0,0,0,1,0,0,1,0,0,4.95,613.7013636363637,602
15,15,0.325710098,-0.473265357,-0.588526686,-0.525726463,-0.49946256,-0.401972958,-0.527397959,-0.302794283,-0.174592036,0,0,0,1,0,1,0,0,0,0,0,0,0,0,1,0,0,0,0,0,0,0,0,0,0,0,0,0,0,1,0,0,0,1,0,0,1,0,0,5.41,613.7013636363637,603
16,16,0.325710098,-0.473265357,-0.588526686,-0.525726463,-0.49946256,-0.401972958,-0.527397959,-0.302794283,-0.143370006,0,0,0,1,0,1,0,0,0,0,0,0,0,0,1,0,0,0,0,0,0,0,0,0,0,0,0,0,0,1,0,0,0,1,0,0,1,0,0,5.49,613.7013636363637,603
17,17,0.325710098,-0.473265357,-0.588526686,-0.525726463,-0.49946256,-0.401972958,-0.527397959,-0.302794283,-0.112147975,0,0,0,1,0,1,0,0,0,0,0,0,0,0,1,0,0,0,0,0,0,0,0,0,0,0,0,0,0,1,0,0,0,1,0,0,1,0,0,5.55,613.7013636363637,604
18,18,0.403387122,-0.373263042,-0.551908026,0.128152379,-0.49946256,-0.265752729,-0.68147074,-0.302794283,-0.236682248,0,0,1,0,0,0,0,0,0,0,0,0,1,0,1,0,0,0,0,0,0,0,0,0,0,0,0,0,1,0,0,1,0,0,0,0,1,0,0,2.6,526.0,556
19,19,0.403387122,-0.373263042,-0.551908026,0.128152379,-0.49946256,-0.265752729,-0.68147074,-0.302794283,-0.236328398,0,0,1,0,0,0,0,0,0,0,0,0,1,0,1,0,0,0,0,0,0,0,0,0,0,0,0,0,1,0,0,1,0,0,0,0,1,0,0,3.2,559.0,580
20,20,0.403387122,-0.373263042,-0.551908026,0.128152379,-0.49946256,-0.265752729,-0.68147074,-0.302794283,-0.235620699,0,0,1,0,0,0,0,0,0,0,0,0,1,0,1,0,0,0,0,0,0,0,0,0,0,0,0,0,1,0,0,1,0,0,0,0,1,0,0,3.6,574.0,598
21,21,0.403387122,-0.373263042,-0.551908026,0.128152379,-0.49946256,-0.265752729,-0.68147074,-0.302794283,-0.234954629,0,0,1,0,0,0,0,0,0,0,0,0,1,0,1,0,0,0,0,0,0,0,0,0,0,0,0,0,1,0,0,1,0,0,0,0,1,0,0,3.9,582.0,601
22,22,0.481064146,0.378478495,0.693126393,6.062738269,-0.49946256,0.117525307,-0.68147074,-0.302794283,-0.236099436,0,0,1,0,0,0,0,0,0,0,0,1,0,0,1,0,0,0,0,0,0,0,0,0,0,0,0,0,0,1,0,1,0,0,0,0,1,0,0,3.23,556.0,562
23,23,0.481064146,0.378478495,0.693126393,6.062738269,-0.49946256,0.117525307,-0.68147074,-0.302794283,-0.235329293,0,0,1,0,0,0,0,0,0,0,0,1,0,0,1,0,0,0,0,0,0,0,0,0,0,0,0,0,0,1,0,1,0,0,0,0,1,0,0,3.61,570.0,577
24,24,0.481064146,0.378478495,0.693126393,6.062738269,-0.49946256,0.117525307,-0.68147074,-0.302794283,-0.234600779,0,0,1,0,0,0,0,0,0,0,0,1,0,0,1,0,0,0,0,0,0,0,0,0,0,0,0,0,0,1,0,1,0,0,0,0,1,0,0,3.86,574.0,588
25,25,0.481064146,0.378478495,0.693126393,6.062738269,-0.49946256,0.117525307,-0.68147074,-0.302794283,-0.221425082,0,0,1,0,0,0,0,0,0,0,0,1,0,0,1,0,0,0,0,0,0,0,0,0,0,0,0,0,0,1,0,1,0,0,0,0,1,0,0,4.74,605.0,624
26,26,0.325710098,-0.473265357,-0.565640024,-0.415976481,-0.49946256,-0.072844578,-0.461326958,-0.302794283,-0.195406723,0,0,1,0,0,0,0,0,0,0,0,1,0,0,1,0,0,0,0,0,0,0,0,0,0,0,0,0,0,1,0,0,0,1,0,0,1,0,0,3.7,578.0,580
27,27,0.791772243,-0.283605795,-0.31388674,-0.158352838,4.21474557,0.734323736,-0.133619251,-0.302794283,-0.234954629,0,0,1,0,0,0,0,0,0,0,0,0,1,0,0,0,0,0,0,0,1,0,0,0,0,0,0,0,0,1,0,0,0,0,0,1,1,0,0,3.7,577.0,600
28,28,0.791772243,-0.283605795,-0.31388674,-0.158352838,4.21474557,0.734323736,-0.133619251,-0.302794283,-0.235662328,0,0,1,0,0,0,0,0,0,0,0,0,1,0,0,0,0,0,0,0,1,0,0,0,0,0,0,0,0,1,0,0,0,0,0,1,1,0,0,2.9,543.0,577
29,29,0.791772243,-0.283605795,-0.31388674,-0.158352838,4.21474557,0.734323736,-0.133619251,-0.302794283,-0.236349213,0,0,1,0,0,0,0,0,0,0,0,0,1,0,0,0,0,0,0,0,1,0,0,0,0,0,0,0,0,1,0,0,0,0,0,1,1,0,0,2.69,530.0,547
30,30,0.791772243,-0.283605795,-0.31388674,-0.158352838,4.21474557,0.734323736,-0.133619251,-0.302794283,0.108487708,0,0,1,0,0,0,0,0,0,0,0,0,1,0,0,0,0,0,0,0,1,0,0,0,0,0,0,0,0,1,0,0,0,0,0,1,1,0,0,2.39,506.0,505
31,31,0.015002,-0.4387818,0.304053137,-0.456410685,-0.429158861,-0.072844578,-0.241740501,-0.302794283,-0.236862711,0,0,1,0,0,0,0,0,0,0,0,1,0,0,0,0,0,0,0,0,1,0,0,0,0,0,0,0,0,1,0,0,0,1,0,0,1,0,0,2.22,473.0,488
32,32,-0.295706097,-0.4387818,0.304053137,-0.456410685,-0.429158861,-0.072844578,-0.241740501,-0.302794283,-0.236862711,0,0,1,0,0,0,0,0,0,0,0,1,0,0,0,0,0,0,0,0,1,0,0,0,0,0,0,0,0,1,0,0,0,1,0,0,1,0,0,1.9,459.0,477
33,33,-0.606414194,-0.4387818,0.304053137,-0.456410685,-0.429158861,-0.072844578,-0.241740501,-0.302794283,-0.236862711,0,0,1,0,0,0,0,0,0,0,0,1,0,0,0,0,0,0,0,0,1,0,0,0,0,0,0,0,0,1,0,0,0,1,0,0,1,0,0,1.8,440.0,459
34,34,-0.917122291,-0.4387818,0.304053137,-0.456410685,-0.429158861,-0.072844578,-0.241740501,-0.302794283,-0.236862711,0,0,1,0,0,0,0,0,0,0,0,1,0,0,0,0,0,0,0,0,1,0,0,0,0,0,0,0,0,1,0,0,0,1,0,0,1,0,0,1.6,427.0,454
35,35,0.170356049,4.095805915,3.910991088,-0.525726463,-0.49946256,4.293817547,0.476652754,-0.302794283,-0.226628754,0,0,0,0,1,1,0,0,0,0,0,0,0,0,1,0,0,0,0,0,0,0,0,0,0,0,0,0,0,1,0,0,0,0,0,1,1,0,0,1.2,412.0,531.5
36,36,0.170356049,4.095805915,3.910991088,-0.525726463,-0.49946256,4.293817547,0.476652754,-0.302794283,-0.225588019,0,0,0,0,1,1,0,0,0,0,0,0,0,0,1,0,0,0,0,0,0,0,0,0,0,0,0,0,0,1,0,0,0,0,0,1,1,0,0,1.6,461.0,531.5
37,37,0.170356049,4.095805915,3.910991088,-0.525726463,-0.49946256,4.293817547,0.476652754,-0.302794283,-0.224547285,0,0,0,0,1,1,0,0,0,0,0,0,0,0,1,0,0,0,0,0,0,0,0,0,0,0,0,0,0,1,0,0,0,0,0,1,1,0,0,1.9,482.0,531.5
38,38,0.170356049,4.095805915,3.910991088,-0.525726463,-0.49946256,4.293817547,0.476652754,-0.302794283,-0.223506551,0,0,0,0,1,1,0,0,0,0,0,0,0,0,1,0,0,0,0,0,0,0,0,0,0,0,0,0,0,1,0,0,0,0,0,1,1,0,0,2.3,519.0,539.75
39,39,0.170356049,4.095805915,3.910991088,-0.525726463,-0.49946256,4.293817547,0.476652754,-0.302794283,-0.222465816,0,0,0,0,1,1,0,0,0,0,0,0,0,0,1,0,0,0,0,0,0,0,0,0,0,0,0,0,0,1,0,0,0,0,0,1,1,0,0,3.2,553.0,556.5
40,40,0.170356049,4.095805915,3.910991088,-0.525726463,-0.49946256,4.293817547,0.476652754,-0.302794283,-0.221425082,0,0,0,0,1,1,0,0,0,0,0,0,0,0,1,0,0,0,0,0,0,0,0,0,0,0,0,0,0,1,0,0,0,0,0,1,1,0,0,3.7,571.0,556.5
41,41,0.170356049,4.095805915,3.910991088,-0.525726463,-0.49946256,4.293817547,0.476652754,-0.302794283,-0.220384348,0,0,0,0,1,1,0,0,0,0,0,0,0,0,1,0,0,0,0,0,0,0,0,0,0,0,0,0,0,1,0,0,0,0,0,1,1,0,0,5.3,608.0,572.75
42,42,0.170356049,4.095805915,3.910991088,-0.525726463,-0.49946256,4.293817547,0.476652754,-0.302794283,-0.219343613,0,0,0,0,1,1,0,0,0,0,0,0,0,0,1,0,0,0,0,0,0,0,0,0,0,0,0,0,0,1,0,0,0,0,0,1,1,0,0,5.1,641.0,572.75
43,43,0.170356049,4.095805915,3.910991088,-0.525726463,-0.49946256,4.293817547,0.476652754,-0.302794283,-0.218302879,0,0,0,0,1,1,0,0,0,0,0,0,0,0,1,0,0,0,0,0,0,0,0,0,0,0,0,0,0,1,0,0,0,0,0,1,1,0,0,6.5,658.0,572.75
44,44,0.170356049,4.095805915,3.910991088,-0.525726463,-0.49946256,4.293817547,0.476652754,-0.302794283,-0.217262145,0,0,0,0,1,1,0,0,0,0,0,0,0,0,1,0,0,0,0,0,0,0,0,0,0,0,0,0,0,1,0,0,0,0,0,1,1,0,0,8.3,681.0,572.75
45,45,0.170356049,4.095805915,3.910991088,-0.525726463,-0.49946256,4.293817547,0.476652754,-0.302794283,-0.21622141,0,0,0,0,1,1,0,0,0,0,0,0,0,0,1,0,0,0,0,0,0,0,0,0,0,0,0,0,0,1,0,0,0,0,0,1,1,0,0,11.5,685.0,572.75
46,46,0.015002,0.181922222,0.294898472,-0.456410685,-0.460859864,-0.072844578,-0.241740501,-0.302794283,-0.23686958,0,0,1,0,0,0,0,0,0,0,0,0,1,0,0,0,0,0,0,0,1,0,0,0,0,0,0,0,0,1,0,0,0,1,0,0,1,0,0,2.13,480.0,509.25
47,47,0.015002,0.181922222,0.294898472,-0.456410685,-0.460859864,-0.072844578,-0.241740501,-0.302794283,-0.235995363,0,0,1,0,0,0,0,0,0,0,0,1,0,0,0,0,0,0,0,0,1,0,0,0,0,0,0,0,0,1,0,0,0,1,0,0,1,0,0,2.31,500.0,535.5
48,48,0.015002,0.181922222,0.294898472,-0.456410685,-0.460859864,-0.072844578,-0.241740501,-0.302794283,-0.23287316,0,0,1,0,0,0,0,0,0,0,0,1,0,0,0,0,0,0,0,0,1,0,0,0,0,0,0,0,0,1,0,0,0,1,0,0,1,0,0,2.59,525.0,530.75
49,49,0.015002,0.181922222,0.294898472,-0.456410685,-0.460859864,-0.072844578,-0.241740501,-0.302794283,-0.220384348,0,0,1,0,0,0,0,0,0,0,0,1,0,0,0,0,0,0,0,0,1,0,0,0,0,0,0,0,0,1,0,0,0,1,0,0,1,0,0,2.84,550.0,534.5
50,50,0.015002,0.181922222,0.294898472,-0.456410685,-0.460859864,-0.072844578,-0.241740501,-0.302794283,-0.170429099,0,0,1,0,0,0,0,0,0,0,0,1,0,0,0,0,0,0,0,0,1,0,0,0,0,0,0,0,0,1,0,0,0,1,0,0,1,0,0,2.91,552.0,534.5
51,51,1.102480341,-0.042220897,-0.158257438,-0.525726463,1.922840704,-0.263214463,0.107702921,-0.302794283,-0.199569661,0,0,0,0,1,1,0,0,0,0,0,0,0,0,0,0,0,0,0,0,1,0,0,0,0,0,0,0,0,1,0,0,0,0,0,1,1,0,0,3.9,520.0,535
52,52,1.102480341,-0.042220897,-0.158257438,-0.525726463,1.922840704,-0.263214463,0.107702921,-0.302794283,-0.132962662,0,0,0,0,1,1,0,0,0,0,0,0,0,0,0,0,0,0,0,0,1,0,0,0,0,0,0,0,0,1,0,0,0,0,0,1,1,0,0,4.07,548.0,558
53,53,1.102480341,-0.042220897,-0.158257438,-0.525726463,1.922840704,-0.263214463,0.107702921,-0.302794283,-0.028889227,0,0,0,0,1,1,0,0,0,0,0,0,0,0,0,0,0,0,0,0,1,0,0,0,0,0,0,0,0,1,0,0,0,0,0,1,1,0,0,4.19,570.0,580
54,54,1.102480341,-0.042220897,-0.158257438,-0.525726463,1.922840704,-0.263214463,0.107702921,-0.302794283,0.075184209,0,0,0,0,1,1,0,0,0,0,0,0,0,0,0,0,0,0,0,0,1,0,0,0,0,0,0,0,0,1,0,0,0,0,0,1,1,0,0,4.3,580.0,590
55,55,1.102480341,-0.042220897,-0.158257438,-0.525726463,1.922840704,-0.263214463,0.107702921,-0.302794283,0.179257644,0,0,0,0,1,1,0,0,0,0,0,0,0,0,0,0,0,0,0,0,1,0,0,0,0,0,0,0,0,1,0,0,0,0,0,1,1,0,0,4.39,595.0,600
56,56,1.102480341,-0.042220897,-0.158257438,-0.525726463,1.922840704,-0.263214463,0.107702921,-0.302794283,0.237538768,0,0,0,0,1,1,0,0,0,0,0,0,0,0,0,0,0,0,0,0,1,0,0,0,0,0,0,0,0,1,0,0,0,0,0,1,1,0,0,4.9,630.0,640
57,57,1.102480341,-0.042220897,-0.158257438,-0.525726463,1.922840704,-0.263214463,0.107702921,-0.302794283,0.283331079,0,0,0,0,1,1,0,0,0,0,0,0,0,0,0,0,0,0,0,0,1,0,0,0,0,0,0,0,0,1,0,0,0,0,0,1,1,0,0,5.05,640.0,650
58,58,0.325710098,-0.404298243,-0.474093375,-0.525726463,1.687096886,0.461037189,-0.402807724,-0.302794283,-0.236688492,0,0,0,1,0,1,0,0,0,0,0,0,0,0,0,0,0,0,0,0,0,0,0,1,0,0,0,0,1,0,0,0,0,0,0,1,1,0,0,1.92,460.0,470
59,59,0.325710098,-0.404298243,-0.474093375,-0.525726463,1.687096886,0.461037189,-0.402807724,-0.302794283,-0.226628754,0,0,0,1,0,1,0,0,0,0,0,0,0,0,0,0,0,0,0,0,0,0,0,1,0,0,0,0,1,0,0,0,0,0,0,1,1,0,0,2.87,540.0,550
60,60,0.325710098,-0.404298243,-0.474093375,-0.525726463,1.687096886,0.461037189,-0.402807724,-0.302794283,-0.205814067,0,0,0,1,0,1,0,0,0,0,0,0,0,0,0,0,0,0,0,0,0,0,0,1,0,0,0,0,1,0,0,0,0,0,0,1,1,0,0,3.02,550.0,565
61,61,0.325710098,-0.404298243,-0.474093375,-0.525726463,1.687096886,0.461037189,-0.402807724,-0.302794283,-0.174592036,0,0,0,1,0,1,0,0,0,0,0,0,0,0,0,0,0,0,0,0,0,0,0,1,0,0,0,0,1,0,0,0,0,0,0,1,1,0,0,3.15,555.0,570
62,62,0.325710098,-0.404298243,-0.474093375,-0.525726463,1.687096886,0.461037189,-0.402807724,-0.302794283,-0.112147975,0,0,0,1,0,1,0,0,0,0,0,0,0,0,0,0,0,0,0,0,0,0,0,1,0,0,0,0,1,0,0,0,0,0,0,1,1,0,0,3.38,565.0,575
63,63,0.325710098,-0.404298243,-0.474093375,-0.525726463,1.687096886,0.461037189,-0.402807724,-0.302794283,0.13762827,0,0,0,1,0,1,0,0,0,0,0,0,0,0,0,0,0,0,0,0,0,0,0,1,0,0,0,0,1,0,0,0,0,0,0,1,1,0,0,3.57,580.0,580
64,64,0.791772243,-0.23188046,-0.428320051,-0.301605446,-0.49946256,-0.45273826,0.197989738,-0.302794283,-0.236973653,0,0,1,0,0,0,0,0,0,0,1,0,0,0,1,0,0,0,0,0,0,0,0,0,0,0,1,0,0,0,0,0,0,1,0,0,1,0,0,1.3,410.0,435
65,65,0.791772243,-0.23188046,-0.428320051,-0.301605446,-0.49946256,-0.45273826,0.197989738,-0.302794283,-0.23686958,0,0,1,0,0,0,0,0,0,0,1,0,0,0,1,0,0,0,0,0,0,0,0,0,0,0,1,0,0,0,0,0,0,1,0,0,1,0,0,1.7,435.0,455
66,66,0.791772243,-0.23188046,-0.428320051,-0.301605446,-0.49946256,-0.45273826,0.197989738,-0.302794283,-0.236682248,0,0,1,0,0,0,0,0,0,0,1,0,0,0,1,0,0,0,0,0,0,0,0,0,0,0,1,0,0,0,0,0,0,1,0,0,1,0,0,2.1,470.0,480
67,67,0.791772243,-0.23188046,-0.428320051,-0.301605446,-0.49946256,-0.45273826,0.197989738,-0.302794283,-0.236349213,0,0,1,0,0,0,0,0,0,0,1,0,0,0,1,0,0,0,0,0,0,0,0,0,0,0,1,0,0,0,0,0,0,1,0,0,1,0,0,2.5,490.0,515
68,68,0.791772243,-0.23188046,-0.428320051,-0.301605446,-0.49946256,-0.45273826,0.197989738,-0.302794283,-0.235995363,0,0,1,0,0,0,0,0,0,0,1,0,0,0,1,0,0,0,0,0,0,0,0,0,0,0,1,0,0,0,0,0,0,1,0,0,1,0,0,2.8,508.0,525
69,69,0.791772243,-0.23188046,-0.428320051,-0.301605446,-0.49946256,-0.45273826,0.197989738,-0.302794283,-0.235641513,0,0,1,0,0,0,0,0,0,0,1,0,0,0,1,0,0,0,0,0,0,0,0,0,0,0,1,0,0,0,0,0,0,1,0,0,1,0,0,2.9,512.0,528
70,70,0.791772243,-0.23188046,-0.428320051,-0.301605446,-0.49946256,-0.45273826,0.197989738,-0.302794283,-0.235308478,0,0,1,0,0,0,0,0,0,0,1,0,0,0,1,0,0,0,0,0,0,0,0,0,0,0,1,0,0,0,0,0,0,1,0,0,1,0,0,3.1,520.0,530
71,71,0.791772243,-0.23188046,-0.428320051,-0.301605446,-0.49946256,-0.45273826,0.197989738,-0.302794283,-0.234954629,0,0,1,0,0,0,0,0,0,0,1,0,0,0,1,0,0,0,0,0,0,0,0,0,0,0,1,0,0,0,0,0,0,1,0,0,1,0,0,3.3,523.0,535
72,72,0.791772243,-0.23188046,-0.428320051,-0.301605446,-0.49946256,-0.45273826,0.197989738,-0.302794283,-0.230791691,0,0,1,0,0,0,0,0,0,0,1,0,0,0,1,0,0,0,0,0,0,0,0,0,0,0,1,0,0,0,0,0,0,1,0,0,1,0,0,3.8,535.0,550
73,73,0.791772243,-0.23188046,-0.428320051,-0.301605446,-0.49946256,-0.45273826,0.197989738,-0.302794283,-0.226628754,0,0,1,0,0,0,0,0,0,0,1,0,0,0,1,0,0,0,0,0,0,0,0,0,0,0,1,0,0,0,0,0,0,1,0,0,1,0,0,4.2,560.0,570
74,74,0.791772243,-0.23188046,-0.428320051,-0.301605446,-0.49946256,-0.45273826,0.197989738,-0.302794283,-0.21622141,0,0,1,0,0,0,0,0,0,0,1,0,0,0,1,0,0,0,0,0,0,0,0,0,0,0,1,0,0,0,0,0,0,1,0,0,1,0,0,4.6,575.0,580
75,75,0.791772243,-0.23188046,-0.428320051,-0.301605446,-0.49946256,-0.45273826,0.197989738,-0.302794283,-0.153777349,0,0,1,0,0,0,0,0,0,0,1,0,0,0,1,0,0,0,0,0,0,0,0,0,0,0,1,0,0,0,0,0,0,1,0,0,1,0,0,4.7,587.0,595
76,76,-0.917122291,-0.314640996,-0.529021364,-0.159508101,-0.49946256,-0.415510372,0.153403655,-0.302794283,-0.230791691,1,0,0,0,0,0,0,0,0,0,0,1,0,0,1,0,0,0,0,0,0,0,0,0,0,0,0,0,1,0,0,0,0,0,1,0,1,0,0,2.1208,475.0,507
77,77,-0.917122291,-0.314640996,-0.529021364,-0.159508101,-0.49946256,-0.415510372,0.153403655,-0.302794283,-0.222465816,1,0,0,0,0,0,0,0,0,0,0,1,0,0,1,0,0,0,0,0,0,0,0,0,0,0,0,0,1,0,0,0,0,0,1,0,1,0,0,2.25,490.0,542
78,78,-0.917122291,-0.314640996,-0.529021364,-0.159508101,-0.49946256,-0.415510372,0.153403655,-0.302794283,-0.203732598,1,0,0,0,0,0,0,0,0,0,0,1,0,0,1,0,0,0,0,0,0,0,0,0,0,0,0,0,1,0,0,0,0,0,1,0,1,0,0,2.299,495.0,525
79,79,-0.917122291,-0.314640996,-0.529021364,-0.159508101,-0.49946256,-0.415510372,0.153403655,-0.302794283,-0.187080848,1,0,0,0,0,0,0,0,0,0,0,1,0,0,1,0,0,0,0,0,0,0,0,0,0,0,0,0,1,0,0,0,0,0,1,0,1,0,0,2.4065,505.0,530
80,80,-0.917122291,-0.314640996,-0.529021364,-0.159508101,-0.49946256,-0.415510372,0.153403655,-0.302794283,-0.162103224,1,0,0,0,0,0,0,0,0,0,0,1,0,0,1,0,0,0,0,0,0,0,0,0,0,0,0,0,1,0,0,0,0,0,1,0,1,0,0,2.4527,510.0,535
81,81,-0.917122291,-0.314640996,-0.529021364,-0.159508101,-0.49946256,-0.415510372,0.153403655,-0.302794283,-0.132962662,1,0,0,0,0,0,0,0,0,0,0,1,0,0,1,0,0,0,0,0,0,0,0,0,0,0,0,0,1,0,0,0,0,0,1,0,1,0,0,2.4664,512.0,540
82,82,-1.383184437,-0.314640996,-0.529021364,-0.159508101,-0.49946256,-0.415510372,0.153403655,-0.302794283,-0.230791691,1,0,0,0,0,0,0,0,0,0,0,1,0,0,1,0,0,0,0,0,0,0,0,0,0,0,0,0,1,0,0,0,0,0,1,0,1,0,0,1.9138,445.0,490
83,83,-1.383184437,-0.314640996,-0.529021364,-0.159508101,-0.49946256,-0.415510372,0.153403655,-0.302794283,-0.222465816,1,0,0,0,0,0,0,0,0,0,0,1,0,0,1,0,0,0,0,0,0,0,0,0,0,0,0,0,1,0,0,0,0,0,1,0,1,0,0,2.0272,460.0,500
84,84,-1.383184437,-0.314640996,-0.529021364,-0.159508101,-0.49946256,-0.415510372,0.153403655,-0.302794283,-0.203732598,1,0,0,0,0,0,0,0,0,0,0,1,0,0,1,0,0,0,0,0,0,0,0,0,0,0,0,0,1,0,0,0,0,0,1,0,1,0,0,2.1516,477.0,505
85,85,-1.383184437,-0.314640996,-0.529021364,-0.159508101,-0.49946256,-0.415510372,0.153403655,-0.302794283,-0.187080848,1,0,0,0,0,0,0,0,0,0,0,1,0,0,1,0,0,0,0,0,0,0,0,0,0,0,0,0,1,0,0,0,0,0,1,0,1,0,0,2.2015,480.0,513
86,86,-1.383184437,-0.314640996,-0.529021364,-0.159508101,-0.49946256,-0.415510372,0.153403655,-0.302794283,-0.162103224,1,0,0,0,0,0,0,0,0,0,0,1,0,0,1,0,0,0,0,0,0,0,0,0,0,0,0,0,1,0,0,0,0,0,1,0,1,0,0,2.2939,495.0,521
87,87,-1.383184437,-0.314640996,-0.529021364,-0.159508101,-0.49946256,-0.415510372,0.153403655,-0.302794283,-0.132962662,1,0,0,0,0,0,0,0,0,0,0,1,0,0,1,0,0,0,0,0,0,0,0,0,0,0,0,0,1,0,0,0,0,0,1,0,1,0,0,2.3523,503.0,525
88,88,-1.849246583,-0.314640996,-0.529021364,-0.159508101,-0.49946256,-0.415510372,0.153403655,-0.302794283,-0.222465816,1,0,0,0,0,0,0,0,0,0,0,1,0,0,1,0,0,0,0,0,0,0,0,0,0,0,0,0,1,0,0,0,0,0,1,0,1,0,0,1.7075,441.1571717171717,485
89,89,-1.849246583,-0.314640996,-0.529021364,-0.159508101,-0.49946256,-0.415510372,0.153403655,-0.302794283,-0.203732598,1,0,0,0,0,0,0,0,0,0,0,1,0,0,1,0,0,0,0,0,0,0,0,0,0,0,0,0,1,0,0,0,0,0,1,0,1,0,0,1.9458,455.0,490
90,90,-1.849246583,-0.314640996,-0.529021364,-0.159508101,-0.49946256,-0.415510372,0.153403655,-0.302794283,-0.187080848,1,0,0,0,0,0,0,0,0,0,0,1,0,0,1,0,0,0,0,0,0,0,0,0,0,0,0,0,1,0,0,0,0,0,1,0,1,0,0,2.0144,460.0,495
91,91,-1.849246583,-0.314640996,-0.529021364,-0.159508101,-0.49946256,-0.415510372,0.153403655,-0.302794283,-0.162103224,1,0,0,0,0,0,0,0,0,0,0,1,0,0,1,0,0,0,0,0,0,0,0,0,0,0,0,0,1,0,0,0,0,0,1,0,1,0,0,2.0673,465.0,497
92,92,-1.849246583,-0.314640996,-0.529021364,-0.159508101,-0.49946256,-0.415510372,0.153403655,-0.302794283,-0.132962662,1,0,0,0,0,0,0,0,0,0,0,1,0,0,1,0,0,0,0,0,0,0,0,0,0,0,0,0,1,0,0,0,0,0,1,0,1,0,0,2.0995,470.0,500
93,93,0.015002,-0.345676197,-0.396278724,0.083097124,-0.49946256,-0.187912598,0.277130034,1.049073834,-0.236682248,0,0,1,0,0,0,0,0,0,0,0,1,0,0,1,0,0,0,0,0,0,0,0,0,0,0,0,0,0,1,0,0,0,1,0,0,0,1,0,2.4731,491.0,504
94,94,0.015002,-0.345676197,-0.396278724,0.083097124,-0.49946256,-0.187912598,0.277130034,1.049073834,-0.235995363,0,0,1,0,0,0,0,0,0,0,0,1,0,0,1,0,0,0,0,0,0,0,0,0,0,0,0,0,0,1,0,0,0,1,0,0,0,1,0,2.9895,537.0,547
95,95,0.015002,-0.345676197,-0.396278724,0.083097124,-0.49946256,-0.187912598,0.277130034,1.049073834,-0.234954629,0,0,1,0,0,0,0,0,0,0,0,1,0,0,1,0,0,0,0,0,0,0,0,0,0,0,0,0,0,1,0,0,0,1,0,0,0,1,0,3.3729,553.0,563
96,96,0.015002,-0.345676197,-0.396278724,0.083097124,-0.49946256,-0.187912598,0.277130034,1.049073834,-0.230791691,0,0,1,0,0,0,0,0,0,0,0,1,0,0,1,0,0,0,0,0,0,0,0,0,0,0,0,0,0,1,0,0,0,1,0,0,0,1,0,3.6857,565.0,575
97,97,0.015002,-0.345676197,-0.396278724,0.083097124,-0.49946256,-0.187912598,0.277130034,1.049073834,-0.226628754,0,0,1,0,0,0,0,0,0,0,0,1,0,0,1,0,0,0,0,0,0,0,0,0,0,0,0,0,0,1,0,0,0,1,0,0,0,1,0,3.8215,568.0,578
98,98,0.015002,-0.345676197,-0.396278724,0.083097124,-0.49946256,-0.187912598,0.277130034,1.049073834,-0.21622141,0,0,1,0,0,0,0,0,0,0,0,1,0,0,1,0,0,0,0,0,0,0,0,0,0,0,0,0,0,1,0,0,0,1,0,0,0,1,0,3.8785,570.0,583
99,99,0.015002,-0.345676197,-0.396278724,0.083097124,-0.49946256,-0.187912598,0.277130034,1.049073834,-0.195406723,0,0,1,0,0,0,0,0,0,0,0,1,0,0,1,0,0,0,0,0,0,0,0,0,0,0,0,0,0,1,0,0,0,1,0,0,0,1,0,4.0901,575.0,586
100,100,0.015002,-0.345676197,-0.396278724,0.083097124,-0.49946256,-0.45273826,0.338435898,1.049073834,-0.236682248,0,0,1,0,0,0,0,0,0,0,0,1,0,0,1,0,0,0,0,0,0,0,0,0,0,0,1,0,0,0,0,0,0,1,0,0,0,1,0,2.34,472.0,498
101,101,0.015002,-0.345676197,-0.396278724,0.083097124,-0.49946256,-0.45273826,0.338435898,1.049073834,-0.235995363,0,0,1,0,0,0,0,0,0,0,0,1,0,0,1,0,0,0,0,0,0,0,0,0,0,0,1,0,0,0,0,0,0,1,0,0,0,1,0,2.7943,519.0,537
102,102,0.015002,-0.345676197,-0.396278724,0.083097124,-0.49946256,-0.45273826,0.338435898,1.049073834,-0.234954629,0,0,1,0,0,0,0,0,0,0,0,1,0,0,1,0,0,0,0,0,0,0,0,0,0,0,1,0,0,0,0,0,0,1,0,0,0,1,0,2.9968,532.0,547
103,103,0.015002,-0.345676197,-0.396278724,0.083097124,-0.49946256,-0.45273826,0.338435898,1.049073834,-0.226628754,0,0,1,0,0,0,0,0,0,0,0,1,0,0,1,0,0,0,0,0,0,0,0,0,0,0,1,0,0,0,0,0,0,1,0,0,0,1,0,3.161,542.0,555
104,104,0.015002,-0.345676197,-0.396278724,0.083097124,-0.49946256,-0.45273826,0.338435898,1.049073834,-0.195406723,0,0,1,0,0,0,0,0,0,0,0,1,0,0,1,0,0,0,0,0,0,0,0,0,0,0,1,0,0,0,0,0,0,1,0,0,0,1,0,3.125,550.0,566
105,105,0.015002,-0.345676197,-0.396278724,0.083097124,-0.49946256,-0.451046084,0.337878572,1.049073834,-0.195406723,0,0,1,0,0,0,0,0,0,0,0,1,0,0,1,0,0,0,0,0,0,0,0,0,0,0,0,0,0,1,0,0,0,1,0,0,0,1,0,3.25,560.0,565.75
106,106,0.015002,-0.345676197,-0.396278724,0.083097124,-0.49946256,-0.449353907,0.337599909,1.049073834,-0.195406723,0,0,1,0,0,0,0,0,0,0,0,1,0,0,1,0,0,0,0,0,0,0,0,0,0,0,0,0,0,1,0,0,0,1,0,0,0,1,0,3.625,573.0,565.75
107,107,0.015002,-0.345676197,-0.396278724,0.083097124,-0.49946256,-0.448084774,0.337321246,1.049073834,-0.195406723,0,0,1,0,0,0,0,0,0,0,0,1,0,0,1,0,0,0,0,0,0,0,0,0,0,0,0,0,0,1,0,0,0,1,0,0,0,1,0,3.8,580.0,566.5
108,108,0.015002,-0.345676197,-0.396278724,0.083097124,-0.49946256,-0.4425852,0.323388095,1.049073834,-0.195406723,0,0,1,0,0,0,0,0,0,0,0,1,0,0,1,0,0,0,0,0,0,0,0,0,0,0,0,0,0,1,0,0,0,1,0,0,0,1,0,5.25,611.0,579.75
109,109,0.015002,-0.345676197,-0.396278724,0.083097124,-0.49946256,-0.45273826,0.873468888,-0.302794283,-0.236682248,0,0,1,0,0,0,0,0,0,0,0,1,0,0,1,0,0,0,0,0,0,0,0,0,0,0,1,0,0,0,0,0,0,1,0,0,1,0,0,2.5094,501.0,511
110,110,0.015002,-0.345676197,-0.396278724,0.083097124,-0.49946256,-0.45273826,0.873468888,-0.302794283,-0.235995363,0,0,1,0,0,0,0,0,0,0,0,1,0,0,1,0,0,0,0,0,0,0,0,0,0,0,1,0,0,0,0,0,0,1,0,0,1,0,0,2.9639,532.0,542
111,111,0.015002,-0.345676197,-0.396278724,0.083097124,-0.49946256,-0.45273826,0.873468888,-0.302794283,-0.234954629,0,0,1,0,0,0,0,0,0,0,0,1,0,0,1,0,0,0,0,0,0,0,0,0,0,0,1,0,0,0,0,0,0,1,0,0,1,0,0,3.2593,542.0,558
112,112,0.015002,-0.345676197,-0.396278724,0.083097124,-0.49946256,-0.45273826,0.873468888,-0.302794283,-0.230791691,0,0,1,0,0,0,0,0,0,0,0,1,0,0,1,0,0,0,0,0,0,0,0,0,0,0,1,0,0,0,0,0,0,1,0,0,1,0,0,3.6297,555.0,573
113,113,0.015002,-0.345676197,-0.396278724,0.083097124,-0.49946256,-0.45273826,0.873468888,-0.302794283,-0.226628754,0,0,1,0,0,0,0,0,0,0,0,1,0,0,1,0,0,0,0,0,0,0,0,0,0,0,1,0,0,0,0,0,0,1,0,0,1,0,0,3.7911,558.0,578
114,114,0.015002,-0.345676197,-0.396278724,0.083097124,-0.49946256,-0.45273826,0.873468888,-0.302794283,-0.21622141,0,0,1,0,0,0,0,0,0,0,0,1,0,0,1,0,0,0,0,0,0,0,0,0,0,0,1,0,0,0,0,0,0,1,0,0,1,0,0,3.9063,560.0,581
115,115,0.015002,-0.345676197,-0.396278724,0.083097124,-0.49946256,-0.45273826,0.873468888,-0.302794283,-0.195406723,0,0,1,0,0,0,0,0,0,0,0,1,0,0,1,0,0,0,0,0,0,0,0,0,0,0,1,0,0,0,0,0,0,1,0,0,1,0,0,4.0278,563.0,584
116,116,1.568542486,-0.162913346,0.304053137,-0.294673868,1.438380051,2.098218203,-0.347075121,-0.302794283,-0.236765506,0,0,1,0,0,0,0,1,0,0,0,0,0,0,0,0,0,0,0,0,1,0,0,0,0,0,0,0,1,0,0,0,0,0,0,1,1,0,0,1.7,409.0,440
117,117,0.015002,0.86124829,0.304053137,2.337015183,-0.49946256,-0.288597115,4.262011161,-0.302794283,-0.235662328,0,0,1,0,0,0,0,0,0,0,0,1,0,0,1,0,0,0,0,0,0,0,0,0,0,0,0,0,0,1,0,0,0,1,0,0,1,0,0,2.3,497.0,528.25
118,118,0.015002,0.86124829,0.304053137,2.337015183,-0.49946256,-0.288597115,4.262011161,-0.302794283,-0.195406723,0,0,1,0,0,0,0,0,0,0,0,1,0,0,1,0,0,0,0,0,0,0,0,0,0,0,0,0,0,1,0,0,0,1,0,0,1,0,0,2.7,528.0,557.0
119,119,0.015002,0.86124829,0.304053137,2.337015183,-0.49946256,-0.288597115,4.262011161,-0.302794283,-0.174592036,0,0,1,0,0,0,0,0,0,0,0,1,0,0,1,0,0,0,0,0,0,0,0,0,0,0,0,0,0,1,0,0,0,1,0,0,1,0,0,2.9,543.0,557.0
120,120,0.015002,0.86124829,0.304053137,2.337015183,-0.49946256,-0.288597115,4.262011161,-0.302794283,-0.153777349,0,0,1,0,0,0,0,0,0,0,0,1,0,0,1,0,0,0,0,0,0,0,0,0,0,0,0,0,0,1,0,0,0,1,0,0,1,0,0,3.5,568.0,595.35
121,121,0.015002,0.86124829,0.304053137,2.337015183,-0.49946256,-0.288597115,4.262011161,-0.302794283,-0.132962662,0,0,1,0,0,0,0,0,0,0,0,1,0,0,1,0,0,0,0,0,0,0,0,0,0,0,0,0,0,1,0,0,0,1,0,0,1,0,0,4.5,608.0,604.6
122,122,0.947126292,-0.473265357,-0.56504497,0.010315556,-0.49946256,-0.224294398,-0.129160643,-0.302794283,-0.236863335,0,0,1,0,0,0,0,0,0,0,0,1,0,0,1,0,0,0,0,0,0,0,0,0,0,0,0,0,0,1,0,0,0,1,0,0,1,0,0,2.28,508.0,523
123,123,0.947126292,-0.473265357,-0.56504497,0.010315556,-0.49946256,-0.224294398,-0.129160643,-0.302794283,-0.236690574,0,0,1,0,0,0,0,0,0,0,0,1,0,0,1,0,0,0,0,0,0,0,0,0,0,0,0,0,0,1,0,0,0,1,0,0,1,0,0,2.72,532.4239974937343,563
124,124,0.947126292,-0.473265357,-0.56504497,0.010315556,-0.49946256,-0.224294398,-0.129160643,-0.302794283,-0.23651573,0,0,1,0,0,0,0,0,0,0,0,1,0,0,1,0,0,0,0,0,0,0,0,0,0,0,0,0,0,1,0,0,0,1,0,0,1,0,0,2.85,545.3283308270677,577
125,125,0.947126292,-0.473265357,-0.56504497,0.010315556,-0.49946256,-0.224294398,-0.129160643,-0.302794283,-0.234954629,0,0,1,0,0,0,0,0,0,0,0,1,0,0,1,0,0,0,0,0,0,0,0,0,0,0,0,0,0,1,0,0,0,1,0,0,1,0,0,3.28,585.0,604
126,126,0.947126292,-0.473265357,-0.56504497,0.010315556,-0.49946256,-0.224294398,-0.129160643,-0.302794283,-0.230791691,0,0,1,0,0,0,0,0,0,0,0,1,0,0,1,0,0,0,0,0,0,0,0,0,0,0,0,0,0,1,0,0,0,1,0,0,1,0,0,3.33,564.8705847953216,610
127,127,0.947126292,-0.473265357,-0.56504497,0.010315556,-0.49946256,-0.224294398,-0.129160643,-0.302794283,-0.220384348,0,0,1,0,0,0,0,0,0,0,0,1,0,0,1,0,0,0,0,0,0,0,0,0,0,0,0,0,0,1,0,0,0,1,0,0,1,0,0,3.62,573.0461904761904,625
128,128,0.015002,0.86124829,-0.016360133,1.738588963,-0.49946256,-0.338516329,4.969815221,-0.302794283,-0.233913894,0,0,1,0,0,0,0,0,0,0,0,1,0,0,1,0,0,0,0,0,0,0,0,0,0,0,0,0,0,1,0,0,0,1,0,0,1,0,0,2.5,524.0,544
129,129,0.325710098,0.86124829,-0.016360133,1.738588963,-0.49946256,-0.338516329,4.969815221,-0.302794283,-0.233913894,0,0,1,0,0,0,0,0,0,0,0,1,0,0,1,0,0,0,0,0,0,0,0,0,0,0,0,0,0,1,0,0,0,1,0,0,1,0,0,3.0,555.0,577
130,130,0.636418195,0.86124829,-0.016360133,1.738588963,-0.49946256,-0.338516329,4.969815221,-0.302794283,-0.233913894,0,0,1,0,0,0,0,0,0,0,0,1,0,0,1,0,0,0,0,0,0,0,0,0,0,0,0,0,0,1,0,0,0,1,0,0,1,0,0,4.0,592.0,610
131,131,0.947126292,0.86124829,-0.016360133,1.738588963,-0.49946256,-0.338516329,4.969815221,-0.302794283,-0.233913894,0,0,1,0,0,0,0,0,0,0,0,1,0,0,1,0,0,0,0,0,0,0,0,0,0,0,0,0,0,1,0,0,0,1,0,0,1,0,0,4.5,603.0,625
132,132,0.947126292,-0.473265357,-0.153680105,-0.479515944,1.73176829,-0.352899832,-0.57334949,-0.302794283,-0.236863335,0,0,1,0,0,0,0,0,0,0,0,0,1,0,0,0,0,1,0,0,0,0,0,0,0,0,0,0,1,0,0,0,0,0,0,1,1,0,0,2.28,495.0,509
133,133,0.947126292,-0.473265357,-0.153680105,-0.479515944,1.73176829,-0.352899832,-0.57334949,-0.302794283,-0.236238895,0,0,1,0,0,0,0,0,0,0,0,0,1,0,0,0,0,1,0,0,0,0,0,0,0,0,0,0,1,0,0,0,0,0,0,1,1,0,0,3.02,551.0,563
134,134,0.947126292,-0.473265357,-0.153680105,-0.479515944,1.73176829,-0.352899832,-0.57334949,-0.302794283,-0.235474996,0,0,1,0,0,0,0,0,0,0,0,0,1,0,0,0,0,1,0,0,0,0,0,0,0,0,0,0,1,0,0,0,0,0,0,1,1,0,0,3.66,579.0,591
135,135,0.947126292,-0.473265357,-0.153680105,-0.479515944,1.73176829,-0.352899832,-0.57334949,-0.302794283,-0.231832426,0,0,1,0,0,0,0,0,0,0,0,0,1,0,0,0,0,1,0,0,0,0,0,0,0,0,0,0,1,0,0,0,0,0,0,1,1,0,0,4.86,607.0,617
136,136,0.947126292,-0.473265357,-0.153680105,-0.479515944,1.73176829,-0.352899832,-0.57334949,-0.302794283,-0.22419968,0,0,1,0,0,0,0,0,0,0,0,0,1,0,0,0,0,1,0,0,0,0,0,0,0,0,0,0,1,0,0,0,0,0,0,1,1,0,0,5.11,611.0,623
137,137,0.947126292,-0.473265357,-0.153680105,-0.479515944,1.73176829,-0.352899832,-0.57334949,-0.302794283,-0.215873805,0,0,1,0,0,0,0,0,0,0,0,0,1,0,0,0,0,1,0,0,0,0,0,0,0,0,0,0,1,0,0,0,0,0,0,1,1,0,0,5.16,615.0,627
138,138,1.102480341,-0.421540022,-0.496980037,-0.424640953,1.255205478,-0.384205102,-0.466008496,-0.302794283,-0.174592036,0,0,1,0,0,0,0,0,0,0,0,0,1,0,0,0,0,0,0,0,1,0,0,0,0,0,0,0,0,1,0,0,0,0,0,1,1,0,0,9.08,619.8030303030303,644
139,139,0.791772243,-0.33533113,0.075186516,-0.294673868,4.179652209,-0.258137933,-0.14281513,-0.302794283,-0.234954629,0,0,1,0,0,0,0,0,0,0,0,0,1,0,0,0,0,0,0,0,1,0,0,0,0,0,0,0,0,1,0,0,0,0,0,1,1,0,0,1.76,571.0,581
140,140,0.791772243,-0.33533113,0.075186516,-0.294673868,4.179652209,-0.258137933,-0.14281513,-0.302794283,-0.21622141,0,0,1,0,0,0,0,0,0,0,0,0,1,0,0,0,0,0,0,0,1,0,0,0,0,0,0,0,0,1,0,0,0,0,0,1,1,0,0,1.99,582.0,592
141,141,-0.761768243,-0.373263042,-0.553738959,-0.283121239,-0.49946256,-0.43750867,0.098785704,-0.302794283,-0.236349213,0,0,1,0,0,0,0,0,0,0,0,0,1,0,1,0,0,0,0,0,0,0,0,0,0,0,0,0,1,0,0,0,1,0,0,0,1,0,0,1.97,465.0,480
142,142,-0.761768243,-0.373263042,-0.553738959,-0.283121239,-0.49946256,-0.43750867,0.098785704,-0.302794283,-0.235662328,0,0,1,0,0,0,0,0,0,0,0,0,1,0,1,0,0,0,0,0,0,0,0,0,0,0,0,0,1,0,0,0,1,0,0,0,1,0,0,2.17,495.0,520
143,143,-0.761768243,-0.373263042,-0.553738959,-0.283121239,-0.49946256,-0.43750867,0.098785704,-0.302794283,-0.21622141,0,0,1,0,0,0,0,0,0,0,0,0,1,0,1,0,0,0,0,0,0,0,0,0,0,0,0,0,1,0,0,0,1,0,0,0,1,0,0,2.84,555.0,570
144,144,0.55874117,-0.373263042,-0.553738959,-0.283121239,-0.49946256,-0.43750867,0.098785704,-0.302794283,-0.236349213,0,0,1,0,0,0,0,0,0,0,0,0,1,0,1,0,0,0,0,0,0,0,0,0,0,0,0,0,1,0,0,0,1,0,0,0,1,0,0,2.57,525.0,540
145,145,0.55874117,-0.373263042,-0.553738959,-0.283121239,-0.49946256,-0.43750867,0.098785704,-0.302794283,-0.235662328,0,0,1,0,0,0,0,0,0,0,0,0,1,0,1,0,0,0,0,0,0,0,0,0,0,0,0,0,1,0,0,0,1,0,0,0,1,0,0,3.25,565.0,575
146,146,0.55874117,-0.373263042,-0.553738959,-0.283121239,-0.49946256,-0.43750867,0.098785704,-0.302794283,-0.21622141,0,0,1,0,0,0,0,0,0,0,0,0,1,0,1,0,0,0,0,0,0,0,0,0,0,0,0,0,1,0,0,0,1,0,0,0,1,0,0,4.5,608.0,615
147,147,-0.295706097,-0.373263042,-0.581660687,-0.283121239,-0.49946256,-0.43750867,0.098785704,-0.302794283,-0.236349213,0,0,1,0,0,0,0,0,0,0,0,0,1,0,1,0,0,0,0,0,0,0,0,0,0,0,0,0,1,0,0,0,1,0,0,0,1,0,0,2.02,465.0,480
148,148,-0.295706097,-0.373263042,-0.581660687,-0.283121239,-0.49946256,-0.43750867,0.098785704,-0.302794283,-0.235662328,0,0,1,0,0,0,0,0,0,0,0,0,1,0,1,0,0,0,0,0,0,0,0,0,0,0,0,0,1,0,0,0,1,0,0,0,1,0,0,2.32,508.0,518
149,149,-0.295706097,-0.373263042,-0.581660687,-0.283121239,-0.49946256,-0.43750867,0.098785704,-0.302794283,-0.21622141,0,0,1,0,0,0,0,0,0,0,0,0,1,0,1,0,0,0,0,0,0,0,0,0,0,0,0,0,1,0,0,0,1,0,0,0,1,0,0,3.31,570.0,580
150,150,-0.295706097,-0.373263042,-0.432897383,-0.283121239,-0.49946256,-0.43750867,0.098785704,-0.302794283,-0.236349213,0,0,1,0,0,0,0,0,0,0,0,0,1,0,1,0,0,0,0,0,0,0,0,0,0,0,0,0,1,0,0,0,1,0,0,0,1,0,0,2.61,528.0,550
151,151,-0.295706097,-0.373263042,-0.432897383,-0.283121239,-0.49946256,-0.43750867,0.098785704,-0.302794283,-0.235662328,0,0,1,0,0,0,0,0,0,0,0,0,1,0,1,0,0,0,0,0,0,0,0,0,0,0,0,0,1,0,0,0,1,0,0,0,1,0,0,2.76,540.0,560
152,152,-0.295706097,-0.373263042,-0.432897383,-0.283121239,-0.49946256,-0.43750867,0.098785704,-0.302794283,-0.21622141,0,0,1,0,0,0,0,0,0,0,0,0,1,0,1,0,0,0,0,0,0,0,0,0,0,0,0,0,1,0,0,0,1,0,0,0,1,0,0,3.66,578.0,610
153,153,-0.062675024,-0.473265357,-0.263993817,-0.251929138,-0.49946256,-0.437677887,0.093212444,-0.302794283,-0.235995363,0,0,1,0,0,0,0,0,0,0,0,1,0,0,1,0,0,0,0,0,0,0,0,0,0,0,0,0,0,1,0,0,0,1,0,0,1,0,0,2.5,474.0,617
154,154,0.325710098,-0.346710704,-0.396278724,0.292199722,0.003542277,0.020225144,-0.363794902,-0.302794283,-0.236349213,0,0,1,0,0,0,0,0,0,0,0,1,0,0,0,0,0,0,0,0,0,1,0,0,0,0,0,0,0,1,0,0,0,1,0,0,1,0,0,2.85,534.0,577
155,155,0.325710098,-0.346710704,-0.396278724,0.292199722,0.003542277,0.020225144,-0.363794902,-0.302794283,-0.235995363,0,0,1,0,0,0,0,0,0,0,0,1,0,0,0,0,0,0,0,0,0,1,0,0,0,0,0,0,0,1,0,0,0,1,0,0,1,0,0,3.12,561.0,586
156,156,0.325710098,-0.346710704,-0.396278724,0.292199722,0.003542277,0.020225144,-0.363794902,-0.302794283,-0.234954629,0,0,1,0,0,0,0,0,0,0,0,1,0,0,0,0,0,0,0,0,0,1,0,0,0,0,0,0,0,1,0,0,0,1,0,0,1,0,0,3.46,570.0,594
157,157,0.325710098,-0.346710704,-0.396278724,0.292199722,0.003542277,0.020225144,-0.363794902,-0.302794283,-0.23287316,0,0,1,0,0,0,0,0,0,0,0,1,0,0,0,0,0,0,0,0,0,1,0,0,0,0,0,0,0,1,0,0,0,1,0,0,1,0,0,3.79,579.0,595
158,158,0.325710098,-0.473265357,-0.153680105,-0.479515944,1.167472076,0.213979382,-0.489750585,-0.302794283,-0.237029229,0,0,1,0,0,0,0,0,0,0,0,0,1,0,0,0,0,0,0,0,1,0,0,0,0,0,0,0,0,1,0,0,0,0,0,1,1,0,0,1.98,450.0,530.25
159,159,0.325710098,-0.473265357,-0.153680105,-0.479515944,1.167472076,0.213979382,-0.489750585,-0.302794283,-0.237009038,0,0,1,0,0,0,0,0,0,0,0,0,1,0,0,0,0,0,0,0,1,0,0,0,0,0,0,0,0,1,0,0,0,0,0,1,1,0,0,2.09,467.0,533.0
160,160,0.325710098,-0.473265357,-0.153680105,-0.479515944,1.167472076,0.213979382,-0.489750585,-0.302794283,-0.236963246,0,0,1,0,0,0,0,0,0,0,0,0,1,0,0,0,0,0,0,0,1,0,0,0,0,0,0,0,0,1,0,0,0,0,0,1,1,0,0,2.34,497.0,542.75
161,161,0.325710098,-0.473265357,-0.153680105,-0.479515944,1.167472076,0.213979382,-0.489750585,-0.302794283,-0.236703062,0,0,1,0,0,0,0,0,0,0,0,0,1,0,0,0,0,0,0,0,1,0,0,0,0,0,0,0,0,1,0,0,0,0,0,1,1,0,0,3.21,557.0,566.25
162,162,0.325710098,-0.473265357,-0.153680105,-0.479515944,1.167472076,0.213979382,-0.489750585,-0.302794283,-0.235839253,0,0,1,0,0,0,0,0,0,0,0,0,1,0,0,0,0,0,0,0,1,0,0,0,0,0,0,0,0,1,0,0,0,0,0,1,1,0,0,4.37,594.0,604.0
163,163,0.325710098,-0.473265357,-0.153680105,-0.479515944,1.167472076,0.213979382,-0.489750585,-0.302794283,-0.232082202,0,0,1,0,0,0,0,0,0,0,0,0,1,0,0,0,0,0,0,0,1,0,0,0,0,0,0,0,0,1,0,0,0,0,0,1,1,0,0,6.04,628.0,610.5
164,164,-2.470662777,0.147438665,0.532919758,-0.525726463,-0.49946256,0.190288908,-0.402807724,-0.302794283,4.258936308,0,1,0,0,0,1,0,0,0,0,0,0,0,0,1,0,0,0,0,0,0,0,0,0,0,0,0,0,0,1,0,0,0,0,0,1,1,0,0,1.74,422.0,510
165,165,-2.470662777,0.147438665,0.532919758,1.42666796,-0.49946256,0.190288908,-0.402807724,-0.302794283,4.258936308,0,1,0,0,0,0,0,0,0,0,0,1,0,0,1,0,0,0,0,0,0,0,0,0,0,0,0,0,0,1,0,0,0,0,0,1,1,0,0,1.75,404.0,451
166,166,-2.470662777,0.147438665,0.532919758,0.976115401,-0.49946256,0.190288908,-0.402807724,-0.302794283,4.258936308,0,1,0,0,0,0,0,0,1,0,0,0,0,0,1,0,0,0,0,0,0,0,0,0,0,0,0,0,0,1,0,0,0,0,0,1,1,0,0,1.79,407.0,483
167,167,-2.470662777,0.147438665,0.532919758,0.953010142,-0.49946256,0.190288908,-0.402807724,-0.302794283,4.258936308,0,1,0,0,0,0,0,0,0,1,0,0,0,0,1,0,0,0,0,0,0,0,0,0,0,0,0,0,0,1,0,0,0,0,0,1,1,0,0,1.71,418.0,530
168,168,-2.470662777,0.147438665,0.532919758,-0.525726463,1.851792611,0.190288908,-0.402807724,-0.302794283,4.258936308,0,1,0,0,0,1,0,0,0,0,0,0,0,0,0,0,0,0,0,0,0,0,0,0,0,1,0,0,0,1,0,0,0,0,0,1,1,0,0,1.97,413.0,584
169,169,-0.140352048,-0.41464331,0.624466407,-0.525726463,-0.49946256,-0.121071616,-0.566728457,-0.302794283,-0.21622141,0,0,0,1,0,1,0,0,0,0,0,0,0,0,1,0,0,0,0,0,0,0,0,0,0,0,0,0,0,0,1,0,0,0,0,1,1,0,0,2.0,486.0,488
170,170,-0.140352048,-0.41464331,0.624466407,-0.525726463,-0.49946256,-0.121071616,-0.566728457,-0.302794283,-0.174592036,0,0,0,1,0,1,0,0,0,0,0,0,0,0,1,0,0,0,0,0,0,0,0,0,0,0,0,0,0,0,1,0,0,0,0,1,1,0,0,2.0,434.0,508
171,171,-0.140352048,-0.41464331,0.624466407,-0.525726463,-0.49946256,-0.121071616,-0.566728457,-0.302794283,-0.049703914,0,0,0,1,0,1,0,0,0,0,0,0,0,0,1,0,0,0,0,0,0,0,0,0,0,0,0,0,0,0,1,0,0,0,0,1,1,0,0,2.0,414.0,523
172,172,-2.859047898,0.8371098,1.173746298,0.895246993,0.762775036,-0.122763793,-0.68147074,-0.302794283,-0.234954629,0,0,1,0,0,0,1,0,0,0,0,0,0,0,0,0,0,0,1,0,0,0,0,0,0,0,0,1,0,0,0,1,0,0,0,0,1,0,0,1.44,383.0,529.0
173,173,-2.859047898,0.8371098,1.173746298,0.895246993,0.762775036,-0.122763793,-0.68147074,-0.302794283,-0.230791691,0,0,1,0,0,0,1,0,0,0,0,0,0,0,0,0,0,0,1,0,0,0,0,0,0,0,0,1,0,0,0,1,0,0,0,0,1,0,0,1.55,399.0,529.0
174,174,-2.859047898,0.8371098,1.173746298,0.895246993,0.762775036,-0.122763793,-0.68147074,-0.302794283,-0.226628754,0,0,1,0,0,0,1,0,0,0,0,0,0,0,0,0,0,0,1,0,0,0,0,0,0,0,0,1,0,0,0,1,0,0,0,0,1,0,0,1.67,412.0,537.0
175,175,-2.859047898,0.8371098,1.173746298,0.895246993,0.762775036,-0.122763793,-0.68147074,-0.302794283,-0.174592036,0,0,1,0,0,0,1,0,0,0,0,0,0,0,0,0,0,0,1,0,0,0,0,0,0,0,0,1,0,0,0,1,0,0,0,0,1,0,0,1.67,415.0,537.0
176,176,-2.859047898,0.8371098,1.173746298,0.895246993,0.762775036,-0.122763793,-0.68147074,-0.302794283,0.075184209,0,0,1,0,0,0,1,0,0,0,0,0,0,0,0,0,0,0,1,0,0,0,0,0,0,0,0,1,0,0,0,1,0,0,0,0,1,0,0,1.67,418.0,537.0
177,177,-2.781370874,0.8371098,1.173746298,0.895246993,0.762775036,-0.122763793,-0.68147074,-0.302794283,0.595551385,0,0,1,0,0,0,1,0,0,0,0,0,0,0,0,0,0,0,1,0,0,0,0,0,0,0,0,0,0,1,0,1,0,0,0,0,1,0,0,1.13,350.0,542.25
178,178,-2.781370874,0.8371098,1.173746298,0.895246993,0.762775036,-0.122763793,-0.68147074,-0.302794283,2.198282289,0,0,1,0,0,0,1,0,0,0,0,0,0,0,0,0,0,0,1,0,0,0,0,0,0,0,0,0,0,1,0,1,0,0,0,0,1,0,0,1.33,380.0,542.25
179,179,-2.781370874,0.8371098,1.173746298,0.895246993,0.762775036,-0.122763793,-0.68147074,-0.302794283,6.548551884,0,0,1,0,0,0,1,0,0,0,0,0,0,0,0,0,0,0,1,0,0,0,0,0,0,0,0,0,0,1,0,1,0,0,0,0,1,0,0,1.33,380.0,542.25
180,180,-2.781370874,0.8371098,1.173746298,0.895246993,0.762775036,-0.122763793,-0.68147074,-0.302794283,8.463503094,0,0,1,0,0,0,1,0,0,0,0,0,0,0,0,0,0,0,1,0,0,0,0,0,0,0,0,0,0,1,0,1,0,0,0,0,1,0,0,1.33,380.0,542.25
181,181,-2.315308728,0.8371098,1.173746298,0.895246993,0.762775036,-0.122763793,-0.68147074,-0.302794283,-0.21622141,0,0,1,0,0,0,1,0,0,0,0,0,0,0,0,0,0,0,1,0,0,0,0,0,0,0,0,0,0,1,0,1,0,0,0,0,1,0,0,1.44,380.0,542.25
182,182,-2.315308728,0.8371098,1.173746298,0.895246993,0.762775036,-0.122763793,-0.68147074,-0.302794283,-0.049703914,0,0,1,0,0,0,1,0,0,0,0,0,0,0,0,0,0,0,1,0,0,0,0,0,0,0,0,0,0,1,0,1,0,0,0,0,1,0,0,1.44,380.0,542.25
183,183,-2.315308728,0.8371098,1.173746298,0.895246993,0.762775036,-0.122763793,-0.68147074,-0.302794283,0.210479674,0,0,1,0,0,0,1,0,0,0,0,0,0,0,0,0,0,0,1,0,0,0,0,0,0,0,0,0,0,1,0,1,0,0,0,0,1,0,0,1.67,405.0,542.25
184,184,-2.315308728,0.8371098,1.173746298,0.895246993,0.762775036,-0.122763793,-0.68147074,-0.302794283,2.354392442,0,0,1,0,0,0,1,0,0,0,0,0,0,0,0,0,0,0,1,0,0,0,0,0,0,0,0,0,0,1,0,1,0,0,0,0,1,0,0,1.78,430.0,542.25
185,185,-1.771569558,0.8371098,1.173746298,0.895246993,0.762775036,-0.122763793,-0.68147074,-0.302794283,-0.226628754,0,0,1,0,0,0,1,0,0,0,0,0,0,0,0,0,0,0,1,0,0,0,0,0,0,0,0,0,0,1,0,1,0,0,0,0,1,0,0,1.78,430.0,542.25
186,186,-1.771569558,0.8371098,1.173746298,0.895246993,0.762775036,-0.122763793,-0.68147074,-0.302794283,-0.153777349,0,0,1,0,0,0,1,0,0,0,0,0,0,0,0,0,0,0,1,0,0,0,0,0,0,0,0,0,0,1,0,1,0,0,0,0,1,0,0,2.15,475.0,542.25
187,187,-1.771569558,0.8371098,1.173746298,0.895246993,0.762775036,-0.122763793,-0.68147074,-0.302794283,0.148035613,0,0,1,0,0,0,1,0,0,0,0,0,0,0,0,0,0,0,1,0,0,0,0,0,0,0,0,0,0,1,0,1,0,0,0,0,1,0,0,2.52,510.0,561.5
188,188,-1.771569558,0.8371098,1.173746298,0.895246993,0.762775036,-0.122763793,-0.68147074,-0.302794283,2.604168686,0,0,1,0,0,0,1,0,0,0,0,0,0,0,0,0,0,0,1,0,0,0,0,0,0,0,0,0,0,1,0,1,0,0,0,0,1,0,0,2.84,545.0,561.5
189,189,0.791772243,-0.478093055,-0.327618738,-0.465652788,-0.184792092,0.02191732,-0.464113588,-0.302794283,-0.236932024,0,1,0,0,0,0,0,0,0,0,0,1,0,0,0,0,0,0,0,1,0,0,0,0,0,0,0,0,0,1,0,0,0,1,0,0,1,0,0,3.8,572.4977777777779,555
190,190,0.791772243,-0.478093055,-0.327618738,-0.465652788,-0.218715674,0.02191732,-0.464113588,-0.302794283,-0.236932024,0,1,0,0,0,0,0,0,0,0,0,1,0,0,0,0,0,0,0,0,0,0,1,0,0,0,0,0,0,1,0,0,0,1,0,0,1,0,0,3.8,572.4977777777779,550
191,191,0.791772243,-0.478093055,-0.327618738,-0.465652788,-0.297090847,0.02191732,-0.464113588,-0.302794283,-0.236932024,0,1,0,0,0,0,0,0,0,0,0,1,0,0,0,0,0,0,1,0,0,0,0,0,0,0,0,0,0,1,0,0,0,1,0,0,1,0,0,3.7,552.9777777777778,540
192,192,0.791772243,-0.478093055,-0.327618738,-0.465652788,-0.343881994,0.02191732,-0.464113588,-0.302794283,-0.236932024,0,1,0,0,0,0,0,0,0,0,0,1,0,0,0,0,0,0,0,0,1,0,0,0,0,0,0,0,0,1,0,0,0,1,0,0,1,0,0,3.6,572.4977777777779,530
193,193,0.791772243,-0.478093055,-0.327618738,-0.465652788,-0.184792092,0.02191732,-0.464113588,-0.302794283,-0.235995363,0,1,0,0,0,0,0,0,0,0,0,1,0,0,0,0,0,0,0,1,0,0,0,0,0,0,0,0,0,1,0,0,0,1,0,0,1,0,0,4.3,581.8342857142857,595
194,194,0.791772243,-0.478093055,-0.327618738,-0.465652788,-0.218715674,0.02191732,-0.464113588,-0.302794283,-0.235995363,0,1,0,0,0,0,0,0,0,0,0,1,0,0,0,0,0,0,0,0,0,0,1,0,0,0,0,0,0,1,0,0,0,1,0,0,1,0,0,4.1,576.2977777777778,585
195,195,0.791772243,-0.478093055,-0.327618738,-0.465652788,-0.297090847,0.02191732,-0.464113588,-0.302794283,-0.235995363,0,1,0,0,0,0,0,0,0,0,0,1,0,0,0,0,0,0,1,0,0,0,0,0,0,0,0,0,0,1,0,0,0,1,0,0,1,0,0,4.0,556.7777777777777,570
196,196,0.791772243,-0.478093055,-0.327618738,-0.465652788,-0.343881994,0.02191732,-0.464113588,-0.302794283,-0.235995363,0,1,0,0,0,0,0,0,0,0,0,1,0,0,0,0,0,0,0,0,1,0,0,0,0,0,0,0,0,1,0,0,0,1,0,0,1,0,0,3.9,576.2977777777778,560
197,197,0.791772243,-0.478093055,-0.327618738,-0.465652788,-0.184792092,0.02191732,-0.464113588,-0.302794283,-0.226628754,0,1,0,0,0,0,0,0,0,0,0,1,0,0,0,0,0,0,0,1,0,0,0,0,0,0,0,0,0,1,0,0,0,1,0,0,1,0,0,4.2,576.0461904761904,590
198,198,0.791772243,-0.478093055,-0.327618738,-0.465652788,-0.218715674,0.02191732,-0.464113588,-0.302794283,-0.226628754,0,1,0,0,0,0,0,0,0,0,0,1,0,0,0,0,0,0,0,0,0,0,1,0,0,0,0,0,0,1,0,0,0,1,0,0,1,0,0,4.2,576.0461904761904,590
199,199,0.791772243,-0.478093055,-0.327618738,-0.465652788,-0.297090847,0.02191732,-0.464113588,-0.302794283,-0.226628754,0,1,0,0,0,0,0,0,0,0,0,1,0,0,0,0,0,0,1,0,0,0,0,0,0,0,0,0,0,1,0,0,0,1,0,0,1,0,0,4.1,556.5261904761904,580
200,200,0.791772243,-0.478093055,-0.327618738,-0.465652788,0.015240064,0.02191732,-0.464113588,-0.302794283,-0.236932024,0,1,0,0,0,0,0,0,0,0,0,1,0,0,0,1,0,0,0,0,0,0,0,0,0,0,0,0,0,1,0,0,0,1,0,0,1,0,0,3.7,572.4977777777779,535
201,201,0.791772243,-0.478093055,-0.327618738,-0.465652788,0.077238335,0.02191732,-0.464113588,-0.302794283,-0.236932024,0,1,0,0,0,0,0,0,0,0,0,1,0,0,0,0,0,0,0,0,0,0,0,0,1,0,0,0,0,1,0,0,0,1,0,0,1,0,0,4.1,574.0977777777778,575
202,202,0.791772243,-0.478093055,-0.327618738,-0.465652788,-0.095888912,0.02191732,-0.464113588,-0.302794283,-0.236932024,0,1,0,0,0,0,0,0,0,0,0,1,0,1,0,0,0,0,0,0,0,0,0,0,0,0,0,0,0,1,0,0,0,1,0,0,1,0,0,3.6,572.4977777777779,530
203,203,0.791772243,-0.478093055,-0.327618738,-0.465652788,-0.073663116,0.02191732,-0.464113588,-0.302794283,-0.236932024,0,1,0,0,0,0,0,0,0,0,0,1,0,0,0,0,1,0,0,0,0,0,0,0,0,0,0,0,0,1,0,0,0,1,0,0,1,0,0,4.0,574.0977777777778,565
204,204,0.481064146,-0.466368646,-0.50155737,-0.387094906,-0.49946256,-0.371513776,-0.439424045,1.788095072,-0.236765506,0,0,1,0,0,0,0,0,0,0,0,1,0,0,1,0,0,0,0,0,0,0,0,0,0,0,0,0,0,1,0,0,0,1,0,0,0,0,1,2.1,490.0,524.75
205,205,0.481064146,-0.466368646,-0.50155737,-0.387094906,-0.49946256,-0.371513776,-0.439424045,1.788095072,-0.236161881,0,0,1,0,0,0,0,0,0,0,0,1,0,0,1,0,0,0,0,0,0,0,0,0,0,0,0,0,0,1,0,0,0,1,0,0,0,0,1,2.6,530.0,580.5
206,206,0.481064146,-0.466368646,-0.50155737,-0.387094906,-0.49946256,-0.371513776,-0.439424045,1.788095072,-0.233122936,0,0,1,0,0,0,0,0,0,0,0,1,0,0,1,0,0,0,0,0,0,0,0,0,0,0,0,0,0,1,0,0,0,1,0,0,0,0,1,3.4,570.0,580.25
207,207,0.481064146,-0.466368646,-0.50155737,-0.387094906,-0.49946256,-0.371513776,-0.439424045,1.788095072,-0.229272219,0,0,1,0,0,0,0,0,0,0,0,1,0,0,1,0,0,0,0,0,0,0,0,0,0,0,0,0,0,1,0,0,0,1,0,0,0,0,1,3.7,580.0,580.25
208,208,0.481064146,-0.466368646,-0.50155737,-0.387094906,-0.49946256,-0.371513776,-0.439424045,1.788095072,-0.194927985,0,0,1,0,0,0,0,0,0,0,0,1,0,0,1,0,0,0,0,0,0,0,0,0,0,0,0,0,0,1,0,0,0,1,0,0,0,0,1,4.4,610.0,593.0
209,209,0.481064146,-0.466368646,-0.50155737,-0.387094906,-0.49946256,-0.371513776,-0.439424045,1.788095072,-0.152070545,0,0,1,0,0,0,0,0,0,0,0,1,0,0,1,0,0,0,0,0,0,0,0,0,0,0,0,0,0,1,0,0,0,1,0,0,0,0,1,4.5,610.0,593.0
210,210,0.481064146,-0.466368646,-0.50155737,-0.387094906,-0.49946256,-0.371513776,-0.387704189,-0.302794283,-0.236723877,0,0,1,0,0,0,0,0,0,0,0,1,0,0,1,0,0,0,0,0,0,0,0,0,0,0,0,0,0,1,0,0,0,1,0,0,1,0,0,2.9,550.0,564.25
211,211,0.481064146,-0.466368646,-0.50155737,-0.387094906,-0.49946256,-0.371513776,-0.387704189,-0.302794283,-0.232623384,0,0,1,0,0,0,0,0,0,0,0,1,0,0,1,0,0,0,0,0,0,0,0,0,0,0,0,0,0,1,0,0,0,1,0,0,1,0,0,3.6,575.0,590.35
212,212,0.481064146,-0.466368646,-0.50155737,-0.387094906,-0.49946256,-0.371513776,-0.387704189,-0.302794283,-0.227565415,0,0,1,0,0,0,0,0,0,0,0,1,0,0,1,0,0,0,0,0,0,0,0,0,0,0,0,0,0,1,0,0,0,1,0,0,1,0,0,4.1,595.0,594.35
213,213,0.481064146,-0.466368646,-0.50155737,-0.387094906,-0.49946256,-0.371513776,-0.387704189,-0.302794283,-0.210351669,0,0,1,0,0,0,0,0,0,0,0,1,0,0,1,0,0,0,0,0,0,0,0,0,0,0,0,0,0,1,0,0,0,1,0,0,1,0,0,4.4,600.0,597.85
214,214,0.481064146,-0.466368646,-0.50155737,-0.387094906,-0.49946256,-0.371513776,-0.387704189,-0.302794283,-0.188912541,0,0,1,0,0,0,0,0,0,0,0,1,0,0,1,0,0,0,0,0,0,0,0,0,0,0,0,0,0,1,0,0,0,1,0,0,1,0,0,4.5,605.0,600.35
215,215,0.481064146,-0.466368646,-0.50155737,-0.387094906,-0.49946256,-0.371513776,-0.387704189,-0.302794283,-0.147179093,0,0,1,0,0,0,0,0,0,0,0,1,0,0,1,0,0,0,0,0,0,0,0,0,0,0,0,0,0,1,0,0,0,1,0,0,1,0,0,5.1,630.0,600.35
216,216,0.481064146,-0.466368646,-0.50155737,-0.387094906,-0.49946256,-0.371513776,-0.439424045,0.01083912,-0.236827951,0,0,1,0,0,0,0,0,0,0,0,1,0,0,1,0,0,0,0,0,0,0,0,0,0,0,0,0,0,1,0,0,0,1,0,0,0,0,1,2.3,510.0,525.5
217,217,0.481064146,-0.466368646,-0.50155737,-0.387094906,-0.49946256,-0.371513776,-0.439424045,0.01083912,-0.235995363,0,0,1,0,0,0,0,0,0,0,0,1,0,0,1,0,0,0,0,0,0,0,0,0,0,0,0,0,0,1,0,0,0,1,0,0,0,0,1,3.0,550.0,580.5
218,218,0.481064146,-0.466368646,-0.50155737,-0.387094906,-0.49946256,-0.371513776,-0.439424045,0.01083912,-0.233913894,0,0,1,0,0,0,0,0,0,0,0,1,0,0,1,0,0,0,0,0,0,0,0,0,0,0,0,0,0,1,0,0,0,1,0,0,0,0,1,3.5,570.0,590.35
219,219,0.481064146,-0.466368646,-0.50155737,-0.387094906,-0.49946256,-0.371513776,-0.439424045,0.01083912,-0.229917474,0,0,1,0,0,0,0,0,0,0,0,1,0,0,1,0,0,0,0,0,0,0,0,0,0,0,0,0,0,1,0,0,0,1,0,0,0,0,1,4.0,590.0,594.35
220,220,0.481064146,-0.466368646,-0.50155737,-0.387094906,-0.49946256,-0.371513776,-0.439424045,0.01083912,-0.207479242,0,0,1,0,0,0,0,0,0,0,0,1,0,0,1,0,0,0,0,0,0,0,0,0,0,0,0,0,0,1,0,0,0,1,0,0,0,0,1,4.4,600.0,597.85
221,221,0.481064146,-0.466368646,-0.50155737,-0.387094906,-0.49946256,-0.371513776,-0.439424045,0.01083912,-0.181356809,0,0,1,0,0,0,0,0,0,0,0,1,0,0,1,0,0,0,0,0,0,0,0,0,0,0,0,0,0,1,0,0,0,1,0,0,0,0,1,4.5,600.0,600.35
222,222,0.481064146,-0.466368646,-0.50155737,-0.387094906,-0.49946256,-0.371513776,-0.439424045,0.219928055,-0.236682248,0,0,1,0,0,0,0,0,0,0,0,1,0,0,1,0,0,0,0,0,0,0,0,0,0,0,0,0,0,1,0,0,0,1,0,0,0,0,1,2.2,500.0,535.5
223,223,0.481064146,-0.466368646,-0.50155737,-0.387094906,-0.49946256,-0.371513776,-0.439424045,0.219928055,-0.235620699,0,0,1,0,0,0,0,0,0,0,0,1,0,0,1,0,0,0,0,0,0,0,0,0,0,0,0,0,0,1,0,0,0,1,0,0,0,0,1,2.8,545.0,562.25
224,224,0.481064146,-0.466368646,-0.50155737,-0.387094906,-0.49946256,-0.371513776,-0.439424045,0.219928055,-0.231832426,0,0,1,0,0,0,0,0,0,0,0,1,0,0,1,0,0,0,0,0,0,0,0,0,0,0,0,0,0,1,0,0,0,1,0,0,0,0,1,3.6,570.0,590.35
225,225,0.481064146,-0.466368646,-0.50155737,-0.387094906,-0.49946256,-0.371513776,-0.439424045,0.219928055,-0.21990561,0,0,1,0,0,0,0,0,0,0,0,1,0,0,1,0,0,0,0,0,0,0,0,0,0,0,0,0,0,1,0,0,0,1,0,0,0,0,1,4.3,600.0,597.85
226,226,0.481064146,-0.466368646,-0.50155737,-0.387094906,-0.49946256,-0.371513776,-0.439424045,0.219928055,-0.185686264,0,0,1,0,0,0,0,0,0,0,0,1,0,0,1,0,0,0,0,0,0,0,0,0,0,0,0,0,0,1,0,0,0,1,0,0,0,0,1,4.6,620.0,600.35
227,227,0.481064146,-0.466368646,-0.50155737,-0.387094906,-0.49946256,-0.371513776,-0.439424045,0.219928055,-0.126572553,0,0,1,0,0,0,0,0,0,0,0,1,0,0,1,0,0,0,0,0,0,0,0,0,0,0,0,0,0,1,0,0,0,1,0,0,0,0,1,4.9,620.0,600.35
228,228,0.481064146,-0.466368646,-0.50155737,-0.387094906,-0.49946256,-0.371513776,-0.439424045,5.968747225,-0.236765506,0,0,1,0,0,0,0,0,0,0,0,1,0,0,1,0,0,0,0,0,0,0,0,0,0,0,0,0,0,1,0,0,0,1,0,0,0,0,1,1.7,450.0,517.5
229,229,0.481064146,-0.466368646,-0.50155737,-0.387094906,-0.49946256,-0.371513776,-0.439424045,5.968747225,-0.233913894,0,0,1,0,0,0,0,0,0,0,0,1,0,0,1,0,0,0,0,0,0,0,0,0,0,0,0,0,0,1,0,0,0,1,0,0,0,0,1,2.5,530.0,574.25
230,230,0.481064146,-0.466368646,-0.50155737,-0.387094906,-0.49946256,-0.371513776,-0.439424045,5.968747225,-0.207125392,0,0,1,0,0,0,0,0,0,0,0,1,0,0,1,0,0,0,0,0,0,0,0,0,0,0,0,0,0,1,0,0,0,1,0,0,0,0,1,3.5,585.0,580.25
231,231,0.481064146,-0.466368646,-0.50155737,-0.387094906,-0.49946256,-0.371513776,-0.439424045,5.968747225,-0.181460883,0,0,1,0,0,0,0,0,0,0,0,1,0,0,1,0,0,0,0,0,0,0,0,0,0,0,0,0,0,1,0,0,0,1,0,0,0,0,1,3.7,590.0,580.25
232,232,0.481064146,-0.466368646,-0.50155737,-0.387094906,-0.49946256,-0.371513776,-0.439424045,5.968747225,-0.149156489,0,0,1,0,0,0,0,0,0,0,0,1,0,0,1,0,0,0,0,0,0,0,0,0,0,0,0,0,0,1,0,0,0,1,0,0,0,0,1,3.9,595.0,581.0
